nohup: ignoring input
Total reactions to modify: 67
LHS samples generated: (80, 67)
line: CO + #1 <-> CO#1                                       [  0.626   0.7300 ] 

new_line: CO + #1 <-> CO#1                                       [1.2295490742707542   0.73]
line: CO + #2 <-> CO#2                                       [  0.593   0.9100 ] 

new_line: CO + #2 <-> CO#2                                       [2.109235232483311   0.91]
line: H2 + #1 <-> H2#1                                       [  0.549   0.9500 ] 

new_line: H2 + #1 <-> H2#1                                       [2.1822880294915405   0.95]
line: H2#1 + #2 <-> H#1 + H#2                                [  0.430  -0.7100 ] 

new_line: H2#1 + #2 <-> H#1 + H#2                                [0.07597736481236508   -0.71]
line: H#2 + #1 <-> H#1 + #2                                  [     0   -0.6400 ] 

new_line: H#2 + #1 <-> H#1 + #2                                  [1.0750253513684562   -0.64]
line: CO#1 + H#1 <-> CHO#1 + #1                              [  0.620   0.5900 ] 

new_line: CO#1 + H#1 <-> CHO#1 + #1                              [0.7164451649356284   0.59]
line: CO#1 + H#1 <-> COH#1 + #1                              [  2.220   1.9400 ] 

new_line: CO#1 + H#1 <-> COH#1 + #1                              [1.9571776445657298   1.94]
line: CHO#1 + H#1 <-> CH2O#1 + #1                            [  0.290  -0.3200 ] 

new_line: CHO#1 + H#1 <-> CH2O#1 + #1                            [0.6735613358640671   -0.32]
line: CHO#1 + H#1 <-> CHOH#1 + #1                            [  1.42    0.4200 ] 

new_line: CHO#1 + H#1 <-> CHOH#1 + #1                            [1.485553864864396   0.42]
line: CH2O#1 + H#1 <-> CH3O#1 + #1                           [  0.850  -0.0100 ] 

new_line: CH2O#1 + H#1 <-> CH3O#1 + #1                           [1.2648379587673835   -0.01]
line: CH2O#1 + H#1 <-> CH2OH#1 + #1                          [  2.71    1.5800 ] 

new_line: CH2O#1 + H#1 <-> CH2OH#1 + #1                          [2.491138104504519   1.58]
line: COH#1 + H#1 <-> CHOH#1 + #1                            [  0.55   -0.9400 ] 

new_line: COH#1 + H#1 <-> CHOH#1 + #1                            [0.8610547227817658   -0.94]
line: CHOH#1 + H#1 <-> CH2OH#1 + #1                          [  1.66    0.8400 ] 

new_line: CHOH#1 + H#1 <-> CH2OH#1 + #1                          [1.9593990121162306   0.84]
line: CH2OH#1 + H#1 <-> CH3OH#1 + #1                         [  1.04    0.3100 ] 

new_line: CH2OH#1 + H#1 <-> CH3OH#1 + #1                         [0.949433135802171   0.31]
line: CH3O#1 + H#1 <-> CH3OH#1 + #1                          [  1.91    1.9100 ] 

new_line: CH3O#1 + H#1 <-> CH3OH#1 + #1                          [2.3613918631340285   1.91]
line: CH2O#1 <-> CH2O + #1                                   [  0.848   0.2200 ] 

new_line: CH2O#1 <-> CH2O + #1                                   [0.36526934784375387   0.22]
line: CH3OH#1 <-> CH3OH + #1                                 [ -0.79   -1.4200 ] 

new_line: CH3OH#1 <-> CH3OH + #1                                 [0.8493434934320858   -1.42]
line: CHO#1 + #1 <-> CH#1 + O#1                              [  0.22   -0.9300 ] 

new_line: CHO#1 + #1 <-> CH#1 + O#1                              [0.6525432380252258   -0.93]
line: CH2O#1 + #1 <-> CH2#1 + O#1                            [  1.08   -1.070  ] 

new_line: CH2O#1 + #1 <-> CH2#1 + O#1                            [0.020298230563919044   -1.07]
line: CH2O#1 + #2 <-> CH2#2 + O#1                            [  2.68    0.2900 ] 

new_line: CH2O#1 + #2 <-> CH2#2 + O#1                            [0.5196922900878288   0.29]
line: CHOH#1 + #1 <-> CH#1 + OH#1                            [  0.36   -1.1200 ] 

new_line: CHOH#1 + #1 <-> CH#1 + OH#1                            [0.20788209183406453   -1.12]
line: CH2OH#1 + #1 <-> CH2#1 + OH#1                          [  1.22   -2.4200 ] 

new_line: CH2OH#1 + #1 <-> CH2#1 + OH#1                          [1.0853924699022752   -2.42]
line: CH2OH#1 + #2 <-> CH2#2 + OH#1                          [  0.30   -1.0600 ] 

new_line: CH2OH#1 + #2 <-> CH2#2 + OH#1                          [1.084903098947442   -1.06]
line: CH3O#1 + #1 <-> CH3#1 + O#1                            [  1.83   -0.5400 ] 

new_line: CH3O#1 + #1 <-> CH3#1 + O#1                            [0.6577775697740201   -0.54]
line: CH3O#1 + #2 <-> CH3#2 + O#1                            [  1.77   -0.5300 ] 

new_line: CH3O#1 + #2 <-> CH3#2 + O#1                            [0.23472315845330388   -0.53]
line: CH3OH#1 + #1 <-> CH3#1 + OH#1                          [  0.53   -2.2200 ] 

new_line: CH3OH#1 + #1 <-> CH3#1 + OH#1                          [0.9342204407886697   -2.22]
line: CH3OH#1 + #2 <-> CH3#2 + OH#1                          [  0.74   -2.2100 ] 

new_line: CH3OH#1 + #2 <-> CH3#2 + OH#1                          [0.05322861834025104   -2.21]
line: CH#1 + H#1 <-> CH2#1 + #1                              [  0.94   -0.460  ] 

new_line: CH#1 + H#1 <-> CH2#1 + #1                              [0.5596987680109675   -0.46]
line: CH#1 + OH#1 <-> CH2#1 + O#1                            [  0.53   -0.6900 ] 

new_line: CH#1 + OH#1 <-> CH2#1 + O#1                            [0.0875453460958152   -0.69]
line: CH2#1 + H#1 <-> CH3#1 + #1                             [  1.57    0.51   ] 

new_line: CH2#1 + H#1 <-> CH3#1 + #1                             [1.7903893433066964   0.51]
line: CH2#2 + H#1 <-> CH3#2 + #1                             [  0.55   -0.84   ] 

new_line: CH2#2 + H#1 <-> CH3#2 + #1                             [0.5757311954023074   -0.84]
line: CH2#2 + OH#1 <->CH3#2 + O#1                            [  0.74   -1.07   ] 

new_line: CH2#2 + OH#1 <->CH3#2 + O#1                            [0.9829149077121921   -1.07]
line: CH2#1 + OH#1 <->CH3#1 + O#1                            [  0.87    0.28   ] 

new_line: CH2#1 + OH#1 <->CH3#1 + O#1                            [0.8270152676722591   0.28]
line: CH3#2 + H#2 <-> CH4 + #2 + #2                          [  1.15   -1.710  ] 

new_line: CH3#2 + H#2 <-> CH4 + #2 + #2                          [0.5678751019442708   -1.71]
line: CH3#2 + OH#1 <-> CH4 + #2 + O#1                        [  0.75   -1.30   ] 

new_line: CH3#2 + OH#1 <-> CH4 + #2 + O#1                        [1.2811775590113812   -1.3]
line: CH3#2 + H#1 <-> CH4 + #1 + #2                          [  1.27   -1.07   ] 

new_line: CH3#2 + H#1 <-> CH4 + #1 + #2                          [0.35509127520491085   -1.07]
line: CH3#1 + H#2 <-> CH4 + #1 + #2                          [  1.11   -1.70   ] 

new_line: CH3#1 + H#2 <-> CH4 + #1 + #2                          [0.7969050040649854   -1.7]
line: CH3#1 + H#1 <-> CH4 + #1+ #1                           [  1.68   -1.06   ] 

new_line: CH3#1 + H#1 <-> CH4 + #1+ #1                           [0.538201097759698   -1.06]
line: CH3#1 + OH#1 <-> CH4 + #1+ O#1                         [  0.79   -1.29   ] 

new_line: CH3#1 + OH#1 <-> CH4 + #1+ O#1                         [1.0616847612576843   -1.29]
line: CHO#1 + CO#1 <-> CH#1 + CO2#1                          [  1.14   -0.6300 ] 

new_line: CHO#1 + CO#1 <-> CH#1 + CO2#1                          [0.15226240130866825   -0.63]
line: CH2O#1 + CO#1 <-> CH2#1 + CO2#1                        [  1.930  -0.7800 ] 

new_line: CH2O#1 + CO#1 <-> CH2#1 + CO2#1                        [1.3732272255253783   -0.78]
line: CH3O#1 + CO#1 <-> CH3#1 + CO2#1                        [  2.59   -0.2500 ] 

new_line: CH3O#1 + CO#1 <-> CH3#1 + CO2#1                        [0.14560183791660847   -0.25]
line: CHO#1 + CO#2 <-> CH#1 + CO2#2                          [  2.35    0.3100 ] 

new_line: CHO#1 + CO#2 <-> CH#1 + CO2#2                          [1.5526702244401585   0.31]
line: CH2O#1 + CO#2 <-> CH2#1 + CO2#2                        [  2.55    0.1700 ] 

new_line: CH2O#1 + CO#2 <-> CH2#1 + CO2#2                        [1.2328598167058538   0.17]
line: CH3O#1 + CO#2 <-> CH3#1 + CO2#2                        [  3.32    0.7000 ] 

new_line: CH3O#1 + CO#2 <-> CH3#1 + CO2#2                        [1.7982436044631658   0.7]
line: CH2#1 + CO#2 <-> CH2CO#1 + #2                          [  0.50    0.2800 ] 

new_line: CH2#1 + CO#2 <-> CH2CO#1 + #2                          [0.2834857575103784   0.28]
line:224783
 CH2#1 + CO#1 <-> CH2CO#1 + #1                          [  0.88    0.4600 ] 

new_line: CH2#1 + CO#1 <-> CH2CO#1 + #1                          [1.4068616869513897   0.46]
line: CH2#2 + CO#2 <-> CH2CO#2 +#2                           [  0.20   -0.6300 ] 

new_line: CH2#2 + CO#2 <-> CH2CO#2 +#2                           [0.0968302845009121   -0.63]
line: CH3#1 + CO#2 <-> CH3CO#1 + #2                          [  0.62    0.5000 ] 

new_line: CH3#1 + CO#2 <-> CH3CO#1 + #2                          [1.110790037053122   0.5]
line: CH3#1 + CO#1 <-> CH3CO#1 + #1                          [  0.97    0.6700 ] 

new_line: CH3#1 + CO#1 <-> CH3CO#1 + #1                          [1.699983472867189   0.67]
line: CH3#2 + CO#2 <-> CH3CO#2 +#2                           [  0.53   -0.1000 ] 

new_line: CH3#2 + CO#2 <-> CH3CO#2 +#2                           [0.9722134020967141   -0.1]
line: CH3CO#1 + #1 <-> CH2CO#1 + H#1                         [  0.21   -0.7300 ] 

new_line: CH3CO#1 + #1 <-> CH2CO#1 + H#1                         [0.14814339572952298   -0.73]
line: CH3CO#1 + O#1 <-> CH2CO#1 + OH#1                       [  0.00   -0.4000 ] 

new_line: CH3CO#1 + O#1 <-> CH2CO#1 + OH#1                       [0.16094386575949368   -0.4]
line: CH3CO#2 + #1 <-> CH2CO#2 + H#1                         [  1.89    0.3200 ] 

new_line: CH3CO#2 + #1 <-> CH2CO#2 + H#1                         [0.3824997376571893   0.32]
line: CH3CO#2 + O#1 <-> CH2CO#2 + OH#1                       [  2.31    0.5400 ] 

new_line: CH3CO#2 + O#1 <-> CH2CO#2 + OH#1                       [2.0271427142742025   0.54]
line: CH2CO#1 <-> CH2CO + #1                                 [ -0.093  -0.730  ] 

new_line: CH2CO#1 <-> CH2CO + #1                                 [1.2717357297148237   -0.73]
line: CH2CO#2 <-> CH2CO + #2                                 [ -0.575  -1.180  ] 

new_line: CH2CO#2 <-> CH2CO + #2                                 [1.1540062405926643   -1.18]
line: CO#2 + O#1 <-> CO2#1 + #2                              [  0.15    0.1200 ] 

new_line: CO#2 + O#1 <-> CO2#1 + #2                              [0.1297458435972068   0.12]
line: CO#2 + OH#1 <-> COOH#2 +#1                             [  1.7800  1.4800 ] 

new_line: CO#2 + OH#1 <-> COOH#2 +#1                             [2.346838702205262   1.48]
line: COOH#2 + O#1 <-> CO2#2 + OH#1                          [  0.280  -0.2400 ] 

new_line: COOH#2 + O#1 <-> CO2#2 + OH#1                          [1.404805799413443   -0.24]
line: COOH#2 + #1 <-> CO2#2 + H#1                            [  3.73   -0.4700 ] 

new_line: COOH#2 + #1 <-> CO2#2 + H#1                            [1.4955710595976142   -0.47]
line: H#1 + OH#1 <-> H2O#1 + #1                              [  1.89    1.8900 ] 

new_line: H#1 + OH#1 <-> H2O#1 + #1                              [3.3421174055640535   1.89]
line: OH#1 + OH#1 <-> H2O#1 + O#1                            [  1.600   1.6400 ] 

new_line: OH#1 + OH#1 <-> H2O#1 + O#1                            [2.5411092416648886   1.64]
line: H#2 + OH#1 <-> H2O#1 + #2                              [  1.96    1.2300 ] 

new_line: H#2 + OH#1 <-> H2O#1 + #2                              [1.3533788930386046   1.23]
line: CO2#1 <-> CO2 + #1                                     [  0.329  -0.3100 ] 

new_line: CO2#1 <-> CO2 + #1                                     [0.7158978532788628   -0.31]
line: CO2#2 <-> CO2 + #2                                     [ -0.824  -1.4300 ] 

new_line: CO2#2 <-> CO2 + #2                                     [0.2256078696636759   -1.43]
line: H2O#1 <-> H2O + #1                                     [ -0.227  -0.8400 ] 

new_line: H2O#1 <-> H2O + #1                                     [0.8986801984599435   -0.84]
wait
R
R
R
R
R
R
R
R
R
Run log in the file : /home/hxyang/my_Code/matlab_NN/test_sasian/test_new/test_67/1.5/result_1/log1
last_line: Run log in the file : /home/hxyang/my_Code/matlab_NN/test_sasian/test_new/test_67/1.5/result_1/log1 log_n 1
line: CO + #1 <-> CO#1                                       [  0.626   0.7300 ] 

new_line: CO + #1 <-> CO#1                                       [2.125231605048095   0.73]
line: CO + #2 <-> CO#2                                       [  0.593   0.9100 ] 

new_line: CO + #2 <-> CO#2                                       [0.9831653033899401   0.91]
line: H2 + #1 <-> H2#1                                       [  0.549   0.9500 ] 

new_line: H2 + #1 <-> H2#1                                       [2.3532596447180376   0.95]
line: H2#1 + #2 <-> H#1 + H#2                                [  0.430  -0.7100 ] 

new_line: H2#1 + #2 <-> H#1 + H#2                                [0.32778126571872523   -0.71]
line: H#2 + #1 <-> H#1 + #2                                  [     0   -0.6400 ] 

new_line: H#2 + #1 <-> H#1 + #2                                  [1.376088665706065   -0.64]
line: CO#1 + H#1 <-> CHO#1 + #1                              [  0.620   0.5900 ] 

new_line: CO#1 + H#1 <-> CHO#1 + #1                              [0.7325753896363901   0.59]
line: CO#1 + H#1 <-> COH#1 + #1                              [  2.220   1.9400 ] 

new_line: CO#1 + H#1 <-> COH#1 + #1                              [3.3293982797555337   1.94]
line: CHO#1 + H#1 <-> CH2O#1 + #1                            [  0.290  -0.3200 ] 

new_line: CHO#1 + H#1 <-> CH2O#1 + #1                            [0.18778256803181312   -0.32]
line: CHO#1 + H#1 <-> CHOH#1 + #1                            [  1.42    0.4200 ] 

new_line: CHO#1 + H#1 <-> CHOH#1 + #1                            [1.0692913417645673   0.42]
line: CH2O#1 + H#1 <-> CH3O#1 + #1                           [  0.850  -0.0100 ] 

new_line: CH2O#1 + H#1 <-> CH3O#1 + #1                           [0.3645636543152036   -0.01]
line: CH2O#1 + H#1 <-> CH2OH#1 + #1                          [  2.71    1.5800 ] 

new_line: CH2O#1 + H#1 <-> CH2OH#1 + #1                          [2.5461859612982196   1.58]
line: COH#1 + H#1 <-> CHOH#1 + #1                            [  0.55   -0.9400 ] 

new_line: COH#1 + H#1 <-> CHOH#1 + #1                            [0.015369975741988135   -0.94]
line: CHOH#1 + H#1 <-> CH2OH#1 + #1                          [  1.66    0.8400 ] 

new_line: CHOH#1 + H#1 <-> CH2OH#1 + #1                          [1.1180844256142637   0.84]
line: CH2OH#1 + H#1 <-> CH3OH#1 + #1                         [  1.04    0.3100 ] 

new_line: CH2OH#1 + H#1 <-> CH3OH#1 + #1                         [0.7872952129567701   0.31]
line: CH3O#1 + H#1 <-> CH3OH#1 + #1                          [  1.91    1.9100 ] 

new_line: CH3O#1 + H#1 <-> CH3OH#1 + #1                          [2.446030305491111   1.91]
line: CH2O#1 <-> CH2O + #1                                   [  0.848   0.2200 ] 

new_line: CH2O#1 <-> CH2O + #1                                   [1.1679166732749673   0.22]
line: CH3OH#1 <-> CH3OH + #1                                 [ -0.79   -1.4200 ] 

new_line: CH3OH#1 <-> CH3OH + #1                                 [0.4843818495857059   -1.42]
line: CHO#1 + #1 <-> CH#1 + O#1                              [  0.22   -0.9300 ] 

new_line: CHO#1 + #1 <-> CH#1 + O#1                              [0.028098871881739623   -0.93]
line: CH2O#1 + #1 <-> CH2#1 + O#1                            [  1.08   -1.070  ] 

new_line: CH2O#1 + #1 <-> CH2#1 + O#1                            [0.8745992292499203   -1.07]
line: CH2O#1 + #2 <-> CH2#2 + O#1                            [  2.68    0.2900 ] 

new_line: CH2O#1 + #2 <-> CH2#2 + O#1                            [1.3715051550722406   0.29]
line: CHOH#1 + #1 <-> CH#1 + OH#1                            [  0.36   -1.1200 ] 

new_line: CHOH#1 + #1 <-> CH#1 + OH#1                            [0.8531629407169999   -1.12]
line: CH2OH#1 + #1 <-> CH2#1 + OH#1                          [  1.22   -2.4200 ] 

new_line: CH2OH#1 + #1 <-> CH2#1 + OH#1                          [0.2942820388443499   -2.42]
line: CH2OH#1 + #2 <-> CH2#2 + OH#1                          [  0.30   -1.0600 ] 

new_line: CH2OH#1 + #2 <-> CH2#2 + OH#1                          [0.9349540016571293   -1.06]
line: CH3O#1 + #1 <-> CH3#1 + O#1                            [  1.83   -0.5400 ] 

new_line: CH3O#1 + #1 <-> CH3#1 + O#1                            [1.3851506375169462   -0.54]
line: 224784
CH3O#1 + #2 <-> CH3#2 + O#1                            [  1.77   -0.5300 ] 

new_line: CH3O#1 + #2 <-> CH3#2 + O#1                            [0.9776342486705991   -0.53]
line: CH3OH#1 + #1 <-> CH3#1 + OH#1                          [  0.53   -2.2200 ] 

new_line: CH3OH#1 + #1 <-> CH3#1 + OH#1                          [1.0752173696096219   -2.22]
line: CH3OH#1 + #2 <-> CH3#2 + OH#1                          [  0.74   -2.2100 ] 

new_line: CH3OH#1 + #2 <-> CH3#2 + OH#1                          [0.032255876255598295   -2.21]
line: CH#1 + H#1 <-> CH2#1 + #1                              [  0.94   -0.460  ] 

new_line: CH#1 + H#1 <-> CH2#1 + #1                              [1.2678556835533104   -0.46]
line: CH#1 + OH#1 <-> CH2#1 + O#1                            [  0.53   -0.6900 ] 

new_line: CH#1 + OH#1 <-> CH2#1 + O#1                            [0.0585149722227053   -0.69]
line: CH2#1 + H#1 <-> CH3#1 + #1                             [  1.57    0.51   ] 

new_line: CH2#1 + H#1 <-> CH3#1 + #1                             [1.4009227401061835   0.51]
line: CH2#2 + H#1 <-> CH3#2 + #1                             [  0.55   -0.84   ] 

new_line: CH2#2 + H#1 <-> CH3#2 + #1                             [0.7629215854624225   -0.84]
line: CH2#2 + OH#1 <->CH3#2 + O#1                            [  0.74   -1.07   ] 

new_line: CH2#2 + OH#1 <->CH3#2 + O#1                            [1.3695417239336625   -1.07]
line: CH2#1 + OH#1 <->CH3#1 + O#1                            [  0.87    0.28   ] 

new_line: CH2#1 + OH#1 <->CH3#1 + O#1                            [0.3840473202920074   0.28]
line: CH3#2 + H#2 <-> CH4 + #2 + #2                          [  1.15   -1.710  ] 

new_line: CH3#2 + H#2 <-> CH4 + #2 + #2                          [0.9938064983965704   -1.71]
line: CH3#2 + OH#1 <-> CH4 + #2 + O#1                        [  0.75   -1.30   ] 

new_line: CH3#2 + OH#1 <-> CH4 + #2 + O#1                        [0.4267290572330152   -1.3]
line: CH3#2 + H#1 <-> CH4 + #1 + #2                          [  1.27   -1.07   ] 

new_line: CH3#2 + H#1 <-> CH4 + #1 + #2                          [1.271777213094245   -1.07]
line: CH3#1 + H#2 <-> CH4 + #1 + #2                          [  1.11   -1.70   ] 

new_line: CH3#1 + H#2 <-> CH4 + #1 + #2                          [0.9686809686678368   -1.7]
line: CH3#1 + H#1 <-> CH4 + #1+ #1                           [  1.68   -1.06   ] 

new_line: CH3#1 + H#1 <-> CH4 + #1+ #1                           [1.395603116075593   -1.06]
line: CH3#1 + OH#1 <-> CH4 + #1+ O#1                         [  0.79   -1.29   ] 

new_line: CH3#1 + OH#1 <-> CH4 + #1+ O#1                         [0.8525568135023818   -1.29]
line: CHO#1 + CO#1 <-> CH#1 + CO2#1                          [  1.14   -0.6300 ] 

new_line: CHO#1 + CO#1 <-> CH#1 + CO2#1                          [0.5978405115101373   -0.63]
line: CH2O#1 + CO#1 <-> CH2#1 + CO2#1                        [  1.930  -0.7800 ] 

new_line: CH2O#1 + CO#1 <-> CH2#1 + CO2#1                        [0.9886413184136236   -0.78]
line: CH3O#1 + CO#1 <-> CH3#1 + CO2#1                        [  2.59   -0.2500 ] 

new_line: CH3O#1 + CO#1 <-> CH3#1 + CO2#1                        [0.6810363581860122   -0.25]
line: CHO#1 + CO#2 <-> CH#1 + CO2#2                          [  2.35    0.3100 ] 

new_line: CHO#1 + CO#2 <-> CH#1 + CO2#2                          [1.4227149488953856   0.31]
line: CH2O#1 + CO#2 <-> CH2#1 + CO2#2                        [  2.55    0.1700 ] 

new_line: CH2O#1 + CO#2 <-> CH2#1 + CO2#2                        [0.5115624236216894   0.17]
line: CH3O#1 + CO#2 <-> CH3#1 + CO2#2                        [  3.32    0.7000 ] 

new_line: CH3O#1 + CO#2 <-> CH3#1 + CO2#2                        [1.4354625727713377   0.7]
line: CH2#1 + CO#2 <-> CH2CO#1 + #2                          [  0.50    0.2800 ] 

new_line: CH2#1 + CO#2 <-> CH2CO#1 + #2                          [1.0073746606653549   0.28]
line: CH2#1 + CO#1 <-> CH2CO#1 + #1                          [  0.88    0.4600 ] 

new_line: CH2#1 + CO#1 <-> CH2CO#1 + #1                          [1.6243765716294767   0.46]
line: CH2#2 + CO#2 <-> CH2CO#2 +#2                           [  0.20   -0.6300 ] 

new_line: CH2#2 + CO#2 <-> CH2CO#2 +#2                           [0.5585062677292372   -0.63]
line: CH3#1 + CO#2 <-> CH3CO#1 + #2                          [  0.62    0.5000 ] 

new_line: CH3#1 + CO#2 <-> CH3CO#1 + #2                          [1.3869202428662166   0.5]
line: CH3#1 + CO#1 <-> CH3CO#1 + #1                          [  0.97    0.6700 ] 

new_line: CH3#1 + CO#1 <-> CH3CO#1 + #1                          [1.0402012673522538   0.67]
line: CH3#2 + CO#2 <-> CH3CO#2 +#2                           [  0.53   -0.1000 ] 

new_line: CH3#2 + CO#2 <-> CH3CO#2 +#2                           [0.7958721505741132   -0.1]
line: CH3CO#1 + #1 <-> CH2CO#1 + H#1                         [  0.21   -0.7300 ] 

new_line: CH3CO#1 + #1 <-> CH2CO#1 + H#1                         [0.39833264207004154   -0.73]
line: CH3CO#1 + O#1 <-> CH2CO#1 + OH#1                       [  0.00   -0.4000 ] 

new_line: CH3CO#1 + O#1 <-> CH2CO#1 + OH#1                       [1.0531248117139422   -0.4]
line: CH3CO#2 + #1 <-> CH2CO#2 + H#1                         [  1.89    0.3200 ] 

new_line: CH3CO#2 + #1 <-> CH2CO#2 + H#1                         [0.9741495536324749   0.32]
line: CH3CO#2 + O#1 <-> CH2CO#2 + OH#1                       [  2.31    0.5400 ] 

new_line: CH3CO#2 + O#1 <-> CH2CO#2 + OH#1                       [0.984628667655508   0.54]
line: CH2CO#1 <-> CH2CO + #1                                 [ -0.093  -0.730  ] 

new_line: CH2CO#1 <-> CH2CO + #1                                 [0.9403176108874751   -0.73]
line: CH2CO#2 <-> CH2CO + #2                                 [ -0.575  -1.180  ] 

new_line: CH2CO#2 <-> CH2CO + #2                                 [0.020225983453419936   -1.18]
line: CO#2 + O#1 <-> CO2#1 + #2                              [  0.15    0.1200 ] 

new_line: CO#2 + O#1 <-> CO2#1 + #2                              [0.6048222354287749   0.12]
line: CO#2 + OH#1 <-> COOH#2 +#1                             [  1.7800  1.4800 ] 

new_line: CO#2 + OH#1 <-> COOH#2 +#1                             [1.8577674878047976   1.48]
line: COOH#2 + O#1 <-> CO2#2 + OH#1                          [  0.280  -0.2400 ] 

new_line: COOH#2 + O#1 <-> CO2#2 + OH#1                          [0.800547401151509   -0.24]
line: COOH#2 + #1 <-> CO2#2 + H#1                            [  3.73   -0.4700 ] 

new_line: COOH#2 + #1 <-> CO2#2 + H#1                            [1.471061177721924   -0.47]
line: H#1 + OH#1 <-> H2O#1 + #1                              [  1.89    1.8900 ] 

new_line: H#1 + OH#1 <-> H2O#1 + #1                              [2.2147285472762546   1.89]
line: OH#1 + OH#1 <-> H2O#1 + O#1                            [  1.600   1.6400 ] 

new_line: OH#1 + OH#1 <-> H2O#1 + O#1                            [2.1017889850333495   1.64]
line: H#2 + OH#1 <-> H2O#1 + #2                              [  1.96    1.2300 ] 

new_line: H#2 + OH#1 <-> H2O#1 + #2                              [2.5012802720001965   1.23]
line: CO2#1 <-> CO2 + #1                                     [  0.329  -0.3100 ] 

new_line: CO2#1 <-> CO2 + #1                                     [0.32753399855345555   -0.31]
line: CO2#2 <-> CO2 + #2                                     [ -0.824  -1.4300 ] 

new_line: CO2#2 <-> CO2 + #2                                     [0.9219380167223878   -1.43]
line: H2O#1 <-> H2O + #1                                     [ -0.227  -0.8400 ] 

new_line: H2O#1 <-> H2O + #1                                     [0.23528724393779038   -0.84]
wait
C
R
C
R
C
R
C
R
C
R
C
R
C
R
R
R
R
Run log in the file : /home/hxyang/my_Code/matlab_NN/test_sasian/test_new/test_67/1.5/result_1/log2
last_line: Run log in the file : /home/hxyang/my_Code/matlab_NN/test_sasian/test_new/test_67/1.5/result_1/log2 log_n 2
line: CO + #1 <-> CO#1                                       [  0.626   0.7300 ] 

new_line: CO + #1 <-> CO#1                                       [1.4010615299587799   0.73]
line: CO + #2 <-> CO#2                                       [  0.593   0.9100 ] 

new_line: CO + #2 <-> CO#2                                       [1.7986101241619366   0.91]
line: H2 + #1 <-> H2#1                                       [  0.549   0.9500 ] 

new_line: H2 + #1 <-> H2#1                                       [2.0626389089798027   0.95]
line: H2#1 + #2 <-> H#1 + H#2                                [  0.430  -0.7100 ] 

new_line: H2#1 + #2 <-> H#1 + H#2                                [0.05317420868009537   -0.71]
line: H#2 + #1 <-> H#1 + #2                                  [     0   -0.6400 ] 

new_line: H#2 + #1 <-> H#1 + #2                                  [1.1422922419498978   -0.64]
line: CO#1 + H#1 <-> CHO#1 + #1                              [  0.620   0.5900 ] 

new_line: CO#1 + H#1 <-> CHO#1 + #1                              [1.5840088108802073   0.59]
line: CO#1 + H#1 <-> COH#1 + #1                              [  2.220   1.9400 ] 

new_line: CO#1 + H#1 <-> COH#1 + #1                              [2.2743106862563636   1.94]
line: CHO#1 + H#1 <-> CH2O#1 + #1                            [  0.290  -0.3200 ] 

new_line: CHO#1 + H#1 <-> CH2O#1 + #1                            [0.2994772160923391   -0.32]
line: CHO#1 + H#1 <-> CHOH#1 + #1                            [  1.42    0.4200 ] 

new_line: CHO#1 + H#1 <-> CHOH#1 + #1                            [1.740859190404727   0.42]
line: CH2O#1 + H#1 <-> CH3O#1 + #1                           [  0.850  -0.0100 ] 

new_line: CH2O#1 + H#1 <-> CH3O#1 + #1                           [0.12227605590521626   -0.01]
line: CH2O#1 + H#1 <-> CH2OH#1 + #1                          [  2.71    1.5800 ] 

new_line: CH2O#1 + H#1 <-> CH2OH#1 + #1                          [3.0205647116343948   1.58]
line: COH#1 + H#1 <-> CHOH#1 + #1                            [  0.55   -0.9400 ] 

new_line: COH#1 + H#1 <-> CHOH#1 + #1                            [1.0228546618552223   -0.94]
line: CHOH#1 + H#1 <-> CH2OH#1 + #1                          [  1.66    0.8400 ] 

new_line: CHOH#1 + H#1 <-> CH2OH#1 + #1                          [1.3658442704250464   0.84]
line: CH2OH#1 + H#1 <-> CH3OH#1 + #1                         [  1.04    0.3100 ] 

new_line: CH2OH#1 + H#1 <-> CH3OH#1 + #1                         [1.7590604738022795   0.31]
line: CH3O#1 + H#1 <-> CH3OH#1 + #1                          [  1.91    1.9100 ] 

new_line: CH3O#1 + H#1 <-> CH3OH#1 + #1                          [2.850906835537315   1.91]
line: CH2O#1 <-> CH2O + #1                                   [  0.848   0.2200 ] 

new_line: CH2O#1 <-> CH2O + #1                                   [0.9831109493884242   0.22]
line: CH3OH#1 <-> CH3OH + #1                                 [ -0.79   -1.4200 ] 

new_line: CH3OH#1 <-> CH3OH + #1                                 [1.0468452702443327   -1.42]
line: CHO#1 + #1 <-> CH#1 + O#1                              [  0.22   -0.9300 ] 

new_line: CHO#1 + #1 <-> CH#1 + O#1                              [1.0243913725314462   -0.93]
line: CH2O#1 + #1 <-> CH2#1 + O#1                            [  1.08   -1.070  ] 

new_line: CH2O#1 + #1 <-> CH2#1 + O#1                            [1.487385223881292   -1.07]
line: CH2O#1 + #2 <-> CH2#2 + O#1                            [  2.68    0.2900 ] 

new_line: CH2O#1 + #2 <-> CH2#2 + O#1                            [0.38627346256281236   0.29]
line: CHOH#1 + #1 <-> CH#1 + OH#1                            [  0.36   -1.1200 ] 

new_line: CHOH#1 + #1 <-> CH#1 + OH#1                            [0.6512217195365686   -1.12]
line: CH2OH#1 + #1 <-> CH2#1 + OH#1                          [  1.22   -2.4200 ] 

new_line: CH2OH#1 + #1 <-> CH2#1 + OH#1                          [1.2926315813163867   -2.42]
line: CH2OH#1 + #2 <-> CH2#2 + OH#1                          [  0.30   -1.0600 ] 

new_line: CH2OH#1 + #2 <-> CH2#2 + OH#1                          [1.1533170140587914   -1.06]
line: CH3O#1 + #1 <-> CH3#1 + O#1                            [  1.83   -0.5400 ] 

new_line: CH3O#1 + #1 <-> CH3#1 + O#1                            [0.21329597466646083   -0.54]
line: CH3O#1 + #2 <-> CH3#2 + O#1                            [  1.77   -0.5300 ] 

new_line: CH3O#1 + #2 <-> CH3#2 + O#1                            [1.182328833393946   -0.53]
line: CH3OH#1 + #1 <-> CH3#1 + OH#1                          [  0.53   -2.2200 ] 

new_line: CH3OH#1 + #1 <-> CH3#1 + OH#1                          [0.48068682692770753   -2.22]
line: CH3OH#1 + #2 <-> CH3#2 + OH#1                          [  0.74   -2.2100 ] 

new_line: CH3OH#1 + #2 <-> CH3#2 + OH#1                          [0.7337024140941348   -2.21]
line: CH#1 + H#1 <-> CH2#1 + #1                              [  0.94   -0.460  ] 

new_line: CH#1 + H#1 <-> CH2#1 + #1                              [1.1760704286210157   -0.46]
line: CH#1 + OH#1 <-> CH2#1 + O#1                            [  0.53   -0.6900 ] 

new_line: CH#1 + OH#1 <-> CH2#1 + O#1                            [1.1087948203677138   -0.69]
line: CH2#1 + H#1 <-> CH3#1 + #1                             [  1.57    0.51   ] 

new_line: CH2#1 + H#1 <-> CH3#1 + #1                             [1.1147596067179069   0.51]
line: CH2#2 + H#1 <-> CH3#2 + #1                             [  0.55   -0.84   ] 

new_line: CH2#2 + H#1 <-> CH3#2 + #1                             [1.2395050845399072   -0.84]
line: CH2#2 + OH#1 <->CH3#2 + O#1                            [  0.74   -1.07   ] 

new_line: CH2#2 + OH#1 <->CH3#2 + O#1                            [0.04465473392984604   -1.07]
line: CH2#1 + OH#1 <->CH3#1 + O#1                            [  0.87    0.28   ] 

new_line: CH2#1 + OH#1 <->CH3#1 + O#1                            [0.7513135085082803   0.28]
line: CH3#2 + H#2 <-> CH4 + #2 + #2                          [  1.15   -1.710  ] 

new_line: CH3#2 + H#2 <-> CH4 + #2 + #2                          [0.3564660381818754   -1.71]
line: CH3#2 + OH#1 <-> CH4 + #2 + O#1                        [  0.75   -1.30   ] 

new_line: CH3#2 + OH#1 <-> CH4 + #2 + O#1                        [0.9571964213182154   -1.3]
line: CH3#2 + H#1 <-> CH4 + #1 + #2                          [  1.27   -1.07   ] 

new_line: CH3#2 + H#1 <-> CH4 + #1 + #2                          [0.22846011276320272   -1.07]
line: CH3#1 + H#2 <-> CH4 + #1 + #2                          [  1.11   -1.70   ] 

new_line: CH3#1 + H#2 <-> CH4 + #1 + #2                          [0.34031668543028565   -1.7]
line: CH3#1 + H#1 <-> CH4 + #1+ #1                           [  1.68   -1.06   ] 

new_line: CH3#1 + H#1 <-> CH4 + #1+ #1                           [1.2843863106328754   -1.06]
line: CH3#1 + OH#1 <-> CH4 + #1+ O#1                         [  0.79   -1.29   ] 

new_line: CH3#1 + OH#1 <-> CH4 + #1+ O#1                         [0.11528265225902548   -1.29]
line: CHO#1 + CO#1 <-> CH#1 + CO2#1                          [  1.14   -0.6300 ] 

new_line: CHO#1 + CO#1 <-> CH#1 + CO2#1                          [0.5682177396190015   -0.63]
line: CH2O#1 + CO#1 <-> CH2#1 + CO2#1                        [  1.930  -0.7800 ] 

new_line: CH2O#1 + CO#1 <-> CH2#1 + CO2#1                        [1.056082377100867   -0.78]
line: CH3O#1 + CO#1 <-> CH3#1 + CO2#1                        [  2.59   -0.2500 ] 

new_line: CH3O#1 + CO#1 <-> CH3#1 + CO2#1                        [1.0980293496948665   -0.25]
line: CHO#1 + CO#2 <-> CH#1 + CO2#2                          [  2.35    0.3100 ] 

new_line: CHO#1 + CO#2 <-> CH#1 + CO2#2                          [1.1827677644688837   0.31]
line: CH2O#1 + CO#2 <-> CH2#1 + CO2#2                        [  2.55    0.1700 ] 

new_line: CH2O#1 + CO#2 <-> CH2#1 + CO2#2                        [1.093049491859446   0.17]
line: CH3O#1 + CO#2 <-> CH3#1 + CO2#2                        [  3.32    0.7000 ] 

new_line: CH3O#1 + CO#2 <-> CH3#1 + CO2#2                        [1.4074276911494352   0.7]
line: CH2#1 + CO#2 <-> CH2CO#1 + #2                          [  0.50    0.2800 ] 

new_line: CH2#1 + CO#2 <-> CH2CO#1 + #2                          [1.3912990066010955   0.28]
line: CH2#1 + CO#1 <-> CH2CO#1 + #1                          [  0.88    0.4600 ] 

new_line: CH2#1 + CO#1 <-> CH2CO#1 + #1                          [0.8756147146143394   0.46]
line: CH2#2 + CO#2 <-> CH2CO#2 +#2                           [  0.20   -0.6300 ] 

new_line: 224785
CH2#2 + CO#2 <-> CH2CO#2 +#2                           [0.8893908011010059   -0.63]
line: CH3#1 + CO#2 <-> CH3CO#1 + #2                          [  0.62    0.5000 ] 

new_line: CH3#1 + CO#2 <-> CH3CO#1 + #2                          [1.9028844089694854   0.5]
line: CH3#1 + CO#1 <-> CH3CO#1 + #1                          [  0.97    0.6700 ] 

new_line: CH3#1 + CO#1 <-> CH3CO#1 + #1                          [1.3722993504771017   0.67]
line: CH3#2 + CO#2 <-> CH3CO#2 +#2                           [  0.53   -0.1000 ] 

new_line: CH3#2 + CO#2 <-> CH3CO#2 +#2                           [1.4017330278059983   -0.1]
line: CH3CO#1 + #1 <-> CH2CO#1 + H#1                         [  0.21   -0.7300 ] 

new_line: CH3CO#1 + #1 <-> CH2CO#1 + H#1                         [0.740566900023398   -0.73]
line: CH3CO#1 + O#1 <-> CH2CO#1 + OH#1                       [  0.00   -0.4000 ] 

new_line: CH3CO#1 + O#1 <-> CH2CO#1 + OH#1                       [1.1072907313015963   -0.4]
line: CH3CO#2 + #1 <-> CH2CO#2 + H#1                         [  1.89    0.3200 ] 

new_line: CH3CO#2 + #1 <-> CH2CO#2 + H#1                         [0.7190110512976102   0.32]
line: CH3CO#2 + O#1 <-> CH2CO#2 + OH#1                       [  2.31    0.5400 ] 

new_line: CH3CO#2 + O#1 <-> CH2CO#2 + OH#1                       [0.9690871683159525   0.54]
line: CH2CO#1 <-> CH2CO + #1                                 [ -0.093  -0.730  ] 

new_line: CH2CO#1 <-> CH2CO + #1                                 [1.4090867339228286   -0.73]
line: CH2CO#2 <-> CH2CO + #2                                 [ -0.575  -1.180  ] 

new_line: CH2CO#2 <-> CH2CO + #2                                 [0.33888058551483363   -1.18]
line: CO#2 + O#1 <-> CO2#1 + #2                              [  0.15    0.1200 ] 

new_line: CO#2 + O#1 <-> CO2#1 + #2                              [0.30529562712784575   0.12]
line: CO#2 + OH#1 <-> COOH#2 +#1                             [  1.7800  1.4800 ] 

new_line: CO#2 + OH#1 <-> COOH#2 +#1                             [2.3020365283351696   1.48]
line: COOH#2 + O#1 <-> CO2#2 + OH#1                          [  0.280  -0.2400 ] 

new_line: COOH#2 + O#1 <-> CO2#2 + OH#1                          [1.3742013284613597   -0.24]
line: COOH#2 + #1 <-> CO2#2 + H#1                            [  3.73   -0.4700 ] 

new_line: COOH#2 + #1 <-> CO2#2 + H#1                            [0.6296011511324199   -0.47]
line: H#1 + OH#1 <-> H2O#1 + #1                              [  1.89    1.8900 ] 

new_line: H#1 + OH#1 <-> H2O#1 + #1                              [2.7937281234273614   1.89]
line: OH#1 + OH#1 <-> H2O#1 + O#1                            [  1.600   1.6400 ] 

new_line: OH#1 + OH#1 <-> H2O#1 + O#1                            [2.1910579465549556   1.64]
line: H#2 + OH#1 <-> H2O#1 + #2                              [  1.96    1.2300 ] 

new_line: H#2 + OH#1 <-> H2O#1 + #2                              [1.758189170267762   1.23]
line: CO2#1 <-> CO2 + #1                                     [  0.329  -0.3100 ] 

new_line: CO2#1 <-> CO2 + #1                                     [0.15871354130184306   -0.31]
line: CO2#2 <-> CO2 + #2                                     [ -0.824  -1.4300 ] 

new_line: CO2#2 <-> CO2 + #2                                     [1.4695028845008598   -1.43]
line: H2O#1 <-> H2O + #1                                     [ -0.227  -0.8400 ] 

new_line: H2O#1 <-> H2O + #1                                     [0.09004201132680806   -0.84]
wait
C
R
C
R
C
R
C
R
C
R
C
R
R
Run log in the file : /home/hxyang/my_Code/matlab_NN/test_sasian/test_new/test_67/1.5/result_1/log3
last_line: Run log in the file : /home/hxyang/my_Code/matlab_NN/test_sasian/test_new/test_67/1.5/result_1/log3 log_n 3
line: CO + #1 <-> CO#1                                       [  0.626   0.7300 ] 

new_line: CO + #1 <-> CO#1                                       [2.2050925699512414   0.73]
line: CO + #2 <-> CO#2                                       [  0.593   0.9100 ] 

new_line: CO + #2 <-> CO#2                                       [2.2025104244080533   0.91]
line: H2 + #1 <-> H2#1                                       [  0.549   0.9500 ] 

new_line: H2 + #1 <-> H2#1                                       [1.7704885190142976   0.95]
line: H2#1 + #2 <-> H#1 + H#2                                [  0.430  -0.7100 ] 

new_line: H2#1 + #2 <-> H#1 + H#2                                [0.48346346286620806   -0.71]
line: H#2 + #1 <-> H#1 + #2                                  [     0   -0.6400 ] 

new_line: H#2 + #1 <-> H#1 + #2                                  [0.2569576304917084   -0.64]
line: CO#1 + H#1 <-> CHO#1 + #1                              [  0.620   0.5900 ] 

new_line: CO#1 + H#1 <-> CHO#1 + #1                              [1.7975373625036508   0.59]
line: CO#1 + H#1 <-> COH#1 + #1                              [  2.220   1.9400 ] 

new_line: CO#1 + H#1 <-> COH#1 + #1                              [3.1245768696563125   1.94]
line: CHO#1 + H#1 <-> CH2O#1 + #1                            [  0.290  -0.3200 ] 

new_line: CHO#1 + H#1 <-> CH2O#1 + #1                            [0.9594855526123607   -0.32]
line: CHO#1 + H#1 <-> CHOH#1 + #1                            [  1.42    0.4200 ] 

new_line: CHO#1 + H#1 <-> CHOH#1 + #1                            [1.1570552171524748   0.42]
line: CH2O#1 + H#1 <-> CH3O#1 + #1                           [  0.850  -0.0100 ] 

new_line: CH2O#1 + H#1 <-> CH3O#1 + #1                           [0.5611128431771282   -0.01]
line: CH2O#1 + H#1 <-> CH2OH#1 + #1                          [  2.71    1.5800 ] 

new_line: CH2O#1 + H#1 <-> CH2OH#1 + #1                          [1.6744917625996831   1.58]
line: COH#1 + H#1 <-> CHOH#1 + #1                            [  0.55   -0.9400 ] 

new_line: COH#1 + H#1 <-> CHOH#1 + #1                            [1.1150578571603595   -0.94]
line: CHOH#1 + H#1 <-> CH2OH#1 + #1                          [  1.66    0.8400 ] 

new_line: CHOH#1 + H#1 <-> CH2OH#1 + #1                          [1.7039513407232452   0.84]
line: CH2OH#1 + H#1 <-> CH3OH#1 + #1                         [  1.04    0.3100 ] 

new_line: CH2OH#1 + H#1 <-> CH3OH#1 + #1                         [0.7214672463560592   0.31]
line: CH3O#1 + H#1 <-> CH3OH#1 + #1                          [  1.91    1.9100 ] 

new_line: CH3O#1 + H#1 <-> CH3OH#1 + #1                          [2.097020692686793   1.91]
line: CH2O#1 <-> CH2O + #1                                   [  0.848   0.2200 ] 

new_line: CH2O#1 <-> CH2O + #1                                   [0.744314348798953   0.22]
line: CH3OH#1 <-> CH3OH + #1                                 [ -0.79   -1.4200 ] 

new_line: CH3OH#1 <-> CH3OH + #1                                 [1.3431551742759367   -1.42]
line: CHO#1 + #1 <-> CH#1 + O#1                              [  0.22   -0.9300 ] 

new_line: CHO#1 + #1 <-> CH#1 + O#1                              [0.8722201290300051   -0.93]
line: CH2O#1 + #1 <-> CH2#1 + O#1                            [  1.08   -1.070  ] 

new_line: CH2O#1 + #1 <-> CH2#1 + O#1                            [1.0045990149629138   -1.07]
line: CH2O#1 + #2 <-> CH2#2 + O#1                            [  2.68    0.2900 ] 

new_line: CH2O#1 + #2 <-> CH2#2 + O#1                            [0.3404826289473128   0.29]
line: CHOH#1 + #1 <-> CH#1 + OH#1                            [  0.36   -1.1200 ] 

new_line: CHOH#1 + #1 <-> CH#1 + OH#1                            [0.5050744756833392   -1.12]
line: CH2OH#1 + #1 <-> CH2#1 + OH#1                          [  1.22   -2.4200 ] 

new_line: CH2OH#1 + #1 <-> CH2#1 + OH#1                          [0.27073352544876   -2.42]
line: CH2OH#1 + #2 <-> CH2#2 + OH#1                          [  0.30   -1.0600 ] 

new_line: CH2OH#1 + #2 <-> CH2#2 + OH#1                          [0.44685900229160525   -1.06]
line: CH3O#1 + #1 <-> CH3#1 + O#1                            [  1.83   -0.5400 ] 

new_line: CH3O#1 + #1 <-> CH3#1 + O#1                            [1.2157372085139895   -0.54]
line: CH3O#1 + #2 <-> CH3#2 + O#1                            [  1.77   -0.5300 ] 

new_line: CH3O#1 + #2 <-> CH3#2 + O#1                            [0.039387205530737615   -0.53]
line: CH3OH#1 + #1 <-> CH3#1 + OH#1                          [  0.53   -2.2200 ] 

new_line:224786
 CH3OH#1 + #1 <-> CH3#1 + OH#1                          [0.3373335602822213   -2.22]
line: CH3OH#1 + #2 <-> CH3#2 + OH#1                          [  0.74   -2.2100 ] 

new_line: CH3OH#1 + #2 <-> CH3#2 + OH#1                          [1.2499553943930477   -2.21]
line: CH#1 + H#1 <-> CH2#1 + #1                              [  0.94   -0.460  ] 

new_line: CH#1 + H#1 <-> CH2#1 + #1                              [0.4765027601085497   -0.46]
line: CH#1 + OH#1 <-> CH2#1 + O#1                            [  0.53   -0.6900 ] 

new_line: CH#1 + OH#1 <-> CH2#1 + O#1                            [0.45620810652333255   -0.69]
line: CH2#1 + H#1 <-> CH3#1 + #1                             [  1.57    0.51   ] 

new_line: CH2#1 + H#1 <-> CH3#1 + #1                             [1.354662701372297   0.51]
line: CH2#2 + H#1 <-> CH3#2 + #1                             [  0.55   -0.84   ] 

new_line: CH2#2 + H#1 <-> CH3#2 + #1                             [0.03939026694911097   -0.84]
line: CH2#2 + OH#1 <->CH3#2 + O#1                            [  0.74   -1.07   ] 

new_line: CH2#2 + OH#1 <->CH3#2 + O#1                            [0.6794314393542089   -1.07]
line: CH2#1 + OH#1 <->CH3#1 + O#1                            [  0.87    0.28   ] 

new_line: CH2#1 + OH#1 <->CH3#1 + O#1                            [1.2896070789369478   0.28]
line: CH3#2 + H#2 <-> CH4 + #2 + #2                          [  1.15   -1.710  ] 

new_line: CH3#2 + H#2 <-> CH4 + #2 + #2                          [1.2272642867336514   -1.71]
line: CH3#2 + OH#1 <-> CH4 + #2 + O#1                        [  0.75   -1.30   ] 

new_line: CH3#2 + OH#1 <-> CH4 + #2 + O#1                        [0.8687666286615567   -1.3]
line: CH3#2 + H#1 <-> CH4 + #1 + #2                          [  1.27   -1.07   ] 

new_line: CH3#2 + H#1 <-> CH4 + #1 + #2                          [1.460962047726741   -1.07]
line: CH3#1 + H#2 <-> CH4 + #1 + #2                          [  1.11   -1.70   ] 

new_line: CH3#1 + H#2 <-> CH4 + #1 + #2                          [0.9921147245096085   -1.7]
line: CH3#1 + H#1 <-> CH4 + #1+ #1                           [  1.68   -1.06   ] 

new_line: CH3#1 + H#1 <-> CH4 + #1+ #1                           [1.0173478524905222   -1.06]
line: CH3#1 + OH#1 <-> CH4 + #1+ O#1                         [  0.79   -1.29   ] 

new_line: CH3#1 + OH#1 <-> CH4 + #1+ O#1                         [0.31729470610001187   -1.29]
line: CHO#1 + CO#1 <-> CH#1 + CO2#1                          [  1.14   -0.6300 ] 

new_line: CHO#1 + CO#1 <-> CH#1 + CO2#1                          [0.5006665976695799   -0.63]
line: CH2O#1 + CO#1 <-> CH2#1 + CO2#1                        [  1.930  -0.7800 ] 

new_line: CH2O#1 + CO#1 <-> CH2#1 + CO2#1                        [0.14108748820325961   -0.78]
line: CH3O#1 + CO#1 <-> CH3#1 + CO2#1                        [  2.59   -0.2500 ] 

new_line: CH3O#1 + CO#1 <-> CH3#1 + CO2#1                        [1.2987483189960003   -0.25]
line: CHO#1 + CO#2 <-> CH#1 + CO2#2                          [  2.35    0.3100 ] 

new_line: CHO#1 + CO#2 <-> CH#1 + CO2#2                          [0.9055351886367633   0.31]
line: CH2O#1 + CO#2 <-> CH2#1 + CO2#2                        [  2.55    0.1700 ] 

new_line: CH2O#1 + CO#2 <-> CH2#1 + CO2#2                        [1.0325803607900623   0.17]
line: CH3O#1 + CO#2 <-> CH3#1 + CO2#2                        [  3.32    0.7000 ] 

new_line: CH3O#1 + CO#2 <-> CH3#1 + CO2#2                        [1.9131134498863986   0.7]
line: CH2#1 + CO#2 <-> CH2CO#1 + #2                          [  0.50    0.2800 ] 

new_line: CH2#1 + CO#2 <-> CH2CO#1 + #2                          [1.2280957054581205   0.28]
line: CH2#1 + CO#1 <-> CH2CO#1 + #1                          [  0.88    0.4600 ] 

new_line: CH2#1 + CO#1 <-> CH2CO#1 + #1                          [1.4963505109311126   0.46]
line: CH2#2 + CO#2 <-> CH2CO#2 +#2                           [  0.20   -0.6300 ] 

new_line: CH2#2 + CO#2 <-> CH2CO#2 +#2                           [0.6068933316436984   -0.63]
line: CH3#1 + CO#2 <-> CH3CO#1 + #2                          [  0.62    0.5000 ] 

new_line: CH3#1 + CO#2 <-> CH3CO#1 + #2                          [0.5103798013617193   0.5]
line: CH3#1 + CO#1 <-> CH3CO#1 + #1                          [  0.97    0.6700 ] 

new_line: CH3#1 + CO#1 <-> CH3CO#1 + #1                          [0.8158335265410182   0.67]
line: CH3#2 + CO#2 <-> CH3CO#2 +#2                           [  0.53   -0.1000 ] 

new_line: CH3#2 + CO#2 <-> CH3CO#2 +#2                           [1.302796639644058   -0.1]
line: CH3CO#1 + #1 <-> CH2CO#1 + H#1                         [  0.21   -0.7300 ] 

new_line: CH3CO#1 + #1 <-> CH2CO#1 + H#1                         [0.3136537144331776   -0.73]
line: CH3CO#1 + O#1 <-> CH2CO#1 + OH#1                       [  0.00   -0.4000 ] 

new_line: CH3CO#1 + O#1 <-> CH2CO#1 + OH#1                       [0.9469023813112227   -0.4]
line: CH3CO#2 + #1 <-> CH2CO#2 + H#1                         [  1.89    0.3200 ] 

new_line: CH3CO#2 + #1 <-> CH2CO#2 + H#1                         [0.744676828774523   0.32]
line: CH3CO#2 + O#1 <-> CH2CO#2 + OH#1                       [  2.31    0.5400 ] 

new_line: CH3CO#2 + O#1 <-> CH2CO#2 + OH#1                       [1.4048798352145209   0.54]
line: CH2CO#1 <-> CH2CO + #1                                 [ -0.093  -0.730  ] 

new_line: CH2CO#1 <-> CH2CO + #1                                 [0.8440237857627051   -0.73]
line: CH2CO#2 <-> CH2CO + #2                                 [ -0.575  -1.180  ] 

new_line: CH2CO#2 <-> CH2CO + #2                                 [0.05043322036783369   -1.18]
line: CO#2 + O#1 <-> CO2#1 + #2                              [  0.15    0.1200 ] 

new_line: CO#2 + O#1 <-> CO2#1 + #2                              [1.3129174417124405   0.12]
line: CO#2 + OH#1 <-> COOH#2 +#1                             [  1.7800  1.4800 ] 

new_line: CO#2 + OH#1 <-> COOH#2 +#1                             [2.002606660254866   1.48]
line: COOH#2 + O#1 <-> CO2#2 + OH#1                          [  0.280  -0.2400 ] 

new_line: COOH#2 + O#1 <-> CO2#2 + OH#1                          [1.1024086899258825   -0.24]
line: COOH#2 + #1 <-> CO2#2 + H#1                            [  3.73   -0.4700 ] 

new_line: COOH#2 + #1 <-> CO2#2 + H#1                            [1.1780920028763677   -0.47]
line: H#1 + OH#1 <-> H2O#1 + #1                              [  1.89    1.8900 ] 

new_line: H#1 + OH#1 <-> H2O#1 + #1                              [2.4755554942989537   1.89]
line: OH#1 + OH#1 <-> H2O#1 + O#1                            [  1.600   1.6400 ] 

new_line: OH#1 + OH#1 <-> H2O#1 + O#1                            [2.415415438519394   1.64]
line: H#2 + OH#1 <-> H2O#1 + #2                              [  1.96    1.2300 ] 

new_line: H#2 + OH#1 <-> H2O#1 + #2                              [1.4465154797406177   1.23]
line: CO2#1 <-> CO2 + #1                                     [  0.329  -0.3100 ] 

new_line: CO2#1 <-> CO2 + #1                                     [1.303451297739089   -0.31]
line: CO2#2 <-> CO2 + #2                                     [ -0.824  -1.4300 ] 

new_line: CO2#2 <-> CO2 + #2                                     [0.7361585145950222   -1.43]
line: H2O#1 <-> H2O + #1                                     [ -0.227  -0.8400 ] 

new_line: H2O#1 <-> H2O + #1                                     [0.633626350976257   -0.84]
wait
C
R
C
R
C
R
C
R
C
R
C
R
R
R
R
Run log in the file : /home/hxyang/my_Code/matlab_NN/test_sasian/test_new/test_67/1.5/result_1/log4
last_line: Run log in the file : /home/hxyang/my_Code/matlab_NN/test_sasian/test_new/test_67/1.5/result_1/log4 log_n 4
line: CO + #1 <-> CO#1                                       [  0.626   0.7300 ] 

new_line: CO + #1 <-> CO#1                                       [1.55444889488882   0.73]
line: CO + #2 <-> CO#2                                       [  0.593   0.9100 ] 

new_line: CO + #2 <-> CO#2                                       [2.1304831447459653   0.91]
line: H2 + #1 <-> H2#1                                       [  0.549   0.9500 ] 

new_line: H2 + #1 <-> H2#1                                       [1.4473494935761761   0.95]
line: H2#1 + #2 <-> H#1 + H#2                                [  0.430  -0.7100 ] 

new_line: H2#1 + #2 <-> H#1 + H#2                                [0.3513705707415887   -0.71]
line: H#2 + #1 <-> H#1 + #2                                  [     0   -0.6400 ] 

new_line: H#2 + #1 <-> H#1 + #2                                  [0.8037786691200827   -0.64]
line: CO#1 + H#1 <-> CHO#1 + #1                              [  0.620   0.5900 ] 

new_line: CO#1 + H#1 <-> CHO#1 + #1                              [1.1490496646008341   0.59]
line: CO#1 + H#1 <-> COH#1 + #1                              [  2.220   1.9400 ] 

new_line: CO#1 + H#1 <-> COH#1 + #1                              [2.0175723422223557   1.94]
line: CHO#1 + H#1 <-> CH2O#1 + #1                            [  0.290  -0.3200 ] 

new_line: CHO#1 + H#1 <-> CH2O#1 + #1                            [1.237204332550686   -0.32]
line: CHO#1 + H#1 <-> CHOH#1 + #1                            [  1.42    0.4200 ] 

new_line: CHO#1 + H#1 <-> CHOH#1 + #1                            [1.3515503673817624   0.42]
line: CH2O#1 + H#1 <-> CH3O#1 + #1                           [  0.850  -0.0100 ] 

new_line: CH2O#1 + H#1 <-> CH3O#1 + #1                           [0.42009071514791785   -0.01]
line: CH2O#1 + H#1 <-> CH2OH#1 + #1                          [  2.71    1.5800 ] 

new_line: CH2O#1 + H#1 <-> CH2OH#1 + #1                          [2.4275577781862903   1.58]
line: COH#1 + H#1 <-> CHOH#1 + #1                            [  0.55   -0.9400 ] 

new_line: COH#1 + H#1 <-> CHOH#1 + #1                            [0.10619323205260586   -0.94]
line: CHOH#1 + H#1 <-> CH2OH#1 + #1                          [  1.66    0.8400 ] 

new_line: CHOH#1 + H#1 <-> CH2OH#1 + #1                          [2.2634798343032534   0.84]
line: CH2OH#1 + H#1 <-> CH3OH#1 + #1                         [  1.04    0.3100 ] 

new_line: CH2OH#1 + H#1 <-> CH3OH#1 + #1                         [1.5956641236346143   0.31]
line: CH3O#1 + H#1 <-> CH3OH#1 + #1                          [  1.91    1.9100 ] 

new_line: CH3O#1 + H#1 <-> CH3OH#1 + #1                          [2.280216788975124   1.91]
line: CH2O#1 <-> CH2O + #1                                   [  0.848   0.2200 ] 

new_line: CH2O#1 <-> CH2O + #1                                   [1.4978185765868002   0.22]
line: CH3OH#1 <-> CH3OH + #1                                 [ -0.79   -1.4200 ] 

new_line: CH3OH#1 <-> CH3OH + #1                                 [1.3912952308206499   -1.42]
line: CHO#1 + #1 <-> CH#1 + O#1                              [  0.22   -0.9300 ] 

new_line: CHO#1 + #1 <-> CH#1 + O#1                              [1.1391811082874028   -0.93]
line: CH2O#1 + #1 <-> CH2#1 + O#1                            [  1.08   -1.070  ] 

new_line: CH2O#1 + #1 <-> CH2#1 + O#1                            [0.77280365667647   -1.07]
line: CH2O#1 + #2 <-> CH2#2 + O#1                            [  2.68    0.2900 ] 

new_line: CH2O#1 + #2 <-> CH2#2 + O#1                            [0.7485128156427248   0.29]
line: CHOH#1 + #1 <-> CH#1 + OH#1                            [  0.36   -1.1200 ] 

new_line: CHOH#1 + #1 <-> CH#1 + OH#1                            [0.14476634212657594   -1.12]
line: CH2OH#1 + #1 <-> CH2#1 + OH#1                          [  1.22   -2.4200 ] 

new_line: CH2OH#1 + #1 <-> CH2#1 + OH#1                          [0.394875926862023   -2.42]
line: CH2OH#1 + #2 <-> CH2#2 + OH#1                          [  0.30   -1.0600 ] 

new_line: CH2OH#1 + #2 <-> CH2#2 + OH#1                          [0.4948018566782505   -1.06]
line: CH3O#1 + #1 <-> CH3#1 + O#1                            [  1.83   -0.5400 ] 

new_line: CH3O#1 + #1 <-> CH3#1 + O#1                            [1.4432183585918312   -0.54]
line: CH3O#1 + #2 <-> CH3#2 + O#1                            [  1.77   -0.5300 ] 

new_line: CH3O#1 + #2 <-> CH3#2 + O#1                            [0.7395091226555137   -0.53]
line: CH3OH#1 + #1 <-> CH3#1 + OH#1                          [  0.53   -2.2200 ] 

new_line: CH3OH#1 + #1 <-> CH3#1 + OH#1                          [0.9687917123018086   -2.22]
line: CH3OH#1 + #2 <-> CH3#2 + OH#1                          [  0.74   -2.2100 ] 

new_line: CH3OH#1 + #2 <-> CH3#2 + OH#1                          [0.9738525487380139   -2.21]
line: CH#1 + H#1 <-> CH2#1 + #1                              [  0.94   -0.460  ] 

new_line: CH#1 + H#1 <-> CH2#1 + #1                              [0.23479727427629976   -0.46]
line: CH#1 + OH#1 <-> CH2#1 + O#1                            [  0.53   -0.6900 ] 

new_line: CH#1 + OH#1 <-> CH2#1 + O#1                            [0.8616569198896198   -0.69]
line: CH2#1 + H#1 <-> CH3#1 + #1                             [  1.57    0.51   ] 

new_line: CH2#1 + H#1 <-> CH3#1 + #1                             [1.9986097548289923   0.51]
line: CH2#2 + H#1 <-> CH3#2 + #1                             [  0.55   -0.84   ] 

new_line: CH2#2 + H#1 <-> CH3#2 + #1                             [1.0178205370943552   -0.84]
line: CH2#2 + OH#1 <->CH3#2 + O#1                            [  0.74   -1.07   ] 

new_line: CH2#2 + OH#1 <->CH3#2 + O#1                            [0.5203143167700199   -1.07]
line: CH2#1 + OH#1 <->CH3#1 + O#1                            [  0.87    0.28   ] 

new_line: CH2#1 + OH#1 <->CH3#1 + O#1                            [0.3959620279835778   0.28]
line: CH3#2 + H#2 <-> CH4 + #2 + #2                          [  1.15   -1.710  ] 

new_line: CH3#2 + H#2 <-> CH4 + #2 + #2                          [0.9182889041377514   -1.71]
line: CH3#2 + OH#1 <-> CH4 + #2 + O#1                        [  0.75   -1.30   ] 

new_line: CH3#2 + OH#1 <-> CH4 + #2 + O#1                        [1.40122034523373   -1.3]
line: CH3#2 + H#1 <-> CH4 + #1 + #2                          [  1.27   -1.07   ] 

new_line: CH3#2 + H#1 <-> CH4 + #1 + #2                          [1.0396672040968513   -1.07]
line: CH3#1 + H#2 <-> CH4 + #1 + #2                          [  1.11   -1.70   ] 

new_line: CH3#1 + H#2 <-> CH4 + #1 + #2                          [1.0439048536278186   -1.7]
line: CH3#1 + H#1 <-> CH4 + #1+ #1                           [  1.68   -1.06   ] 

new_line: CH3#1 + H#1 <-> CH4 + #1+ #1                           [0.5857852676269244   -1.06]
line: CH3#1 + OH#1 <-> CH4 + #1+ O#1                         [  0.79   -1.29   ] 

new_line: CH3#1 + OH#1 <-> CH4 + #1+ O#1                         [0.783809948098545   -1.29]
line: CHO#1 + CO#1 <-> CH#1 + CO2#1                          [  1.14   -0.6300 ] 

new_line: CHO#1 + CO#1 <-> CH#1 + CO2#1                          [1.2315069212940113   -0.63]
line: CH2O#1 + CO#1 <-> CH2#1 + CO2#1                        [  1.930  -0.7800 ] 

new_line: CH2O#1 + CO#1 <-> CH2#1 + CO2#1                        [0.08877830068718368   -0.78]
line: CH3O#1 + CO#1 <-> CH3#1 + CO2#1                        [  2.59   -0.2500 ] 

new_line: CH3O#1 + CO#1 <-> CH3#1 + CO2#1                        [0.9667690318830193   -0.25]
line: CHO#1 + CO#2 <-> CH#1 + CO2#2                          [  2.35    0.3100 ] 

new_line: CHO#1 + CO#2 <-> CH#1 + CO2#2                          [0.7982522484360726   0.31]
line: CH2O#1 + CO#2 <-> CH2#1 + CO2#2                        [  2.55    0.1700 ] 

new_line: CH2O#1 + CO#2 <-> CH2#1 + CO2#2                        [1.4729718578854707   0.17]
line: CH3O#1 + CO#2 <-> CH3#1 + CO2#2                        [  3.32    0.7000 ] 

new_line: CH3O#1 + CO#2 <-> CH3#1 + CO2#2                        [0.9231891146182938   0.7]
line: CH2#1 + CO#2 <-> CH2CO#1 + #2                          [  0.50    0.2800 ] 

new_line: CH2#1 + CO#2 <-> CH2CO#1 + #2                          [1.669813192533745   0.28]
line: CH2#1 + CO#1 <-> CH2CO#1 + #1                          [  0.88    0.4600 ] 

new_line: CH2#1 + CO#1 <-> CH2CO#1 + #1                          [1.0769716492847385   0.46]
line: CH2#2 + CO#2 <-> CH2CO#2 +#2                           [  0.20   -0.6300 ] 

new_line: CH2#2 + CO#2 <-> CH2CO#2 +#2                           [1.0822310179060637   -0.63]
line: CH3#1 + CO#2 <-> CH3CO#1 + #2                          [  0.62    0.5000 ] 

new_line: CH3#1 + CO#2 <-> CH3CO#1 + #2                          [1.5672857020412359   0.5]
line: CH3#1 + CO#1 <-> CH3CO#1 + #1                          [  0.97    0.6700 ] 

new_line: 224787
CH3#1 + CO#1 <-> CH3CO#1 + #1                          [0.9839976186635986   0.67]
line: CH3#2 + CO#2 <-> CH3CO#2 +#2                           [  0.53   -0.1000 ] 

new_line: CH3#2 + CO#2 <-> CH3CO#2 +#2                           [0.9329770723566196   -0.1]
line: CH3CO#1 + #1 <-> CH2CO#1 + H#1                         [  0.21   -0.7300 ] 

new_line: CH3CO#1 + #1 <-> CH2CO#1 + H#1                         [0.470569160178829   -0.73]
line: CH3CO#1 + O#1 <-> CH2CO#1 + OH#1                       [  0.00   -0.4000 ] 

new_line: CH3CO#1 + O#1 <-> CH2CO#1 + OH#1                       [1.1734199820225168   -0.4]
line: CH3CO#2 + #1 <-> CH2CO#2 + H#1                         [  1.89    0.3200 ] 

new_line: CH3CO#2 + #1 <-> CH2CO#2 + H#1                         [1.5609778898546036   0.32]
line: CH3CO#2 + O#1 <-> CH2CO#2 + OH#1                       [  2.31    0.5400 ] 

new_line: CH3CO#2 + O#1 <-> CH2CO#2 + OH#1                       [1.34709573849744   0.54]
line: CH2CO#1 <-> CH2CO + #1                                 [ -0.093  -0.730  ] 

new_line: CH2CO#1 <-> CH2CO + #1                                 [1.2542490070937706   -0.73]
line: CH2CO#2 <-> CH2CO + #2                                 [ -0.575  -1.180  ] 

new_line: CH2CO#2 <-> CH2CO + #2                                 [1.1286174779831972   -1.18]
line: CO#2 + O#1 <-> CO2#1 + #2                              [  0.15    0.1200 ] 

new_line: CO#2 + O#1 <-> CO2#1 + #2                              [1.4331225585146488   0.12]
line: CO#2 + OH#1 <-> COOH#2 +#1                             [  1.7800  1.4800 ] 

new_line: CO#2 + OH#1 <-> COOH#2 +#1                             [2.7229072778797416   1.48]
line: COOH#2 + O#1 <-> CO2#2 + OH#1                          [  0.280  -0.2400 ] 

new_line: COOH#2 + O#1 <-> CO2#2 + OH#1                          [1.0383563481841513   -0.24]
line: COOH#2 + #1 <-> CO2#2 + H#1                            [  3.73   -0.4700 ] 

new_line: COOH#2 + #1 <-> CO2#2 + H#1                            [1.4554496047988421   -0.47]
line: H#1 + OH#1 <-> H2O#1 + #1                              [  1.89    1.8900 ] 

new_line: H#1 + OH#1 <-> H2O#1 + #1                              [2.972752696932532   1.89]
line: OH#1 + OH#1 <-> H2O#1 + O#1                            [  1.600   1.6400 ] 

new_line: OH#1 + OH#1 <-> H2O#1 + O#1                            [1.9071580915843795   1.64]
line: H#2 + OH#1 <-> H2O#1 + #2                              [  1.96    1.2300 ] 

new_line: H#2 + OH#1 <-> H2O#1 + #2                              [2.5813557095799577   1.23]
line: CO2#1 <-> CO2 + #1                                     [  0.329  -0.3100 ] 

new_line: CO2#1 <-> CO2 + #1                                     [0.3799706559994255   -0.31]
line: CO2#2 <-> CO2 + #2                                     [ -0.824  -1.4300 ] 

new_line: CO2#2 <-> CO2 + #2                                     [0.3245940369630515   -1.43]
line: H2O#1 <-> H2O + #1                                     [ -0.227  -0.8400 ] 

new_line: H2O#1 <-> H2O + #1                                     [0.721792331149931   -0.84]
wait
C
R
C
R
C
R
C
R
C
R
C
R
R
R
R
Run log in the file : /home/hxyang/my_Code/matlab_NN/test_sasian/test_new/test_67/1.5/result_1/log5
last_line: Run log in the file : /home/hxyang/my_Code/matlab_NN/test_sasian/test_new/test_67/1.5/result_1/log5 log_n 5
line: CO + #1 <-> CO#1                                       [  0.626   0.7300 ] 

new_line: CO + #1 <-> CO#1                                       [1.6454690513411871   0.73]
line: CO + #2 <-> CO#2                                       [  0.593   0.9100 ] 

new_line: CO + #2 <-> CO#2                                       [1.3195259550334681   0.91]
line: H2 + #1 <-> H2#1                                       [  0.549   0.9500 ] 

new_line: H2 + #1 <-> H2#1                                       [1.9328042739677727   0.95]
line: H2#1 + #2 <-> H#1 + H#2                                [  0.430  -0.7100 ] 

new_line: H2#1 + #2 <-> H#1 + H#2                                [1.4465594325524678   -0.71]
line: H#2 + #1 <-> H#1 + #2                                  [     0   -0.6400 ] 

new_line: H#2 + #1 <-> H#1 + #2                                  [1.0198040808842064   -0.64]
line: CO#1 + H#1 <-> CHO#1 + #1                              [  0.620   0.5900 ] 

new_line: CO#1 + H#1 <-> CHO#1 + #1                              [1.6130074835367116   0.59]
line: CO#1 + H#1 <-> COH#1 + #1                              [  2.220   1.9400 ] 

new_line: CO#1 + H#1 <-> COH#1 + #1                              [2.111019654640914   1.94]
line: CHO#1 + H#1 <-> CH2O#1 + #1                            [  0.290  -0.3200 ] 

new_line: CHO#1 + H#1 <-> CH2O#1 + #1                            [1.4561772864033284   -0.32]
line: CHO#1 + H#1 <-> CHOH#1 + #1                            [  1.42    0.4200 ] 

new_line: CHO#1 + H#1 <-> CHOH#1 + #1                            [1.5460230459968014   0.42]
line: CH2O#1 + H#1 <-> CH3O#1 + #1                           [  0.850  -0.0100 ] 

new_line: CH2O#1 + H#1 <-> CH3O#1 + #1                           [0.1314209846560393   -0.01]
line: CH2O#1 + H#1 <-> CH2OH#1 + #1                          [  2.71    1.5800 ] 

new_line: CH2O#1 + H#1 <-> CH2OH#1 + #1                          [2.0111361609672085   1.58]
line: COH#1 + H#1 <-> CHOH#1 + #1                            [  0.55   -0.9400 ] 

new_line: COH#1 + H#1 <-> CHOH#1 + #1                            [0.0713228911788576   -0.94]
line: CHOH#1 + H#1 <-> CH2OH#1 + #1                          [  1.66    0.8400 ] 

new_line: CHOH#1 + H#1 <-> CH2OH#1 + #1                          [0.8609875536349122   0.84]
line: CH2OH#1 + H#1 <-> CH3OH#1 + #1                         [  1.04    0.3100 ] 

new_line: CH2OH#1 + H#1 <-> CH3OH#1 + #1                         [0.39841583827716487   0.31]
line: CH3O#1 + H#1 <-> CH3OH#1 + #1                          [  1.91    1.9100 ] 

new_line: CH3O#1 + H#1 <-> CH3OH#1 + #1                          [3.1237546320936023   1.91]
line: CH2O#1 <-> CH2O + #1                                   [  0.848   0.2200 ] 

new_line: CH2O#1 <-> CH2O + #1                                   [1.590470716822237   0.22]
line: CH3OH#1 <-> CH3OH + #1                                 [ -0.79   -1.4200 ] 

new_line: CH3OH#1 <-> CH3OH + #1                                 [1.4528961320102933   -1.42]
line: CHO#1 + #1 <-> CH#1 + O#1                              [  0.22   -0.9300 ] 

new_line: CHO#1 + #1 <-> CH#1 + O#1                              [0.5748636790408026   -0.93]
line: CH2O#1 + #1 <-> CH2#1 + O#1                            [  1.08   -1.070  ] 

new_line: CH2O#1 + #1 <-> CH2#1 + O#1                            [0.684907015416222   -1.07]
line: CH2O#1 + #2 <-> CH2#2 + O#1                            [  2.68    0.2900 ] 

new_line: CH2O#1 + #2 <-> CH2#2 + O#1                            [1.0610766181267994   0.29]
line: CHOH#1 + #1 <-> CH#1 + OH#1                            [  0.36   -1.1200 ] 

new_line: CHOH#1 + #1 <-> CH#1 + OH#1                            [0.3808996321332768   -1.12]
line: CH2OH#1 + #1 <-> CH2#1 + OH#1                          [  1.22   -2.4200 ] 

new_line: CH2OH#1 + #1 <-> CH2#1 + OH#1                          [0.17349968618454864   -2.42]
line: CH2OH#1 + #2 <-> CH2#2 + OH#1                          [  0.30   -1.0600 ] 

new_line: CH2OH#1 + #2 <-> CH2#2 + OH#1                          [1.2680329824577312   -1.06]
line: CH3O#1 + #1 <-> CH3#1 + O#1                            [  1.83   -0.5400 ] 

new_line: CH3O#1 + #1 <-> CH3#1 + O#1                            [0.8235750553089788   -0.54]
line: CH3O#1 + #2 <-> CH3#2 + O#1                            [  1.77   -0.5300 ] 

new_line: CH3O#1 + #2 <-> CH3#2 + O#1                            [0.8561902412629223   -0.53]
line: CH3OH#1 + #1 <-> CH3#1 + OH#1                          [  0.53   -2.2200 ] 

new_line: CH3OH#1 + #1 <-> CH3#1 + OH#1                          [0.1280119144051421   -2.22]
line: CH3OH#1 + #2 <-> CH3#2 + OH#1                          [  0.74   -2.2100 ] 

new_line: CH3OH#1 + #2 <-> CH3#2 + OH#1                          [0.3515949557959181   -2.21]
line: CH#1 + H#1 <-> CH2#1 + #1                              [  0.94   -0.460  ] 

new_line: 224788
CH#1 + H#1 <-> CH2#1 + #1                              [1.2942941423113767   -0.46]
line: CH#1 + OH#1 <-> CH2#1 + O#1                            [  0.53   -0.6900 ] 

new_line: CH#1 + OH#1 <-> CH2#1 + O#1                            [1.3333112532899092   -0.69]
line: CH2#1 + H#1 <-> CH3#1 + #1                             [  1.57    0.51   ] 

new_line: CH2#1 + H#1 <-> CH3#1 + #1                             [1.6819052882350434   0.51]
line: CH2#2 + H#1 <-> CH3#2 + #1                             [  0.55   -0.84   ] 

new_line: CH2#2 + H#1 <-> CH3#2 + #1                             [1.0053656620351261   -0.84]
line: CH2#2 + OH#1 <->CH3#2 + O#1                            [  0.74   -1.07   ] 

new_line: CH2#2 + OH#1 <->CH3#2 + O#1                            [0.07311721355287427   -1.07]
line: CH2#1 + OH#1 <->CH3#1 + O#1                            [  0.87    0.28   ] 

new_line: CH2#1 + OH#1 <->CH3#1 + O#1                            [1.626690948464899   0.28]
line: CH3#2 + H#2 <-> CH4 + #2 + #2                          [  1.15   -1.710  ] 

new_line: CH3#2 + H#2 <-> CH4 + #2 + #2                          [1.4924896940340444   -1.71]
line: CH3#2 + OH#1 <-> CH4 + #2 + O#1                        [  0.75   -1.30   ] 

new_line: CH3#2 + OH#1 <-> CH4 + #2 + O#1                        [1.4815275097637426   -1.3]
line: CH3#2 + H#1 <-> CH4 + #1 + #2                          [  1.27   -1.07   ] 

new_line: CH3#2 + H#1 <-> CH4 + #1 + #2                          [1.0725283869897821   -1.07]
line: CH3#1 + H#2 <-> CH4 + #1 + #2                          [  1.11   -1.70   ] 

new_line: CH3#1 + H#2 <-> CH4 + #1 + #2                          [0.12431928239167672   -1.7]
line: CH3#1 + H#1 <-> CH4 + #1+ #1                           [  1.68   -1.06   ] 

new_line: CH3#1 + H#1 <-> CH4 + #1+ #1                           [0.21792295237252182   -1.06]
line: CH3#1 + OH#1 <-> CH4 + #1+ O#1                         [  0.79   -1.29   ] 

new_line: CH3#1 + OH#1 <-> CH4 + #1+ O#1                         [1.3858267378427311   -1.29]
line: CHO#1 + CO#1 <-> CH#1 + CO2#1                          [  1.14   -0.6300 ] 

new_line: CHO#1 + CO#1 <-> CH#1 + CO2#1                          [1.4969331769079282   -0.63]
line: CH2O#1 + CO#1 <-> CH2#1 + CO2#1                        [  1.930  -0.7800 ] 

new_line: CH2O#1 + CO#1 <-> CH2#1 + CO2#1                        [0.11887689932757156   -0.78]
line: CH3O#1 + CO#1 <-> CH3#1 + CO2#1                        [  2.59   -0.2500 ] 

new_line: CH3O#1 + CO#1 <-> CH3#1 + CO2#1                        [1.033611853202883   -0.25]
line: CHO#1 + CO#2 <-> CH#1 + CO2#2                          [  2.35    0.3100 ] 

new_line: CHO#1 + CO#2 <-> CH#1 + CO2#2                          [1.3162187139644512   0.31]
line: CH2O#1 + CO#2 <-> CH2#1 + CO2#2                        [  2.55    0.1700 ] 

new_line: CH2O#1 + CO#2 <-> CH2#1 + CO2#2                        [0.21000667785408927   0.17]
line: CH3O#1 + CO#2 <-> CH3#1 + CO2#2                        [  3.32    0.7000 ] 

new_line: CH3O#1 + CO#2 <-> CH3#1 + CO2#2                        [0.8387611532570216   0.7]
line: CH2#1 + CO#2 <-> CH2CO#1 + #2                          [  0.50    0.2800 ] 

new_line: CH2#1 + CO#2 <-> CH2CO#1 + #2                          [1.7521469672862455   0.28]
line: CH2#1 + CO#1 <-> CH2CO#1 + #1                          [  0.88    0.4600 ] 

new_line: CH2#1 + CO#1 <-> CH2CO#1 + #1                          [0.6388971971194969   0.46]
line: CH2#2 + CO#2 <-> CH2CO#2 +#2                           [  0.20   -0.6300 ] 

new_line: CH2#2 + CO#2 <-> CH2CO#2 +#2                           [0.42313830262968183   -0.63]
line: CH3#1 + CO#2 <-> CH3CO#1 + #2                          [  0.62    0.5000 ] 

new_line: CH3#1 + CO#2 <-> CH3CO#1 + #2                          [0.5751767602419072   0.5]
line: CH3#1 + CO#1 <-> CH3CO#1 + #1                          [  0.97    0.6700 ] 

new_line: CH3#1 + CO#1 <-> CH3CO#1 + #1                          [1.515596009908139   0.67]
line: CH3#2 + CO#2 <-> CH3CO#2 +#2                           [  0.53   -0.1000 ] 

new_line: CH3#2 + CO#2 <-> CH3CO#2 +#2                           [1.3209237451147064   -0.1]
line: CH3CO#1 + #1 <-> CH2CO#1 + H#1                         [  0.21   -0.7300 ] 

new_line: CH3CO#1 + #1 <-> CH2CO#1 + H#1                         [1.260266741490868   -0.73]
line: CH3CO#1 + O#1 <-> CH2CO#1 + OH#1                       [  0.00   -0.4000 ] 

new_line: CH3CO#1 + O#1 <-> CH2CO#1 + OH#1                       [1.333863917950226   -0.4]
line: CH3CO#2 + #1 <-> CH2CO#2 + H#1                         [  1.89    0.3200 ] 

new_line: CH3CO#2 + #1 <-> CH2CO#2 + H#1                         [0.4576538720404025   0.32]
line: CH3CO#2 + O#1 <-> CH2CO#2 + OH#1                       [  2.31    0.5400 ] 

new_line: CH3CO#2 + O#1 <-> CH2CO#2 + OH#1                       [0.8514262997194331   0.54]
line: CH2CO#1 <-> CH2CO + #1                                 [ -0.093  -0.730  ] 

new_line: CH2CO#1 <-> CH2CO + #1                                 [0.374599727431359   -0.73]
line: CH2CO#2 <-> CH2CO + #2                                 [ -0.575  -1.180  ] 

new_line: CH2CO#2 <-> CH2CO + #2                                 [1.3475783812660769   -1.18]
line: CO#2 + O#1 <-> CO2#1 + #2                              [  0.15    0.1200 ] 

new_line: CO#2 + O#1 <-> CO2#1 + #2                              [0.7535616024374362   0.12]
line: CO#2 + OH#1 <-> COOH#2 +#1                             [  1.7800  1.4800 ] 

new_line: CO#2 + OH#1 <-> COOH#2 +#1                             [2.7685191170394337   1.48]
line: COOH#2 + O#1 <-> CO2#2 + OH#1                          [  0.280  -0.2400 ] 

new_line: COOH#2 + O#1 <-> CO2#2 + OH#1                          [0.5077620773498863   -0.24]
line: COOH#2 + #1 <-> CO2#2 + H#1                            [  3.73   -0.4700 ] 

new_line: COOH#2 + #1 <-> CO2#2 + H#1                            [0.6947812136858054   -0.47]
line: H#1 + OH#1 <-> H2O#1 + #1                              [  1.89    1.8900 ] 

new_line: H#1 + OH#1 <-> H2O#1 + #1                              [3.136853207426183   1.89]
line: OH#1 + OH#1 <-> H2O#1 + O#1                            [  1.600   1.6400 ] 

new_line: OH#1 + OH#1 <-> H2O#1 + O#1                            [2.7263049580918444   1.64]
line: H#2 + OH#1 <-> H2O#1 + #2                              [  1.96    1.2300 ] 

new_line: H#2 + OH#1 <-> H2O#1 + #2                              [1.6369444321016071   1.23]
line: CO2#1 <-> CO2 + #1                                     [  0.329  -0.3100 ] 

new_line: CO2#1 <-> CO2 + #1                                     [0.6286747407255369   -0.31]
line: CO2#2 <-> CO2 + #2                                     [ -0.824  -1.4300 ] 

new_line: CO2#2 <-> CO2 + #2                                     [0.779019180492147   -1.43]
line: H2O#1 <-> H2O + #1                                     [ -0.227  -0.8400 ] 

new_line: H2O#1 <-> H2O + #1                                     [0.9556783410047085   -0.84]
wait
C
R
C
R
C
R
C
R
C
R
C
R
R
R
R
Run log in the file : /home/hxyang/my_Code/matlab_NN/test_sasian/test_new/test_67/1.5/result_1/log6
last_line: Run log in the file : /home/hxyang/my_Code/matlab_NN/test_sasian/test_new/test_67/1.5/result_1/log6 log_n 6
line: CO + #1 <-> CO#1                                       [  0.626   0.7300 ] 

new_line: CO + #1 <-> CO#1                                       [1.053185938488784   0.73]
line: CO + #2 <-> CO#2                                       [  0.593   0.9100 ] 

new_line: CO + #2 <-> CO#2                                       [1.489579792885969   0.91]
line: H2 + #1 <-> H2#1                                       [  0.549   0.9500 ] 

new_line: H2 + #1 <-> H2#1                                       [1.594110472310211   0.95]
line: H2#1 + #2 <-> H#1 + H#2                                [  0.430  -0.7100 ] 

new_line: H2#1 + #2 <-> H#1 + H#2                                [0.18165195277495505   -0.71]
line: H#2 + #1 <-> H#1 + #2                                  [     0   -0.6400 ] 

new_line: H#2 + #1 <-> H#1 + #2                                  [0.9938856973608537   -0.64]
line: CO#1 + H#1 <-> CHO#1 + #1                              [  0.620   0.5900 ] 

new_line: CO#1 + H#1 <-> CHO#1 + #1                              [0.8128931691060021   0.59]
line: CO#1 + H#1 <-> COH#1 + #1                              [  2.220   1.9400 ] 

new_line: CO#1 + H#1 <-> COH#1 + #1                              [2.7531468879020125   1.94]
line: CHO#1 + H#1 <-> CH2O#1 + #1                            [  0.290  -0.3200 ] 

new_line: CHO#1 + H#1 <-> CH2O#1 + #1                            [0.47270374994698194   -0.32]
line: CHO#1 + H#1 <-> CHOH#1 + #1                            [  1.42    0.4200 ] 

new_line: CHO#1 + H#1 <-> CHOH#1 + #1                            [1.226171259569681   0.42]
line: CH2O#1 + H#1 <-> CH3O#1 + #1                           [  0.850  -0.0100 ] 

new_line: CH2O#1 + H#1 <-> CH3O#1 + #1                           [1.0392878445714735   -0.01]
line: CH2O#1 + H#1 <-> CH2OH#1 + #1                          [  2.71    1.5800 ] 

new_line: CH2O#1 + H#1 <-> CH2OH#1 + #1                          [2.458350288145467   1.58]
line: COH#1 + H#1 <-> CHOH#1 + #1                            [  0.55   -0.9400 ] 

new_line: COH#1 + H#1 <-> CHOH#1 + #1                            [0.454913996187952   -0.94]
line: CHOH#1 + H#1 <-> CH2OH#1 + #1                          [  1.66    0.8400 ] 

new_line: CHOH#1 + H#1 <-> CH2OH#1 + #1                          [0.8881701139575542   0.84]
line: CH2OH#1 + H#1 <-> CH3OH#1 + #1                         [  1.04    0.3100 ] 

new_line: CH2OH#1 + H#1 <-> CH3OH#1 + #1                         [0.7402124374782307   0.31]
line: CH3O#1 + H#1 <-> CH3OH#1 + #1                          [  1.91    1.9100 ] 

new_line: CH3O#1 + H#1 <-> CH3OH#1 + #1                          [2.040480382835159   1.91]
line: CH2O#1 <-> CH2O + #1                                   [  0.848   0.2200 ] 

new_line: CH2O#1 <-> CH2O + #1                                   [0.9463536252970479   0.22]
line: CH3OH#1 <-> CH3OH + #1                                 [ -0.79   -1.4200 ] 

new_line: CH3OH#1 <-> CH3OH + #1                                 [0.410949383151429   -1.42]
line: CHO#1 + #1 <-> CH#1 + O#1                              [  0.22   -0.9300 ] 

new_line: CHO#1 + #1 <-> CH#1 + O#1                              [0.8996096481661111   -0.93]
line: CH2O#1 + #1 <-> CH2#1 + O#1                            [  1.08   -1.070  ] 

new_line: CH2O#1 + #1 <-> CH2#1 + O#1                            [0.6436373747549665   -1.07]
line: CH2O#1 + #2 <-> CH2#2 + O#1                            [  2.68    0.2900 ] 

new_line: CH2O#1 + #2 <-> CH2#2 + O#1                            [0.9099643356342328   0.29]
line: CHOH#1 + #1 <-> CH#1 + OH#1                            [  0.36   -1.1200 ] 

new_line: CHOH#1 + #1 <-> CH#1 + OH#1                            [0.6922060087981747   -1.12]
line: CH2OH#1 + #1 <-> CH2#1 + OH#1                          [  1.22   -2.4200 ] 

new_line: CH2OH#1 + #1 <-> CH2#1 + OH#1                          [0.13983510380938835   -2.42]
line: CH2OH#1 + #2 <-> CH2#2 + OH#1                          [  0.30   -1.0600 ] 

new_line: CH2OH#1 + #2 <-> CH2#2 + OH#1                          [1.3212592062784443   -1.06]
line: CH3O#1 + #1 <-> CH3#1 + O#1                            [  1.83   -0.5400 ] 

new_line: CH3O#1 + #1 <-> CH3#1 + O#1                            [0.425914203503867   -0.54]
line: CH3O#1 + #2 <-> CH3#2 + O#1                            [  1.77   -0.5300 ] 

new_line: CH3O#1 + #2 <-> CH3#2 + O#1                            [1.3870367814204654   -0.53]
line: CH3OH#1 + #1 <-> CH3#1 + OH#1                          [  0.53   -2.2200 ] 

new_line: CH3OH#1 + #1 <-> CH3#1 + OH#1                          [0.16383862091786155   -2.22]
line: CH3OH#1 + #2 <-> CH3#2 + OH#1                          [  0.74   -2.2100 ] 

new_line: CH3OH#1 + #2 <-> CH3#2 + OH#1                          [1.2051162082182028   -2.21]
line: CH#1 + H#1 <-> CH2#1 + #1                              [  0.94   -0.460  ] 

new_line: CH#1 + H#1 <-> CH2#1 + #1                              [0.07889936125830761   -0.46]
line: CH#1 + OH#1 <-> CH2#1 + O#1                            [  0.53   -0.6900 ] 

new_line: CH#1 + OH#1 <-> CH2#1 + O#1                            [0.2305941429490876   -0.69]
line: CH2#1 + H#1 <-> CH3#1 + #1                             [  1.57    0.51   ] 

new_line: CH2#1 + H#1 <-> CH3#1 + #1                             [1.7197131107250134   0.51]
line: CH2#2 + H#1 <-> CH3#2 + #1                             [  0.55   -0.84   ] 

new_line: CH2#2 + H#1 <-> CH3#2 + #1                             [0.6639052889820646   -0.84]
line: CH2#2 + OH#1 <->CH3#2 + O#1                            [  0.74   -1.07   ] 

new_line: CH2#2 + OH#1 <->CH3#2 + O#1                            [0.9678489190454134   -1.07]
line: CH2#1 + OH#1 <->CH3#1 + O#1                            [  0.87    0.28   ] 

new_line: CH2#1 + OH#1 <->CH3#1 + O#1                            [0.7928570953258728   0.28]
line: CH3#2 + H#2 <-> CH4 + #2 + #2                          [  1.15   -1.710  ] 

new_line: CH3#2 + H#2 <-> CH4 + #2 + #2                          [0.6999305813338237   -1.71]
line: CH3#2 + OH#1 <-> CH4 + #2 + O#1                        [  0.75   -1.30   ] 

new_line: CH3#2 + OH#1 <-> CH4 + #2 + O#1                        [0.592997148592147   -1.3]
line: CH3#2 + H#1 <-> CH4 + #1 + #2                          [  1.27   -1.07   ] 

new_line: CH3#2 + H#1 <-> CH4 + #1 + #2                          [0.2887967424970356   -1.07]
line: CH3#1 + H#2 <-> CH4 + #1 + #2                          [  1.11   -1.70   ] 

new_line: CH3#1 + H#2 <-> CH4 + #1 + #2                          [1.093982864093769   -1.7]
line: CH3#1 + H#1 <-> CH4 + #1+ #1                           [  1.68   -1.06   ] 

new_line: CH3#1 + H#1 <-> CH4 + #1+ #1                           [0.6303197172685125   -1.06]
line: CH3#1 + OH#1 <-> CH4 + #1+ O#1                         [  0.79   -1.29   ] 

new_line: CH3#1 + OH#1 <-> CH4 + #1+ O#1                         [0.6967875362527532   -1.29]
line: CHO#1 + CO#1 <-> CH#1 + CO2#1                          [  1.14   -0.6300 ] 

new_line: CHO#1 + CO#1 <-> CH#1 + CO2#1                          [1.0699173166662361   -0.63]
line: CH2O#1 + CO#1 <-> CH2#1 + CO2#1                        [  1.930  -0.7800 ] 

new_line: CH2O#1 + CO#1 <-> CH2#1 + CO2#1                        [1.2324377812919298   -0.78]
line: CH3O#1 + CO#1 <-> CH3#1 + CO2#1                        [  2.59   -0.2500 ] 

new_line: CH3O#1 + CO#1 <-> CH3#1 + CO2#1                        [0.8808870461325451   -0.25]
line: CHO#1 + CO#2 <-> CH#1 + CO2#2                          [  2.35    0.3100 ] 

new_line: CHO#1 + CO#2 <-> CH#1 + CO2#2                          [0.9151193579513923   0.31]
line: CH2O#1 + CO#2 <-> CH2#1 + CO2#2                        [  2.55    0.1700 ] 

new_line: CH2O#1 + CO#2 <-> CH2#1 + CO2#2                        [0.5987033748868006   0.17]
line: CH3O#1 + CO#2 <-> CH3#1 + CO2#2                        [  3.32    0.7000 ] 

new_line: CH3O#1 + CO#2 <-> CH3#1 + CO2#2                        [1.3281275864388902   0.7]
line: CH2#1 + CO#2 <-> CH2CO#1 + #2                          [  0.50    0.2800 ] 

new_line: CH2#1 + CO#2 <-> CH2CO#1 + #2                          [1.0430910969905929   0.28]
line: CH2#1 + CO#1 <-> CH2CO#1 + #1                          [  0.88    0.4600 ] 

new_line: CH2#1 + CO#1 <-> CH2CO#1 + #1                          [0.5342363892314158   0.46]
line: CH2#2 + CO#2 <-> CH2CO#2 +#2                           [  0.20   -0.6300 ] 

new_line: CH2#2 + CO#2 <-> CH2CO#2 +#2                           [1.350472658579442   -0.63]
line: CH3#1 + CO#2 <-> CH3CO#1 + #2                          [  0.62    0.5000 ] 

new_line: CH3#1 + CO#2 <-> CH3CO#1 + #2                          [0.8352813758047697   0.5]
line: CH3#1 + CO#1 <-> CH3CO#1 + #1                          [  0.97    0.6700 ] 

new_line: CH3#1 + CO#1 <-> CH3CO#1 + #1                          [1.5516906604784584   0.67]
line: CH3#2 + CO#2 <-> CH3CO#2 +#2                           [  0.53   -0.1000 ] 

new_line: CH3#2 + CO#2 <-> CH3CO#2 +#2                           [0.6602716568367758   -0.1]
line: CH3CO#1 + #1 <-> CH2CO#1 + H#1                         [  0.21   -0.7300 ] 

new_line: 224789
CH3CO#1 + #1 <-> CH2CO#1 + H#1                         [0.5579128689605805   -0.73]
line: CH3CO#1 + O#1 <-> CH2CO#1 + OH#1                       [  0.00   -0.4000 ] 

new_line: CH3CO#1 + O#1 <-> CH2CO#1 + OH#1                       [0.733201407255859   -0.4]
line: CH3CO#2 + #1 <-> CH2CO#2 + H#1                         [  1.89    0.3200 ] 

new_line: CH3CO#2 + #1 <-> CH2CO#2 + H#1                         [1.2673696358021334   0.32]
line: CH3CO#2 + O#1 <-> CH2CO#2 + OH#1                       [  2.31    0.5400 ] 

new_line: CH3CO#2 + O#1 <-> CH2CO#2 + OH#1                       [0.8674525879415212   0.54]
line: CH2CO#1 <-> CH2CO + #1                                 [ -0.093  -0.730  ] 

new_line: CH2CO#1 <-> CH2CO + #1                                 [0.5593036952041741   -0.73]
line: CH2CO#2 <-> CH2CO + #2                                 [ -0.575  -1.180  ] 

new_line: CH2CO#2 <-> CH2CO + #2                                 [0.48208670018489086   -1.18]
line: CO#2 + O#1 <-> CO2#1 + #2                              [  0.15    0.1200 ] 

new_line: CO#2 + O#1 <-> CO2#1 + #2                              [0.6767099911545654   0.12]
line: CO#2 + OH#1 <-> COOH#2 +#1                             [  1.7800  1.4800 ] 

new_line: CO#2 + OH#1 <-> COOH#2 +#1                             [2.8748701702525774   1.48]
line: COOH#2 + O#1 <-> CO2#2 + OH#1                          [  0.280  -0.2400 ] 

new_line: COOH#2 + O#1 <-> CO2#2 + OH#1                          [0.2489973660443453   -0.24]
line: COOH#2 + #1 <-> CO2#2 + H#1                            [  3.73   -0.4700 ] 

new_line: COOH#2 + #1 <-> CO2#2 + H#1                            [0.8611093667489725   -0.47]
line: H#1 + OH#1 <-> H2O#1 + #1                              [  1.89    1.8900 ] 

new_line: H#1 + OH#1 <-> H2O#1 + #1                              [2.6579048205499554   1.89]
line: OH#1 + OH#1 <-> H2O#1 + O#1                            [  1.600   1.6400 ] 

new_line: OH#1 + OH#1 <-> H2O#1 + O#1                            [2.539202134137174   1.64]
line: H#2 + OH#1 <-> H2O#1 + #2                              [  1.96    1.2300 ] 

new_line: H#2 + OH#1 <-> H2O#1 + #2                              [1.5865404156680376   1.23]
line: CO2#1 <-> CO2 + #1                                     [  0.329  -0.3100 ] 

new_line: CO2#1 <-> CO2 + #1                                     [0.91120025758173   -0.31]
line: CO2#2 <-> CO2 + #2                                     [ -0.824  -1.4300 ] 

new_line: CO2#2 <-> CO2 + #2                                     [0.3468548207762374   -1.43]
line: H2O#1 <-> H2O + #1                                     [ -0.227  -0.8400 ] 

new_line: H2O#1 <-> H2O + #1                                     [0.5984676902658974   -0.84]
wait
C
R
C
R
C
R
C
R
C
R
C
R
C
R
Run log in the file : /home/hxyang/my_Code/matlab_NN/test_sasian/test_new/test_67/1.5/result_1/log7
last_line: Run log in the file : /home/hxyang/my_Code/matlab_NN/test_sasian/test_new/test_67/1.5/result_1/log7 log_n 7
line: CO + #1 <-> CO#1                                       [  0.626   0.7300 ] 

new_line: CO + #1 <-> CO#1                                       [2.14810901947041   0.73]
line: CO + #2 <-> CO#2                                       [  0.593   0.9100 ] 

new_line: CO + #2 <-> CO#2                                       [0.9555604884917434   0.91]
line: H2 + #1 <-> H2#1                                       [  0.549   0.9500 ] 

new_line: H2 + #1 <-> H2#1                                       [2.0348186820204752   0.95]
line: H2#1 + #2 <-> H#1 + H#2                                [  0.430  -0.7100 ] 

new_line: H2#1 + #2 <-> H#1 + H#2                                [1.361158734971706   -0.71]
line: H#2 + #1 <-> H#1 + #2                                  [     0   -0.6400 ] 

new_line: H#2 + #1 <-> H#1 + #2                                  [0.905131300063635   -0.64]
line: CO#1 + H#1 <-> CHO#1 + #1                              [  0.620   0.5900 ] 

new_line: CO#1 + H#1 <-> CHO#1 + #1                              [1.4524970013703555   0.59]
line: CO#1 + H#1 <-> COH#1 + #1                              [  2.220   1.9400 ] 

new_line: CO#1 + H#1 <-> COH#1 + #1                              [2.4150624798948894   1.94]
line: CHO#1 + H#1 <-> CH2O#1 + #1                            [  0.290  -0.3200 ] 

new_line: CHO#1 + H#1 <-> CH2O#1 + #1                            [0.36932922175915867   -0.32]
line: CHO#1 + H#1 <-> CHOH#1 + #1                            [  1.42    0.4200 ] 

new_line: CHO#1 + H#1 <-> CHOH#1 + #1                            [0.4232164976007662   0.42]
line: CH2O#1 + H#1 <-> CH3O#1 + #1                           [  0.850  -0.0100 ] 

new_line: CH2O#1 + H#1 <-> CH3O#1 + #1                           [0.02642269789207702   -0.01]
line: CH2O#1 + H#1 <-> CH2OH#1 + #1                          [  2.71    1.5800 ] 

new_line: CH2O#1 + H#1 <-> CH2OH#1 + #1                          [2.5208162578544755   1.58]
line: COH#1 + H#1 <-> CHOH#1 + #1                            [  0.55   -0.9400 ] 

new_line: COH#1 + H#1 <-> CHOH#1 + #1                            [1.4326109597425616   -0.94]
line: CHOH#1 + H#1 <-> CH2OH#1 + #1                          [  1.66    0.8400 ] 

new_line: CHOH#1 + H#1 <-> CH2OH#1 + #1                          [1.400195799464655   0.84]
line: CH2OH#1 + H#1 <-> CH3OH#1 + #1                         [  1.04    0.3100 ] 

new_line: CH2OH#1 + H#1 <-> CH3OH#1 + #1                         [1.223703186611123   0.31]
line: CH3O#1 + H#1 <-> CH3OH#1 + #1                          [  1.91    1.9100 ] 

new_line: CH3O#1 + H#1 <-> CH3OH#1 + #1                          [3.18731518960022   1.91]
line: CH2O#1 <-> CH2O + #1                                   [  0.848   0.2200 ] 

new_line: CH2O#1 <-> CH2O + #1                                   [0.6498945460738039   0.22]
line: CH3OH#1 <-> CH3OH + #1                                 [ -0.79   -1.4200 ] 

new_line: CH3OH#1 <-> CH3OH + #1                                 [1.221112645379244   -1.42]
line: CHO#1 + #1 <-> CH#1 + O#1                              [  0.22   -0.9300 ] 

new_line: CHO#1 + #1 <-> CH#1 + O#1                              [0.07857931608130808   -0.93]
line: CH2O#1 + #1 <-> CH2#1 + O#1                            [  1.08   -1.070  ] 

new_line: CH2O#1 + #1 <-> CH2#1 + O#1                            [0.35477650432524155   -1.07]
line: CH2O#1 + #2 <-> CH2#2 + O#1                            [  2.68    0.2900 ] 

new_line: CH2O#1 + #2 <-> CH2#2 + O#1                            [0.4541854299994707   0.29]
line: CHOH#1 + #1 <-> CH#1 + OH#1                            [  0.36   -1.1200 ] 

new_line: CHOH#1 + #1 <-> CH#1 + OH#1                            [1.4102114826614938   -1.12]
line: CH2OH#1 + #1 <-> CH2#1 + OH#1                          [  1.22   -2.4200 ] 

new_line: CH2OH#1 + #1 <-> CH2#1 + OH#1                          [1.3152115873445291   -2.42]
line: CH2OH#1 + #2 <-> CH2#2 + OH#1                          [  0.30   -1.0600 ] 

new_line: CH2OH#1 + #2 <-> CH2#2 + OH#1                          [0.9453252640584981   -1.06]
line: CH3O#1 + #1 <-> CH3#1 + O#1                            [  1.83   -0.5400 ] 

new_line: CH3O#1 + #1 <-> CH3#1 + O#1                            [1.2568549963148672   -0.54]
line: CH3O#1 + #2 <-> CH3#2 + O#1                            [  1.77   -0.5300 ] 

new_line: CH3O#1 + #2 <-> CH3#2 + O#1                            [0.6242442077137139   -0.53]
line: CH3OH#1 + #1 <-> CH3#1 + OH#1                          [  0.53   -2.2200 ] 

new_line: CH3OH#1 + #1 <-> CH3#1 + OH#1                          [1.2213730313396984   -2.22]
line: CH3OH#1 + #2 <-> CH3#2 + OH#1                          [  0.74   -2.2100 ] 

new_line: CH3OH#1 + #2 <-> CH3#2 + OH#1                          [1.0600769349366188   -2.21]
line: CH#1 + H#1 <-> CH2#1 + #1                              [  0.94   -0.460  ] 

new_line: CH#1 + H#1 <-> CH2#1 + #1                              [0.5186547728589117   -0.46]
line: CH#1 + OH#1 <-> CH2#1 + O#1                            [  0.53   -0.6900 ] 

new_line: CH#1 + OH#1 <-> CH2#1 + O#1                            [0.34664208036651023   -0.69]
line: CH2#1 + H#1 <-> CH3#1 + #1                             [  1.57    0.51   ] 

new_line: 224790
CH2#1 + H#1 <-> CH3#1 + #1                             [0.9253616484810164   0.51]
line: CH2#2 + H#1 <-> CH3#2 + #1                             [  0.55   -0.84   ] 

new_line: CH2#2 + H#1 <-> CH3#2 + #1                             [1.464668094420802   -0.84]
line: CH2#2 + OH#1 <->CH3#2 + O#1                            [  0.74   -1.07   ] 

new_line: CH2#2 + OH#1 <->CH3#2 + O#1                            [0.6688195167656337   -1.07]
line: CH2#1 + OH#1 <->CH3#1 + O#1                            [  0.87    0.28   ] 

new_line: CH2#1 + OH#1 <->CH3#1 + O#1                            [0.35223548720814224   0.28]
line: CH3#2 + H#2 <-> CH4 + #2 + #2                          [  1.15   -1.710  ] 

new_line: CH3#2 + H#2 <-> CH4 + #2 + #2                          [0.6192685897242989   -1.71]
line: CH3#2 + OH#1 <-> CH4 + #2 + O#1                        [  0.75   -1.30   ] 

new_line: CH3#2 + OH#1 <-> CH4 + #2 + O#1                        [1.140732454076522   -1.3]
line: CH3#2 + H#1 <-> CH4 + #1 + #2                          [  1.27   -1.07   ] 

new_line: CH3#2 + H#1 <-> CH4 + #1 + #2                          [0.25886551628630095   -1.07]
line: CH3#1 + H#2 <-> CH4 + #1 + #2                          [  1.11   -1.70   ] 

new_line: CH3#1 + H#2 <-> CH4 + #1 + #2                          [0.3231481870105301   -1.7]
line: CH3#1 + H#1 <-> CH4 + #1+ #1                           [  1.68   -1.06   ] 

new_line: CH3#1 + H#1 <-> CH4 + #1+ #1                           [1.13395701910056   -1.06]
line: CH3#1 + OH#1 <-> CH4 + #1+ O#1                         [  0.79   -1.29   ] 

new_line: CH3#1 + OH#1 <-> CH4 + #1+ O#1                         [0.8233205800767817   -1.29]
line: CHO#1 + CO#1 <-> CH#1 + CO2#1                          [  1.14   -0.6300 ] 

new_line: CHO#1 + CO#1 <-> CH#1 + CO2#1                          [0.4433728625759612   -0.63]
line: CH2O#1 + CO#1 <-> CH2#1 + CO2#1                        [  1.930  -0.7800 ] 

new_line: CH2O#1 + CO#1 <-> CH2#1 + CO2#1                        [0.15331985720086655   -0.78]
line: CH3O#1 + CO#1 <-> CH3#1 + CO2#1                        [  2.59   -0.2500 ] 

new_line: CH3O#1 + CO#1 <-> CH3#1 + CO2#1                        [0.5065853138615466   -0.25]
line: CHO#1 + CO#2 <-> CH#1 + CO2#2                          [  2.35    0.3100 ] 

new_line: CHO#1 + CO#2 <-> CH#1 + CO2#2                          [1.5729119472011595   0.31]
line: CH2O#1 + CO#2 <-> CH2#1 + CO2#2                        [  2.55    0.1700 ] 

new_line: CH2O#1 + CO#2 <-> CH2#1 + CO2#2                        [1.5913299670491745   0.17]
line: CH3O#1 + CO#2 <-> CH3#1 + CO2#2                        [  3.32    0.7000 ] 

new_line: CH3O#1 + CO#2 <-> CH3#1 + CO2#2                        [1.3129300641967596   0.7]
line: CH2#1 + CO#2 <-> CH2CO#1 + #2                          [  0.50    0.2800 ] 

new_line: CH2#1 + CO#2 <-> CH2CO#1 + #2                          [1.3318700015287825   0.28]
line: CH2#1 + CO#1 <-> CH2CO#1 + #1                          [  0.88    0.4600 ] 

new_line: CH2#1 + CO#1 <-> CH2CO#1 + #1                          [0.9034054655028001   0.46]
line: CH2#2 + CO#2 <-> CH2CO#2 +#2                           [  0.20   -0.6300 ] 

new_line: CH2#2 + CO#2 <-> CH2CO#2 +#2                           [0.5089243020277409   -0.63]
line: CH3#1 + CO#2 <-> CH3CO#1 + #2                          [  0.62    0.5000 ] 

new_line: CH3#1 + CO#2 <-> CH3CO#1 + #2                          [1.1533064524601913   0.5]
line: CH3#1 + CO#1 <-> CH3CO#1 + #1                          [  0.97    0.6700 ] 

new_line: CH3#1 + CO#1 <-> CH3CO#1 + #1                          [2.028106294843851   0.67]
line: CH3#2 + CO#2 <-> CH3CO#2 +#2                           [  0.53   -0.1000 ] 

new_line: CH3#2 + CO#2 <-> CH3CO#2 +#2                           [0.1984012040923149   -0.1]
line: CH3CO#1 + #1 <-> CH2CO#1 + H#1                         [  0.21   -0.7300 ] 

new_line: CH3CO#1 + #1 <-> CH2CO#1 + H#1                         [1.1925927863572794   -0.73]
line: CH3CO#1 + O#1 <-> CH2CO#1 + OH#1                       [  0.00   -0.4000 ] 

new_line: CH3CO#1 + O#1 <-> CH2CO#1 + OH#1                       [0.5727720065784855   -0.4]
line: CH3CO#2 + #1 <-> CH2CO#2 + H#1                         [  1.89    0.3200 ] 

new_line: CH3CO#2 + #1 <-> CH2CO#2 + H#1                         [1.087528262380305   0.32]
line: CH3CO#2 + O#1 <-> CH2CO#2 + OH#1                       [  2.31    0.5400 ] 

new_line: CH3CO#2 + O#1 <-> CH2CO#2 + OH#1                       [0.9942938077629738   0.54]
line: CH2CO#1 <-> CH2CO + #1                                 [ -0.093  -0.730  ] 

new_line: CH2CO#1 <-> CH2CO + #1                                 [0.9305174145503363   -0.73]
line: CH2CO#2 <-> CH2CO + #2                                 [ -0.575  -1.180  ] 

new_line: CH2CO#2 <-> CH2CO + #2                                 [0.9642847853623608   -1.18]
line: CO#2 + O#1 <-> CO2#1 + #2                              [  0.15    0.1200 ] 

new_line: CO#2 + O#1 <-> CO2#1 + #2                              [0.22744984792229062   0.12]
line: CO#2 + OH#1 <-> COOH#2 +#1                             [  1.7800  1.4800 ] 

new_line: CO#2 + OH#1 <-> COOH#2 +#1                             [1.923314589512245   1.48]
line: COOH#2 + O#1 <-> CO2#2 + OH#1                          [  0.280  -0.2400 ] 

new_line: COOH#2 + O#1 <-> CO2#2 + OH#1                          [0.9092966825576372   -0.24]
line: COOH#2 + #1 <-> CO2#2 + H#1                            [  3.73   -0.4700 ] 

new_line: COOH#2 + #1 <-> CO2#2 + H#1                            [0.1414630772386912   -0.47]
line: H#1 + OH#1 <-> H2O#1 + #1                              [  1.89    1.8900 ] 

new_line: H#1 + OH#1 <-> H2O#1 + #1                              [2.7890138045075483   1.89]
line: OH#1 + OH#1 <-> H2O#1 + O#1                            [  1.600   1.6400 ] 

new_line: OH#1 + OH#1 <-> H2O#1 + O#1                            [3.0759241175444663   1.64]
line: H#2 + OH#1 <-> H2O#1 + #2                              [  1.96    1.2300 ] 

new_line: H#2 + OH#1 <-> H2O#1 + #2                              [2.06099581605462   1.23]
line: CO2#1 <-> CO2 + #1                                     [  0.329  -0.3100 ] 

new_line: CO2#1 <-> CO2 + #1                                     [0.7877611733004584   -0.31]
line: CO2#2 <-> CO2 + #2                                     [ -0.824  -1.4300 ] 

new_line: CO2#2 <-> CO2 + #2                                     [0.6031649902119153   -1.43]
line: H2O#1 <-> H2O + #1                                     [ -0.227  -0.8400 ] 

new_line: H2O#1 <-> H2O + #1                                     [1.1837903188051175   -0.84]
wait
C
R
C
R
C
R
C
R
C
R
C
R
R
R
R
R
Run log in the file : /home/hxyang/my_Code/matlab_NN/test_sasian/test_new/test_67/1.5/result_1/log8
last_line: Run log in the file : /home/hxyang/my_Code/matlab_NN/test_sasian/test_new/test_67/1.5/result_1/log8 log_n 8
line: CO + #1 <-> CO#1                                       [  0.626   0.7300 ] 

new_line: CO + #1 <-> CO#1                                       [0.9622788459164049   0.73]
line: CO + #2 <-> CO#2                                       [  0.593   0.9100 ] 

new_line: CO + #2 <-> CO#2                                       [1.5294096550485579   0.91]
line: H2 + #1 <-> H2#1                                       [  0.549   0.9500 ] 

new_line: H2 + #1 <-> H2#1                                       [1.7334542565793662   0.95]
line: H2#1 + #2 <-> H#1 + H#2                                [  0.430  -0.7100 ] 

new_line: H2#1 + #2 <-> H#1 + H#2                                [0.2700821357498765   -0.71]
line: H#2 + #1 <-> H#1 + #2                                  [     0   -0.6400 ] 

new_line: H#2 + #1 <-> H#1 + #2                                  [0.7423765129503749   -0.64]
line: CO#1 + H#1 <-> CHO#1 + #1                              [  0.620   0.5900 ] 

new_line: CO#1 + H#1 <-> CHO#1 + #1                              [0.6759990460519414   0.59]
line: CO#1 + H#1 <-> COH#1 + #1                              [  2.220   1.9400 ] 

new_line: CO#1 + H#1 <-> COH#1 + #1                              [2.7844806918080867   1.94]
line: CHO#1 + H#1 <-> CH2O#1 + #1                            [  0.290  -0.3200 ] 

new_line: CHO#1 + H#1 <-> CH2O#1 + #1                            [0.3350696337885403   -0.32]
line: CHO#1 + H#1 <-> CHOH#1 + #1                            [  1.42    0.4200 ] 

new_line: CHO#1 + H#1 <-> CHOH#1 + #1                            [0.9408991865681597   0.42]
line: CH2O#1 + H#1 <-> CH3O#1 + #1                           [  0.850  -0.0100 ] 

new_line: CH2O#1 + H#1 <-> CH3O#1 + #1                           [0.8040269194809182   -0.01]
line: CH2O#1 + H#1 <-> CH2OH#1 + #1                          [  2.71    1.5800 ] 

new_line: CH2O#1 + H#1 <-> CH2OH#1 + #1                          [2.165635983311537   1.58]
line: COH#1 + H#1 <-> CHOH#1 + #1                            [  0.55   -0.9400 ] 

new_line: COH#1 + H#1 <-> CHOH#1 + #1                            [1.3740906210126318   -0.94]
line: CHOH#1 + H#1 <-> CH2OH#1 + #1                          [  1.66    0.8400 ] 

new_line: CHOH#1 + H#1 <-> CH2OH#1 + #1                          [2.1011445338440304   0.84]
line: CH2OH#1 + H#1 <-> CH3OH#1 + #1                         [  1.04    0.3100 ] 

new_line: CH2OH#1 + H#1 <-> CH3OH#1 + #1                         [0.366736058907543   0.31]
line: CH3O#1 + H#1 <-> CH3OH#1 + #1                          [  1.91    1.9100 ] 

new_line: CH3O#1 + H#1 <-> CH3OH#1 + #1                          [2.5125413863828525   1.91]
line: CH2O#1 <-> CH2O + #1                                   [  0.848   0.2200 ] 

new_line: CH2O#1 <-> CH2O + #1                                   [0.3294291214614413   0.22]
line: CH3OH#1 <-> CH3OH + #1                                 [ -0.79   -1.4200 ] 

new_line: CH3OH#1 <-> CH3OH + #1                                 [0.5783625939611514   -1.42]
line: CHO#1 + #1 <-> CH#1 + O#1                              [  0.22   -0.9300 ] 

new_line: CHO#1 + #1 <-> CH#1 + O#1                              [0.581776665333079   -0.93]
line: CH2O#1 + #1 <-> CH2#1 + O#1                            [  1.08   -1.070  ] 

new_line: CH2O#1 + #1 <-> CH2#1 + O#1                            [0.4792937737323386   -1.07]
line: CH2O#1 + #2 <-> CH2#2 + O#1                            [  2.68    0.2900 ] 

new_line: CH2O#1 + #2 <-> CH2#2 + O#1                            [1.2239549036008706   0.29]
line: CHOH#1 + #1 <-> CH#1 + OH#1                            [  0.36   -1.1200 ] 

new_line: CHOH#1 + #1 <-> CH#1 + OH#1                            [0.279610401104825   -1.12]
line: CH2OH#1 + #1 <-> CH2#1 + OH#1                          [  1.22   -2.4200 ] 

new_line: CH2OH#1 + #1 <-> CH2#1 + OH#1                          [0.949874673076063   -2.42]
line: CH2OH#1 + #2 <-> CH2#2 + OH#1                          [  0.30   -1.0600 ] 

new_line: CH2OH#1 + #2 <-> CH2#2 + OH#1                          [0.6664896032331543   -1.06]
line: CH3O#1 + #1 <-> CH3#1 + O#1                            [  1.83   -0.5400 ] 

new_line: CH3O#1 + #1 <-> CH3#1 + O#1                            [0.6910923724827416   -0.54]
line: CH3O#1 + #2 <-> CH3#2 + O#1                            [  1.77   -0.5300 ] 

new_line: CH3O#1 + #2 <-> CH3#2 + O#1                            [0.3674928307753349   -0.53]
line: CH3OH#1 + #1 <-> CH3#1 + OH#1                          [  0.53   -2.2200 ] 

new_line: CH3OH#1 + #1 <-> CH3#1 + OH#1                          [0.18501152443185737   -2.22]
line: CH3OH#1 + #2 <-> CH3#2 + OH#1                          [  0.74   -2.2100 ] 

new_line: CH3OH#1 + #2 <-> CH3#2 + OH#1                          [1.0093040197350094   -2.21]
line: CH#1 + H#1 <-> CH2#1 + #1                              [  0.94   -0.460  ] 

new_line: CH#1 + H#1 <-> CH2#1 + #1                              [1.313759440194912   -0.46]
line: CH#1 + OH#1 <-> CH2#1 + O#1                            [  0.53   -0.6900 ] 

new_line: CH#1 + OH#1 <-> CH2#1 + O#1                            [0.3644983593546848   -0.69]
line: CH2#1 + H#1 <-> CH3#1 + #1                             [  1.57    0.51   ] 

new_line: CH2#1 + H#1 <-> CH3#1 + #1                             [0.8371777464509036   0.51]
line: CH2#2 + H#1 <-> CH3#2 + #1                             [  0.55   -0.84   ] 

new_line: CH2#2 + H#1 <-> CH3#2 + #1                             [1.2153537598485311   -0.84]
line: CH2#2 + OH#1 <->CH3#2 + O#1                            [  0.74   -1.07   ] 

new_line: CH2#2 + OH#1 <->CH3#2 + O#1                            [1.162769585122897   -1.07]
line: CH2#1 + OH#1 <->CH3#1 + O#1                            [  0.87    0.28   ] 

new_line: CH2#1 + OH#1 <->CH3#1 + O#1                            [1.4413376220802676   0.28]
line: CH3#2 + H#2 <-> CH4 + #2 + #2                          [  1.15   -1.710  ] 

new_line: CH3#2 + H#2 <-> CH4 + #2 + #2                          [0.41496233639036734   -1.71]
line: CH3#2 + OH#1 <-> CH4 + #2 + O#1                        [  0.75   -1.30   ] 

new_line: CH3#2 + OH#1 <-> CH4 + #2 + O#1                        [0.1755052247749807   -1.3]
line: CH3#2 + H#1 <-> CH4 + #1 + #2                          [  1.27   -1.07   ] 

new_line: CH3#2 + H#1 <-> CH4 + #1 + #2                          [0.33027613594799116   -1.07]
line: CH3#1 + H#2 <-> CH4 + #1 + #2                          [  1.11   -1.70   ] 

new_line: CH3#1 + H#2 <-> CH4 + #1 + #2                          [1.3441276170895087   -1.7]
line: CH3#1 + H#1 <-> CH4 + #1+ #1                           [  1.68   -1.06   ] 

new_line: CH3#1 + H#1 <-> CH4 + #1+ #1                           [0.5590905994598316   -1.06]
line: CH3#1 + OH#1 <-> CH4 + #1+ O#1                         [  0.79   -1.29   ] 

new_line: CH3#1 + OH#1 <-> CH4 + #1+ O#1                         [1.3354314385621715   -1.29]
line: CHO#1 + CO#1 <-> CH#1 + CO2#1                          [  1.14   -0.6300 ] 

new_line: CHO#1 + CO#1 <-> CH#1 + CO2#1                          [1.1652732218497572   -0.63]
line: CH2O#1 + CO#1 <-> CH2#1 + CO2#1                        [  1.930  -0.7800 ] 

new_line: CH2O#1 + CO#1 <-> CH2#1 + CO2#1                        [1.1408868424040743   -0.78]
line: CH3O#1 + CO#1 <-> CH3#1 + CO2#1                        [  2.59   -0.2500 ] 

new_line: CH3O#1 + CO#1 <-> CH3#1 + CO2#1                        [0.5424996231592356   -0.25]
line: CHO#1 + CO#2 <-> CH#1 + CO2#2                          [  2.35    0.3100 ] 

new_line: CHO#1 + CO#2 <-> CH#1 + CO2#2                          [1.5446293010403562   0.31]
line: CH2O#1 + CO#2 <-> CH2#1 + CO2#2                        [  2.55    0.1700 ] 

new_line: CH2O#1 + CO#2 <-> CH2#1 + CO2#2                        [1.3947177962575354   0.17]
line: CH3O#1 + CO#2 <-> CH3#1 + CO2#2                        [  3.32    0.7000 ] 

new_line: CH3O#1 + CO#2 <-> CH3#1 + CO2#2                        [1.665696895041899   0.7]
line: CH2#1 + CO#2 <-> CH2CO#1 + #2                          [  0.50    0.2800 ] 

new_line: CH2#1 + CO#2 <-> CH2CO#1 + #2                          [0.3109476476149609   0.28]
line: CH2#1 + CO#1 <-> CH2CO#1 + #1                          [  0.88    0.4600 ] 

new_line: CH2#1 + CO#1 <-> CH2CO#1 + #1                          [1.3248216353506403   0.46]
line: CH2#2 + CO#2 <-> CH2CO#2 +#2                           [  0.20   -0.6300 ] 

new_line: CH2#2 + CO#2 <-> CH2CO#2 +#2                           [0.24134671075919623   -0.63]
line: CH3#1 + CO#2 <-> CH3CO#1 + #2                          [  0.62    0.5000 ] 

new_line: CH3#1 + CO#2 <-> CH3CO#1 + #2                          [1.4279821204344816   0.5]
line: CH3#1 + CO#1 <-> CH3CO#1 + #1                          [  0.97    0.6700 ] 

new_line: CH3#1 + CO#1 <-> CH3CO#1 + #1                          [1.4632464487671104   0.67]
line: CH3#2 + CO#2 <-> CH3CO#2 +#2                           [  0.53   -0.1000 ] 

new_line: CH3#2 + CO#2 <-> CH3CO#2 +#2                           [0.5064907861044579   -0.1]
line: CH3CO#1 + #1 <-> CH2CO#1 + H#1                         [  0.21   -0.7300 ] 

new_line: CH3CO#1 + #1 <-> CH2CO#1 + H#1                         [0.45730073416965966   -0.73]
line: CH3CO#1 + O#1 <-> CH2CO#1 + OH#1                       [  0.00   -0.4000 ] 

new_line: CH3CO#1 + O#1 <-> CH2CO#1 + OH#1                       [1.0475733678743824   -0.4]
line: CH3CO#2 + #1 <-> CH2CO#2 + H#1                         [  1.89    0.3200 ] 

new_line: 224794
CH3CO#2 + #1 <-> CH2CO#2 + H#1                         [1.77096596658037   0.32]
line: CH3CO#2 + O#1 <-> CH2CO#2 + OH#1                       [  2.31    0.5400 ] 

new_line: CH3CO#2 + O#1 <-> CH2CO#2 + OH#1                       [1.4691539665248972   0.54]
line: CH2CO#1 <-> CH2CO + #1                                 [ -0.093  -0.730  ] 

new_line: CH2CO#1 <-> CH2CO + #1                                 [0.9698572616412108   -0.73]
line: CH2CO#2 <-> CH2CO + #2                                 [ -0.575  -1.180  ] 

new_line: CH2CO#2 <-> CH2CO + #2                                 [0.06802660822217772   -1.18]
line: CO#2 + O#1 <-> CO2#1 + #2                              [  0.15    0.1200 ] 

new_line: CO#2 + O#1 <-> CO2#1 + #2                              [0.1645882824129837   0.12]
line: CO#2 + OH#1 <-> COOH#2 +#1                             [  1.7800  1.4800 ] 

new_line: CO#2 + OH#1 <-> COOH#2 +#1                             [1.8983920550211402   1.48]
line: COOH#2 + O#1 <-> CO2#2 + OH#1                          [  0.280  -0.2400 ] 

new_line: COOH#2 + O#1 <-> CO2#2 + OH#1                          [1.07762119590583   -0.24]
line: COOH#2 + #1 <-> CO2#2 + H#1                            [  3.73   -0.4700 ] 

new_line: COOH#2 + #1 <-> CO2#2 + H#1                            [0.907704222594325   -0.47]
line: H#1 + OH#1 <-> H2O#1 + #1                              [  1.89    1.8900 ] 

new_line: H#1 + OH#1 <-> H2O#1 + #1                              [3.3232108490348597   1.89]
line: OH#1 + OH#1 <-> H2O#1 + O#1                            [  1.600   1.6400 ] 

new_line: OH#1 + OH#1 <-> H2O#1 + O#1                            [1.7929172522695902   1.64]
line: H#2 + OH#1 <-> H2O#1 + #2                              [  1.96    1.2300 ] 

new_line: H#2 + OH#1 <-> H2O#1 + #2                              [1.3881682112436893   1.23]
line: CO2#1 <-> CO2 + #1                                     [  0.329  -0.3100 ] 

new_line: CO2#1 <-> CO2 + #1                                     [1.1373134302188799   -0.31]
line: CO2#2 <-> CO2 + #2                                     [ -0.824  -1.4300 ] 

new_line: CO2#2 <-> CO2 + #2                                     [0.6727200881633661   -1.43]
line: H2O#1 <-> H2O + #1                                     [ -0.227  -0.8400 ] 

new_line: H2O#1 <-> H2O + #1                                     [1.4664909455817976   -0.84]
wait
C
R
C
R
C
R
C
R
C
R
C
R
C
R
R
R
Run log in the file : /home/hxyang/my_Code/matlab_NN/test_sasian/test_new/test_67/1.5/result_1/log9
last_line: Run log in the file : /home/hxyang/my_Code/matlab_NN/test_sasian/test_new/test_67/1.5/result_1/log9 log_n 9
line: CO + #1 <-> CO#1                                       [  0.626   0.7300 ] 

new_line: CO + #1 <-> CO#1                                       [1.273857277415451   0.73]
line: CO + #2 <-> CO#2                                       [  0.593   0.9100 ] 

new_line: CO + #2 <-> CO#2                                       [1.0656676794009297   0.91]
line: H2 + #1 <-> H2#1                                       [  0.549   0.9500 ] 

new_line: H2 + #1 <-> H2#1                                       [2.2632906931387593   0.95]
line: H2#1 + #2 <-> H#1 + H#2                                [  0.430  -0.7100 ] 

new_line: H2#1 + #2 <-> H#1 + H#2                                [1.0093211998925915   -0.71]
line: H#2 + #1 <-> H#1 + #2                                  [     0   -0.6400 ] 

new_line: H#2 + #1 <-> H#1 + #2                                  [1.366602255391691   -0.64]
line: CO#1 + H#1 <-> CHO#1 + #1                              [  0.620   0.5900 ] 

new_line: CO#1 + H#1 <-> CHO#1 + #1                              [1.5429019708053642   0.59]
line: CO#1 + H#1 <-> COH#1 + #1                              [  2.220   1.9400 ] 

new_line: CO#1 + H#1 <-> COH#1 + #1                              [2.919838272724699   1.94]
line: CHO#1 + H#1 <-> CH2O#1 + #1                            [  0.290  -0.3200 ] 

new_line: CHO#1 + H#1 <-> CH2O#1 + #1                            [0.05408116169290846   -0.32]
line: CHO#1 + H#1 <-> CHOH#1 + #1                            [  1.42    0.4200 ] 

new_line: CHO#1 + H#1 <-> CHOH#1 + #1                            [1.1701453903525905   0.42]
line: CH2O#1 + H#1 <-> CH3O#1 + #1                           [  0.850  -0.0100 ] 

new_line: CH2O#1 + H#1 <-> CH3O#1 + #1                           [0.09327233257378895   -0.01]
line: CH2O#1 + H#1 <-> CH2OH#1 + #1                          [  2.71    1.5800 ] 

new_line: CH2O#1 + H#1 <-> CH2OH#1 + #1                          [3.0370100119272365   1.58]
line: COH#1 + H#1 <-> CHOH#1 + #1                            [  0.55   -0.9400 ] 

new_line: COH#1 + H#1 <-> CHOH#1 + #1                            [0.6270639449739699   -0.94]
line: CHOH#1 + H#1 <-> CH2OH#1 + #1                          [  1.66    0.8400 ] 

new_line: CHOH#1 + H#1 <-> CH2OH#1 + #1                          [1.7315846840144595   0.84]
line: CH2OH#1 + H#1 <-> CH3OH#1 + #1                         [  1.04    0.3100 ] 

new_line: CH2OH#1 + H#1 <-> CH3OH#1 + #1                         [0.5602621874780567   0.31]
line: CH3O#1 + H#1 <-> CH3OH#1 + #1                          [  1.91    1.9100 ] 

new_line: CH3O#1 + H#1 <-> CH3OH#1 + #1                          [3.0582251209256754   1.91]
line: CH2O#1 <-> CH2O + #1                                   [  0.848   0.2200 ] 

new_line: CH2O#1 <-> CH2O + #1                                   [0.7547674472199959   0.22]
line: CH3OH#1 <-> CH3OH + #1                                 [ -0.79   -1.4200 ] 

new_line: CH3OH#1 <-> CH3OH + #1                                 [0.53346651471778   -1.42]
line: CHO#1 + #1 <-> CH#1 + O#1                              [  0.22   -0.9300 ] 

new_line: CHO#1 + #1 <-> CH#1 + O#1                              [1.0422386750127517   -0.93]
line: CH2O#1 + #1 <-> CH2#1 + O#1                            [  1.08   -1.070  ] 

new_line: CH2O#1 + #1 <-> CH2#1 + O#1                            [0.11123574975893732   -1.07]
line: CH2O#1 + #2 <-> CH2#2 + O#1                            [  2.68    0.2900 ] 

new_line: CH2O#1 + #2 <-> CH2#2 + O#1                            [1.5468889119125788   0.29]
line: CHOH#1 + #1 <-> CH#1 + OH#1                            [  0.36   -1.1200 ] 

new_line: CHOH#1 + #1 <-> CH#1 + OH#1                            [1.1476000755549016   -1.12]
line: CH2OH#1 + #1 <-> CH2#1 + OH#1                          [  1.22   -2.4200 ] 

new_line: CH2OH#1 + #1 <-> CH2#1 + OH#1                          [0.6296609987967945   -2.42]
line: CH2OH#1 + #2 <-> CH2#2 + OH#1                          [  0.30   -1.0600 ] 

new_line: CH2OH#1 + #2 <-> CH2#2 + OH#1                          [0.5499126931962356   -1.06]
line: CH3O#1 + #1 <-> CH3#1 + O#1                            [  1.83   -0.5400 ] 

new_line: CH3O#1 + #1 <-> CH3#1 + O#1                            [0.6213694359768842   -0.54]
line: CH3O#1 + #2 <-> CH3#2 + O#1                            [  1.77   -0.5300 ] 

new_line: CH3O#1 + #2 <-> CH3#2 + O#1                            [0.6761026577688851   -0.53]
line: CH3OH#1 + #1 <-> CH3#1 + OH#1                          [  0.53   -2.2200 ] 

new_line: CH3OH#1 + #1 <-> CH3#1 + OH#1                          [0.438936096423749   -2.22]
line: CH3OH#1 + #2 <-> CH3#2 + OH#1                          [  0.74   -2.2100 ] 

new_line: CH3OH#1 + #2 <-> CH3#2 + OH#1                          [1.4080135030641008   -2.21]
line: CH#1 + H#1 <-> CH2#1 + #1                              [  0.94   -0.460  ] 

new_line: CH#1 + H#1 <-> CH2#1 + #1                              [1.1283898208091199   -0.46]
line: CH#1 + OH#1 <-> CH2#1 + O#1                            [  0.53   -0.6900 ] 

new_line: CH#1 + OH#1 <-> CH2#1 + O#1                            [0.5839501509241143   -0.69]
line: CH2#1 + H#1 <-> CH3#1 + #1                             [  1.57    0.51   ] 

new_line: CH2#1 + H#1 <-> CH3#1 + #1                             [1.8403700549088646   0.51]
line: CH2#2 + H#1 <-> CH3#2 + #1                             [  0.55   -0.84   ] 

new_line: CH2#2 + H#1 <-> CH3#2 + #1                             [1.112817342432879   -0.84]
line: CH2#2 + OH#1 <->CH3#2 + O#1                            [  0.74   -1.07   ] 

new_line:224795
 CH2#2 + OH#1 <->CH3#2 + O#1                            [0.24936142973249154   -1.07]
line: CH2#1 + OH#1 <->CH3#1 + O#1                            [  0.87    0.28   ] 

new_line: CH2#1 + OH#1 <->CH3#1 + O#1                            [1.6701606995398823   0.28]
line: CH3#2 + H#2 <-> CH4 + #2 + #2                          [  1.15   -1.710  ] 

new_line: CH3#2 + H#2 <-> CH4 + #2 + #2                          [0.15276638545817647   -1.71]
line: CH3#2 + OH#1 <-> CH4 + #2 + O#1                        [  0.75   -1.30   ] 

new_line: CH3#2 + OH#1 <-> CH4 + #2 + O#1                        [0.949874939410133   -1.3]
line: CH3#2 + H#1 <-> CH4 + #1 + #2                          [  1.27   -1.07   ] 

new_line: CH3#2 + H#1 <-> CH4 + #1 + #2                          [1.3107707007114398   -1.07]
line: CH3#1 + H#2 <-> CH4 + #1 + #2                          [  1.11   -1.70   ] 

new_line: CH3#1 + H#2 <-> CH4 + #1 + #2                          [0.2005538576478334   -1.7]
line: CH3#1 + H#1 <-> CH4 + #1+ #1                           [  1.68   -1.06   ] 

new_line: CH3#1 + H#1 <-> CH4 + #1+ #1                           [0.775535377615121   -1.06]
line: CH3#1 + OH#1 <-> CH4 + #1+ O#1                         [  0.79   -1.29   ] 

new_line: CH3#1 + OH#1 <-> CH4 + #1+ O#1                         [0.3576864973699171   -1.29]
line: CHO#1 + CO#1 <-> CH#1 + CO2#1                          [  1.14   -0.6300 ] 

new_line: CHO#1 + CO#1 <-> CH#1 + CO2#1                          [0.18326501913679752   -0.63]
line: CH2O#1 + CO#1 <-> CH2#1 + CO2#1                        [  1.930  -0.7800 ] 

new_line: CH2O#1 + CO#1 <-> CH2#1 + CO2#1                        [0.9956998563303411   -0.78]
line: CH3O#1 + CO#1 <-> CH3#1 + CO2#1                        [  2.59   -0.2500 ] 

new_line: CH3O#1 + CO#1 <-> CH3#1 + CO2#1                        [0.7369159083140071   -0.25]
line: CHO#1 + CO#2 <-> CH#1 + CO2#2                          [  2.35    0.3100 ] 

new_line: CHO#1 + CO#2 <-> CH#1 + CO2#2                          [0.5678881769969606   0.31]
line: CH2O#1 + CO#2 <-> CH2#1 + CO2#2                        [  2.55    0.1700 ] 

new_line: CH2O#1 + CO#2 <-> CH2#1 + CO2#2                        [0.474278218512018   0.17]
line: CH3O#1 + CO#2 <-> CH3#1 + CO2#2                        [  3.32    0.7000 ] 

new_line: CH3O#1 + CO#2 <-> CH3#1 + CO2#2                        [2.0421195394492235   0.7]
line: CH2#1 + CO#2 <-> CH2CO#1 + #2                          [  0.50    0.2800 ] 

new_line: CH2#1 + CO#2 <-> CH2CO#1 + #2                          [1.6569143393586698   0.28]
line: CH2#1 + CO#1 <-> CH2CO#1 + #1                          [  0.88    0.4600 ] 

new_line: CH2#1 + CO#1 <-> CH2CO#1 + #1                          [1.3932094638326764   0.46]
line: CH2#2 + CO#2 <-> CH2CO#2 +#2                           [  0.20   -0.6300 ] 

new_line: CH2#2 + CO#2 <-> CH2CO#2 +#2                           [1.1810011479400533   -0.63]
line: CH3#1 + CO#2 <-> CH3CO#1 + #2                          [  0.62    0.5000 ] 

new_line: CH3#1 + CO#2 <-> CH3CO#1 + #2                          [0.8876115010504797   0.5]
line: CH3#1 + CO#1 <-> CH3CO#1 + #1                          [  0.97    0.6700 ] 

new_line: CH3#1 + CO#1 <-> CH3CO#1 + #1                          [1.4794507557865382   0.67]
line: CH3#2 + CO#2 <-> CH3CO#2 +#2                           [  0.53   -0.1000 ] 

new_line: CH3#2 + CO#2 <-> CH3CO#2 +#2                           [1.1419630306523039   -0.1]
line: CH3CO#1 + #1 <-> CH2CO#1 + H#1                         [  0.21   -0.7300 ] 

new_line: CH3CO#1 + #1 <-> CH2CO#1 + H#1                         [0.10252216657684932   -0.73]
line: CH3CO#1 + O#1 <-> CH2CO#1 + OH#1                       [  0.00   -0.4000 ] 

new_line: CH3CO#1 + O#1 <-> CH2CO#1 + OH#1                       [1.0030443473785684   -0.4]
line: CH3CO#2 + #1 <-> CH2CO#2 + H#1                         [  1.89    0.3200 ] 

new_line: CH3CO#2 + #1 <-> CH2CO#2 + H#1                         [0.4237085948042863   0.32]
line: CH3CO#2 + O#1 <-> CH2CO#2 + OH#1                       [  2.31    0.5400 ] 

new_line: CH3CO#2 + O#1 <-> CH2CO#2 + OH#1                       [1.4909873826311233   0.54]
line: CH2CO#1 <-> CH2CO + #1                                 [ -0.093  -0.730  ] 

new_line: CH2CO#1 <-> CH2CO + #1                                 [0.007657980032717365   -0.73]
line: CH2CO#2 <-> CH2CO + #2                                 [ -0.575  -1.180  ] 

new_line: CH2CO#2 <-> CH2CO + #2                                 [0.9187302955517707   -1.18]
line: CO#2 + O#1 <-> CO2#1 + #2                              [  0.15    0.1200 ] 

new_line: CO#2 + O#1 <-> CO2#1 + #2                              [1.2166971990588515   0.12]
line: CO#2 + OH#1 <-> COOH#2 +#1                             [  1.7800  1.4800 ] 

new_line: CO#2 + OH#1 <-> COOH#2 +#1                             [1.7115819478245338   1.48]
line: COOH#2 + O#1 <-> CO2#2 + OH#1                          [  0.280  -0.2400 ] 

new_line: COOH#2 + O#1 <-> CO2#2 + OH#1                          [0.26419611882166494   -0.24]
line: COOH#2 + #1 <-> CO2#2 + H#1                            [  3.73   -0.4700 ] 

new_line: COOH#2 + #1 <-> CO2#2 + H#1                            [0.22499379273891335   -0.47]
line: H#1 + OH#1 <-> H2O#1 + #1                              [  1.89    1.8900 ] 

new_line: H#1 + OH#1 <-> H2O#1 + #1                              [2.8498338109940393   1.89]
line: OH#1 + OH#1 <-> H2O#1 + O#1                            [  1.600   1.6400 ] 

new_line: OH#1 + OH#1 <-> H2O#1 + O#1                            [2.4599279001354395   1.64]
line: H#2 + OH#1 <-> H2O#1 + #2                              [  1.96    1.2300 ] 

new_line: H#2 + OH#1 <-> H2O#1 + #2                              [2.4437359609174134   1.23]
line: CO2#1 <-> CO2 + #1                                     [  0.329  -0.3100 ] 

new_line: CO2#1 <-> CO2 + #1                                     [0.481969402770155   -0.31]
line: CO2#2 <-> CO2 + #2                                     [ -0.824  -1.4300 ] 

new_line: CO2#2 <-> CO2 + #2                                     [0.11893152276543337   -1.43]
line: H2O#1 <-> H2O + #1                                     [ -0.227  -0.8400 ] 

new_line: H2O#1 <-> H2O + #1                                     [1.3161569683357666   -0.84]
wait
C
R
C
R
C
R
C
R
C
R
C
R
C
R
R
R
R
Run log in the file : /home/hxyang/my_Code/matlab_NN/test_sasian/test_new/test_67/1.5/result_1/log10
last_line: Run log in the file : /home/hxyang/my_Code/matlab_NN/test_sasian/test_new/test_67/1.5/result_1/log10 log_n 10
line: CO + #1 <-> CO#1                                       [  0.626   0.7300 ] 

new_line: CO + #1 <-> CO#1                                       [2.0461407340522846   0.73]
line: CO + #2 <-> CO#2                                       [  0.593   0.9100 ] 

new_line: CO + #2 <-> CO#2                                       [1.122397986554245   0.91]
line: H2 + #1 <-> H2#1                                       [  0.549   0.9500 ] 

new_line: H2 + #1 <-> H2#1                                       [2.3854898980909187   0.95]
line: H2#1 + #2 <-> H#1 + H#2                                [  0.430  -0.7100 ] 

new_line: H2#1 + #2 <-> H#1 + H#2                                [0.5090837011441093   -0.71]
line: H#2 + #1 <-> H#1 + #2                                  [     0   -0.6400 ] 

new_line: H#2 + #1 <-> H#1 + #2                                  [0.020839017612581955   -0.64]
line: CO#1 + H#1 <-> CHO#1 + #1                              [  0.620   0.5900 ] 

new_line: CO#1 + H#1 <-> CHO#1 + #1                              [1.2086061175461444   0.59]
line: CO#1 + H#1 <-> COH#1 + #1                              [  2.220   1.9400 ] 

new_line: CO#1 + H#1 <-> COH#1 + #1                              [1.9948355056147076   1.94]
line: CHO#1 + H#1 <-> CH2O#1 + #1                            [  0.290  -0.3200 ] 

new_line: CHO#1 + H#1 <-> CH2O#1 + #1                            [1.0745194637033526   -0.32]
line: CHO#1 + H#1 <-> CHOH#1 + #1                            [  1.42    0.4200 ] 

new_line: CHO#1 + H#1 <-> CHOH#1 + #1                            [1.2758630711459573   0.42]
line: CH2O#1 + H#1 <-> CH3O#1 + #1                           [  0.850  -0.0100 ] 

new_line: CH2O#1 + H#1 <-> CH3O#1 + #1                           [0.9277818720334661   -0.01]
line: CH2O#1 + H#1 <-> CH2OH#1 + #1                          [  2.71    1.5800 ] 

new_line: CH2O#1 + H#1 <-> CH2OH#1 + #1                          [2.0879086500731456   1.58]
line: COH#1 + H#1 <-> CHOH#1 + #1                            [  0.55   -0.9400 ] 

new_line: COH#1 + H#1 <-> CHOH#1 + #1                            [1.0358076652069035   -0.94]
line: CHOH#1 + H#1 <-> CH2OH#1 + #1                          [  1.66    0.8400 ] 

new_line: CHOH#1 + H#1 <-> CH2OH#1 + #1                          [1.2549914701089109   0.84]
line: CH2OH#1 + H#1 <-> CH3OH#1 + #1                         [  1.04    0.3100 ] 

new_line: CH2OH#1 + H#1 <-> CH3OH#1 + #1                         [1.7225106459952055   0.31]
line: CH3O#1 + H#1 <-> CH3OH#1 + #1                          [  1.91    1.9100 ] 

new_line: CH3O#1 + H#1 <-> CH3OH#1 + #1                          [3.3035960674755245   1.91]
line: CH2O#1 <-> CH2O + #1                                   [  0.848   0.2200 ] 

new_line: CH2O#1 <-> CH2O + #1                                   [1.6405501136431635   0.22]
line: CH3OH#1 <-> CH3OH + #1                                 [ -0.79   -1.4200 ] 

new_line: CH3OH#1 <-> CH3OH + #1                                 [1.1011140557082775   -1.42]
line: CHO#1 + #1 <-> CH#1 + O#1                              [  0.22   -0.9300 ] 

new_line: CHO#1 + #1 <-> CH#1 + O#1                              [0.4917084384679344   -0.93]
line: CH2O#1 + #1 <-> CH2#1 + O#1                            [  1.08   -1.070  ] 

new_line: CH2O#1 + #1 <-> CH2#1 + O#1                            [0.15076883182474038   -1.07]
line: CH2O#1 + #2 <-> CH2#2 + O#1                            [  2.68    0.2900 ] 

new_line: CH2O#1 + #2 <-> CH2#2 + O#1                            [1.4016470587277257   0.29]
line: CHOH#1 + #1 <-> CH#1 + OH#1                            [  0.36   -1.1200 ] 

new_line: CHOH#1 + #1 <-> CH#1 + OH#1                            [0.41624123590515305   -1.12]
line: CH2OH#1 + #1 <-> CH2#1 + OH#1                          [  1.22   -2.4200 ] 

new_line: CH2OH#1 + #1 <-> CH2#1 + OH#1                          [1.18475886818288   -2.42]
line: CH2OH#1 + #2 <-> CH2#2 + OH#1                          [  0.30   -1.0600 ] 

new_line: CH2OH#1 + #2 <-> CH2#2 + OH#1                          [0.6895177907458395   -1.06]
line: CH3O#1 + #1 <-> CH3#1 + O#1                            [  1.83   -0.5400 ] 

new_line: CH3O#1 + #1 <-> CH3#1 + O#1                            [1.1723285677881343   -0.54]
line: CH3O#1 + #2 <-> CH3#2 + O#1                            [  1.77   -0.5300 ] 

new_line: CH3O#1 + #2 <-> CH3#2 + O#1                            [0.38043606833791466   -0.53]
line: CH3OH#1 + #1 <-> CH3#1 + OH#1                          [  0.53   -2.2200 ] 

new_line: CH3OH#1 + #1 <-> CH3#1 + OH#1                          [0.8190206639208111   -2.22]
line: CH3OH#1 + #2 <-> CH3#2 + OH#1                          [  0.74   -2.2100 ] 

new_line: CH3OH#1 + #2 <-> CH3#2 + OH#1                          [0.7552886634424911   -2.21]
line: CH#1 + H#1 <-> CH2#1 + #1                              [  0.94   -0.460  ] 

new_line: CH#1 + H#1 <-> CH2#1 + #1                              [0.21478362332580764   -0.46]
line: CH#1 + OH#1 <-> CH2#1 + O#1                            [  0.53   -0.6900 ] 

new_line: CH#1 + OH#1 <-> CH2#1 + O#1                            [0.8749913337030775   -0.69]
line: CH2#1 + H#1 <-> CH3#1 + #1                             [  1.57    0.51   ] 

new_line: CH2#1 + H#1 <-> CH3#1 + #1                             [0.7076745601675817   0.51]
line: CH2#2 + H#1 <-> CH3#2 + #1                             [  0.55   -0.84   ] 

new_line: CH2#2 + H#1 <-> CH3#2 + #1                             [1.1676471076229824   -0.84]
line: CH2#2 + OH#1 <->CH3#2 + O#1                            [  0.74   -1.07   ] 

new_line: CH2#2 + OH#1 <->CH3#2 + O#1                            [0.6026076842017035   -1.07]
line: CH2#1 + OH#1 <->CH3#1 + O#1                            [  0.87    0.28   ] 

new_line: CH2#1 + OH#1 <->CH3#1 + O#1                            [0.6559347330557926   0.28]
line: CH3#2 + H#2 <-> CH4 + #2 + #2                          [  1.15   -1.710  ] 

new_line: CH3#2 + H#2 <-> CH4 + #2 + #2                          [1.2872516132325456   -1.71]
line: CH3#2 + OH#1 <-> CH4 + #2 + O#1                        [  0.75   -1.30   ] 

new_line: CH3#2 + OH#1 <-> CH4 + #2 + O#1                        [0.9069957102332822   -1.3]
line: CH3#2 + H#1 <-> CH4 + #1 + #2                          [  1.27   -1.07   ] 

new_line: CH3#2 + H#1 <-> CH4 + #1 + #2                          [1.1573619845036756   -1.07]
line: CH3#1 + H#2 <-> CH4 + #1 + #2                          [  1.11   -1.70   ] 

new_line: CH3#1 + H#2 <-> CH4 + #1 + #2                          [0.7541844120869756   -1.7]
line: CH3#1 + H#1 <-> CH4 + #1+ #1                           [  1.68   -1.06   ] 

new_line: CH3#1 + H#1 <-> CH4 + #1+ #1                           [0.15004945200920738   -1.06]
line: CH3#1 + OH#1 <-> CH4 + #1+ O#1                         [  0.79   -1.29   ] 

new_line: CH3#1 + OH#1 <-> CH4 + #1+ O#1                         [1.469528527789262   -1.29]
line: CHO#1 + CO#1 <-> CH#1 + CO2#1                          [  1.14   -0.6300 ] 

new_line: CHO#1 + CO#1 <-> CH#1 + CO2#1                          [1.2991044477339824   -0.63]
line: CH2O#1 + CO#1 <-> CH2#1 + CO2#1                        [  1.930  -0.7800 ] 

new_line: CH2O#1 + CO#1 <-> CH2#1 + CO2#1                        [0.408923121653583   -0.78]
line: CH3O#1 + CO#1 <-> CH3#1 + CO2#1                        [  2.59   -0.2500 ] 

new_line: CH3O#1 + CO#1 <-> CH3#1 + CO2#1                        [0.16399350701520699   -0.25]
line: CHO#1 + CO#2 <-> CH#1 + CO2#2                          [  2.35    0.3100 ] 

new_line: CHO#1 + CO#2 <-> CH#1 + CO2#2                          [1.6323268101015633   0.31]
line: CH2O#1 + CO#2 <-> CH2#1 + CO2#2                        [  2.55    0.1700 ] 

new_line: CH2O#1 + CO#2 <-> CH2#1 + CO2#2                        [0.17338567890728307   0.17]
line: CH3O#1 + CO#2 <-> CH3#1 + CO2#2                        [  3.32    0.7000 ] 

new_line: CH3O#1 + CO#2 <-> CH3#1 + CO2#2                        [0.7562043420024658   0.7]
line: CH2#1 + CO#2 <-> CH2CO#1 + #2                          [  0.50    0.2800 ] 

new_line: CH2#1 + CO#2 <-> CH2CO#1 + #2                          [1.012684595253047   0.28]
line: CH2#1 + CO#1 <-> CH2CO#1 + #1                          [  0.88    0.4600 ] 

new_line: CH2#1 + CO#1 <-> CH2CO#1 + #1                          [1.2434832762394459   0.46]
line: CH2#2 + CO#2 <-> CH2CO#2 +#2                           [  0.20   -0.6300 ] 

new_line: CH2#2 + CO#2 <-> CH2CO#2 +#2                           [0.2687965415696343   -0.63]
line: CH3#1 + CO#2 <-> CH3CO#1 + #2                          [  0.62    0.5000 ] 

new_line: CH3#1 + CO#2 <-> CH3CO#1 + #2                          [1.8384952817883284   0.5]
line: CH3#1 + CO#1 <-> CH3CO#1 + #1                          [  0.97    0.6700 ] 

new_line: CH3#1 + CO#1 <-> CH3CO#1 + #1                          [0.9147238917715055   0.67]
line: CH3#2 + CO#2 <-> CH3CO#2 +#2                           [  0.53   -0.1000 ] 

new_line: CH3#2 + CO#2 <-> CH3CO#2 +#2                           [0.23636178927178192   -0.1]
line: CH3CO#1 + #1 <-> CH2CO#1 + H#1                         [  0.21   -0.7300 ] 

new_line: CH3CO#1 + #1 <-> CH2CO#1 + H#1                         [0.16143783062243233   -0.73]
line: CH3CO#1 + O#1 <-> CH2CO#1 + OH#1                       [  0.00   -0.4000 ] 

new_line: CH3CO#1 + O#1 <-> CH2CO#1 + OH#1                       [0.1782628911765286   -0.4]
line: CH3CO#2 + #1 <-> CH2CO#2 + H#1                         [  1.89    0.3200 ] 

new_line: CH3CO#2 + #1 <-> CH2CO#2 + H#1                         [1.709307630681924   0.32]
line: CH3CO#2 + O#1 <-> CH2CO#2 + OH#1                       [  2.31    0.5400 ] 

new_line: CH3CO#2 + O#1 <-> CH2CO#2 + OH#1                       [1.522774190716713   0.54]
line: 224796
CH2CO#1 <-> CH2CO + #1                                 [ -0.093  -0.730  ] 

new_line: CH2CO#1 <-> CH2CO + #1                                 [0.37612153041858554   -0.73]
line: CH2CO#2 <-> CH2CO + #2                                 [ -0.575  -1.180  ] 

new_line: CH2CO#2 <-> CH2CO + #2                                 [0.45582973802547455   -1.18]
line: CO#2 + O#1 <-> CO2#1 + #2                              [  0.15    0.1200 ] 

new_line: CO#2 + O#1 <-> CO2#1 + #2                              [1.4224238623664718   0.12]
line: CO#2 + OH#1 <-> COOH#2 +#1                             [  1.7800  1.4800 ] 

new_line: CO#2 + OH#1 <-> COOH#2 +#1                             [2.433160819225953   1.48]
line: COOH#2 + O#1 <-> CO2#2 + OH#1                          [  0.280  -0.2400 ] 

new_line: COOH#2 + O#1 <-> CO2#2 + OH#1                          [1.3225125901848112   -0.24]
line: COOH#2 + #1 <-> CO2#2 + H#1                            [  3.73   -0.4700 ] 

new_line: COOH#2 + #1 <-> CO2#2 + H#1                            [0.30868730208096495   -0.47]
line: H#1 + OH#1 <-> H2O#1 + #1                              [  1.89    1.8900 ] 

new_line: H#1 + OH#1 <-> H2O#1 + #1                              [2.3801827088406546   1.89]
line: OH#1 + OH#1 <-> H2O#1 + O#1                            [  1.600   1.6400 ] 

new_line: OH#1 + OH#1 <-> H2O#1 + O#1                            [2.7423086648016493   1.64]
line: H#2 + OH#1 <-> H2O#1 + #2                              [  1.96    1.2300 ] 

new_line: H#2 + OH#1 <-> H2O#1 + #2                              [2.3198676361210744   1.23]
line: CO2#1 <-> CO2 + #1                                     [  0.329  -0.3100 ] 

new_line: CO2#1 <-> CO2 + #1                                     [0.589857409604945   -0.31]
line: CO2#2 <-> CO2 + #2                                     [ -0.824  -1.4300 ] 

new_line: CO2#2 <-> CO2 + #2                                     [0.31867916169973265   -1.43]
line: H2O#1 <-> H2O + #1                                     [ -0.227  -0.8400 ] 

new_line: H2O#1 <-> H2O + #1                                     [0.9311698719890802   -0.84]
wait
C
R
C
R
C
R
C
R
C
R
C
R
C
R
R
Run log in the file : /home/hxyang/my_Code/matlab_NN/test_sasian/test_new/test_67/1.5/result_1/log11
last_line: Run log in the file : /home/hxyang/my_Code/matlab_NN/test_sasian/test_new/test_67/1.5/result_1/log11 log_n 11
line: CO + #1 <-> CO#1                                       [  0.626   0.7300 ] 

new_line: CO + #1 <-> CO#1                                       [0.7435959214056705   0.73]
line: CO + #2 <-> CO#2                                       [  0.593   0.9100 ] 

new_line: CO + #2 <-> CO#2                                       [1.1092845753150558   0.91]
line: H2 + #1 <-> H2#1                                       [  0.549   0.9500 ] 

new_line: H2 + #1 <-> H2#1                                       [2.2301581336035605   0.95]
line: H2#1 + #2 <-> H#1 + H#2                                [  0.430  -0.7100 ] 

new_line: H2#1 + #2 <-> H#1 + H#2                                [0.8420091654268973   -0.71]
line: H#2 + #1 <-> H#1 + #2                                  [     0   -0.6400 ] 

new_line: H#2 + #1 <-> H#1 + #2                                  [0.13281751743977932   -0.64]
line: CO#1 + H#1 <-> CHO#1 + #1                              [  0.620   0.5900 ] 

new_line: CO#1 + H#1 <-> CHO#1 + #1                              [0.8311735474138549   0.59]
line: CO#1 + H#1 <-> COH#1 + #1                              [  2.220   1.9400 ] 

new_line: CO#1 + H#1 <-> COH#1 + #1                              [2.8535842198936066   1.94]
line: CHO#1 + H#1 <-> CH2O#1 + #1                            [  0.290  -0.3200 ] 

new_line: CHO#1 + H#1 <-> CH2O#1 + #1                            [1.1170762158591565   -0.32]
line: CHO#1 + H#1 <-> CHOH#1 + #1                            [  1.42    0.4200 ] 

new_line: CHO#1 + H#1 <-> CHOH#1 + #1                            [0.6086470646766492   0.42]
line: CH2O#1 + H#1 <-> CH3O#1 + #1                           [  0.850  -0.0100 ] 

new_line: CH2O#1 + H#1 <-> CH3O#1 + #1                           [0.5220678299267864   -0.01]
line: CH2O#1 + H#1 <-> CH2OH#1 + #1                          [  2.71    1.5800 ] 

new_line: CH2O#1 + H#1 <-> CH2OH#1 + #1                          [2.2479582734772947   1.58]
line: COH#1 + H#1 <-> CHOH#1 + #1                            [  0.55   -0.9400 ] 

new_line: COH#1 + H#1 <-> CHOH#1 + #1                            [0.8865849880034515   -0.94]
line: CHOH#1 + H#1 <-> CH2OH#1 + #1                          [  1.66    0.8400 ] 

new_line: CHOH#1 + H#1 <-> CH2OH#1 + #1                          [2.274581829316652   0.84]
line: CH2OH#1 + H#1 <-> CH3OH#1 + #1                         [  1.04    0.3100 ] 

new_line: CH2OH#1 + H#1 <-> CH3OH#1 + #1                         [0.9855751727138387   0.31]
line: CH3O#1 + H#1 <-> CH3OH#1 + #1                          [  1.91    1.9100 ] 

new_line: CH3O#1 + H#1 <-> CH3OH#1 + #1                          [2.796515855289468   1.91]
line: CH2O#1 <-> CH2O + #1                                   [  0.848   0.2200 ] 

new_line: CH2O#1 <-> CH2O + #1                                   [1.0697506733816975   0.22]
line: CH3OH#1 <-> CH3OH + #1                                 [ -0.79   -1.4200 ] 

new_line: CH3OH#1 <-> CH3OH + #1                                 [0.20770308915906893   -1.42]
line: CHO#1 + #1 <-> CH#1 + O#1                              [  0.22   -0.9300 ] 

new_line: CHO#1 + #1 <-> CH#1 + O#1                              [0.2835458033233464   -0.93]
line: CH2O#1 + #1 <-> CH2#1 + O#1                            [  1.08   -1.070  ] 

new_line: CH2O#1 + #1 <-> CH2#1 + O#1                            [0.4211056346509441   -1.07]
line: CH2O#1 + #2 <-> CH2#2 + O#1                            [  2.68    0.2900 ] 

new_line: CH2O#1 + #2 <-> CH2#2 + O#1                            [1.5727129763814753   0.29]
line: CHOH#1 + #1 <-> CH#1 + OH#1                            [  0.36   -1.1200 ] 

new_line: CHOH#1 + #1 <-> CH#1 + OH#1                            [0.4075321694990137   -1.12]
line: CH2OH#1 + #1 <-> CH2#1 + OH#1                          [  1.22   -2.4200 ] 

new_line: CH2OH#1 + #1 <-> CH2#1 + OH#1                          [0.7547886325780164   -2.42]
line: CH2OH#1 + #2 <-> CH2#2 + OH#1                          [  0.30   -1.0600 ] 

new_line: CH2OH#1 + #2 <-> CH2#2 + OH#1                          [0.11502312015425813   -1.06]
line: CH3O#1 + #1 <-> CH3#1 + O#1                            [  1.83   -0.5400 ] 

new_line: CH3O#1 + #1 <-> CH3#1 + O#1                            [0.19664765444404636   -0.54]
line: CH3O#1 + #2 <-> CH3#2 + O#1                            [  1.77   -0.5300 ] 

new_line: CH3O#1 + #2 <-> CH3#2 + O#1                            [1.0526145840909116   -0.53]
line: CH3OH#1 + #1 <-> CH3#1 + OH#1                          [  0.53   -2.2200 ] 

new_line: CH3OH#1 + #1 <-> CH3#1 + OH#1                          [0.9840338031675057   -2.22]
line: CH3OH#1 + #2 <-> CH3#2 + OH#1                          [  0.74   -2.2100 ] 

new_line: CH3OH#1 + #2 <-> CH3#2 + OH#1                          [0.3685018153251129   -2.21]
line: CH#1 + H#1 <-> CH2#1 + #1                              [  0.94   -0.460  ] 

new_line: CH#1 + H#1 <-> CH2#1 + #1                              [0.7486946973470068   -0.46]
line: CH#1 + OH#1 <-> CH2#1 + O#1                            [  0.53   -0.6900 ] 

new_line: CH#1 + OH#1 <-> CH2#1 + O#1                            [1.1289642851248582   -0.69]
line: CH2#1 + H#1 <-> CH3#1 + #1                             [  1.57    0.51   ] 

new_line: CH2#1 + H#1 <-> CH3#1 + #1                             [1.262134273631945   0.51]
line: CH2#2 + H#1 <-> CH3#2 + #1                             [  0.55   -0.84   ] 

new_line: CH2#2 + H#1 <-> CH3#2 + #1                             [0.24380842795464697   -0.84]
line: CH2#2 + OH#1 <->CH3#2 + O#1                            [  0.74   -1.07   ] 

new_line: CH2#2 + OH#1 <->CH3#2 + O#1                            [1.306783288354567   -1.07]
line: CH2#1 + OH#1 <->CH3#1 + O#1                            [  0.87    0.28   ] 

new_line: 224801
CH2#1 + OH#1 <->CH3#1 + O#1                            [1.5058567390668467   0.28]
line: CH3#2 + H#2 <-> CH4 + #2 + #2                          [  1.15   -1.710  ] 

new_line: CH3#2 + H#2 <-> CH4 + #2 + #2                          [0.6633878893038041   -1.71]
line: CH3#2 + OH#1 <-> CH4 + #2 + O#1                        [  0.75   -1.30   ] 

new_line: CH3#2 + OH#1 <-> CH4 + #2 + O#1                        [1.3408301763412036   -1.3]
line: CH3#2 + H#1 <-> CH4 + #1 + #2                          [  1.27   -1.07   ] 

new_line: CH3#2 + H#1 <-> CH4 + #1 + #2                          [1.0257698477318882   -1.07]
line: CH3#1 + H#2 <-> CH4 + #1 + #2                          [  1.11   -1.70   ] 

new_line: CH3#1 + H#2 <-> CH4 + #1 + #2                          [0.58821001337994   -1.7]
line: CH3#1 + H#1 <-> CH4 + #1+ #1                           [  1.68   -1.06   ] 

new_line: CH3#1 + H#1 <-> CH4 + #1+ #1                           [0.7554304507870695   -1.06]
line: CH3#1 + OH#1 <-> CH4 + #1+ O#1                         [  0.79   -1.29   ] 

new_line: CH3#1 + OH#1 <-> CH4 + #1+ O#1                         [0.8759090127116894   -1.29]
line: CHO#1 + CO#1 <-> CH#1 + CO2#1                          [  1.14   -0.6300 ] 

new_line: CHO#1 + CO#1 <-> CH#1 + CO2#1                          [0.8144051444587288   -0.63]
line: CH2O#1 + CO#1 <-> CH2#1 + CO2#1                        [  1.930  -0.7800 ] 

new_line: CH2O#1 + CO#1 <-> CH2#1 + CO2#1                        [0.662370038919635   -0.78]
line: CH3O#1 + CO#1 <-> CH3#1 + CO2#1                        [  2.59   -0.2500 ] 

new_line: CH3O#1 + CO#1 <-> CH3#1 + CO2#1                        [1.19808912510277   -0.25]
line: CHO#1 + CO#2 <-> CH#1 + CO2#2                          [  2.35    0.3100 ] 

new_line: CHO#1 + CO#2 <-> CH#1 + CO2#2                          [1.2425205824402683   0.31]
line: CH2O#1 + CO#2 <-> CH2#1 + CO2#2                        [  2.55    0.1700 ] 

new_line: CH2O#1 + CO#2 <-> CH2#1 + CO2#2                        [0.7847584388886565   0.17]
line: CH3O#1 + CO#2 <-> CH3#1 + CO2#2                        [  3.32    0.7000 ] 

new_line: CH3O#1 + CO#2 <-> CH3#1 + CO2#2                        [1.922314013806807   0.7]
line: CH2#1 + CO#2 <-> CH2CO#1 + #2                          [  0.50    0.2800 ] 

new_line: CH2#1 + CO#2 <-> CH2CO#1 + #2                          [0.9394516189667932   0.28]
line: CH2#1 + CO#1 <-> CH2CO#1 + #1                          [  0.88    0.4600 ] 

new_line: CH2#1 + CO#1 <-> CH2CO#1 + #1                          [1.8176556640355925   0.46]
line: CH2#2 + CO#2 <-> CH2CO#2 +#2                           [  0.20   -0.6300 ] 

new_line: CH2#2 + CO#2 <-> CH2CO#2 +#2                           [0.06634326393604828   -0.63]
line: CH3#1 + CO#2 <-> CH3CO#1 + #2                          [  0.62    0.5000 ] 

new_line: CH3#1 + CO#2 <-> CH3CO#1 + #2                          [1.5894749060538877   0.5]
line: CH3#1 + CO#1 <-> CH3CO#1 + #1                          [  0.97    0.6700 ] 

new_line: CH3#1 + CO#1 <-> CH3CO#1 + #1                          [1.2616350149036373   0.67]
line: CH3#2 + CO#2 <-> CH3CO#2 +#2                           [  0.53   -0.1000 ] 

new_line: CH3#2 + CO#2 <-> CH3CO#2 +#2                           [0.6271061440040135   -0.1]
line: CH3CO#1 + #1 <-> CH2CO#1 + H#1                         [  0.21   -0.7300 ] 

new_line: CH3CO#1 + #1 <-> CH2CO#1 + H#1                         [0.07407634039481135   -0.73]
line: CH3CO#1 + O#1 <-> CH2CO#1 + OH#1                       [  0.00   -0.4000 ] 

new_line: CH3CO#1 + O#1 <-> CH2CO#1 + OH#1                       [1.20411595118737   -0.4]
line: CH3CO#2 + #1 <-> CH2CO#2 + H#1                         [  1.89    0.3200 ] 

new_line: CH3CO#2 + #1 <-> CH2CO#2 + H#1                         [0.8840182658230669   0.32]
line: CH3CO#2 + O#1 <-> CH2CO#2 + OH#1                       [  2.31    0.5400 ] 

new_line: CH3CO#2 + O#1 <-> CH2CO#2 + OH#1                       [0.560498467653621   0.54]
line: CH2CO#1 <-> CH2CO + #1                                 [ -0.093  -0.730  ] 

new_line: CH2CO#1 <-> CH2CO + #1                                 [0.7296072322637924   -0.73]
line: CH2CO#2 <-> CH2CO + #2                                 [ -0.575  -1.180  ] 

new_line: CH2CO#2 <-> CH2CO + #2                                 [0.07502086392166862   -1.18]
line: CO#2 + O#1 <-> CO2#1 + #2                              [  0.15    0.1200 ] 

new_line: CO#2 + O#1 <-> CO2#1 + #2                              [0.8774827223131889   0.12]
line: CO#2 + OH#1 <-> COOH#2 +#1                             [  1.7800  1.4800 ] 

new_line: CO#2 + OH#1 <-> COOH#2 +#1                             [2.010362126076938   1.48]
line: COOH#2 + O#1 <-> CO2#2 + OH#1                          [  0.280  -0.2400 ] 

new_line: COOH#2 + O#1 <-> CO2#2 + OH#1                          [0.17272254990504066   -0.24]
line: COOH#2 + #1 <-> CO2#2 + H#1                            [  3.73   -0.4700 ] 

new_line: COOH#2 + #1 <-> CO2#2 + H#1                            [1.105267064023443   -0.47]
line: H#1 + OH#1 <-> H2O#1 + #1                              [  1.89    1.8900 ] 

new_line: H#1 + OH#1 <-> H2O#1 + #1                              [2.6251098510174433   1.89]
line: OH#1 + OH#1 <-> H2O#1 + O#1                            [  1.600   1.6400 ] 

new_line: OH#1 + OH#1 <-> H2O#1 + O#1                            [1.7548583417185635   1.64]
line: H#2 + OH#1 <-> H2O#1 + #2                              [  1.96    1.2300 ] 

new_line: H#2 + OH#1 <-> H2O#1 + #2                              [1.4940152223483885   1.23]
line: CO2#1 <-> CO2 + #1                                     [  0.329  -0.3100 ] 

new_line: CO2#1 <-> CO2 + #1                                     [0.9741071623152173   -0.31]
line: CO2#2 <-> CO2 + #2                                     [ -0.824  -1.4300 ] 

new_line: CO2#2 <-> CO2 + #2                                     [1.2836413513568956   -1.43]
line: H2O#1 <-> H2O + #1                                     [ -0.227  -0.8400 ] 

new_line: H2O#1 <-> H2O + #1                                     [0.3214461643486431   -0.84]
wait
C
R
C
R
C
R
C
R
C
R
C
R
R
R
R
R
R
Run log in the file : /home/hxyang/my_Code/matlab_NN/test_sasian/test_new/test_67/1.5/result_1/log12
last_line: Run log in the file : /home/hxyang/my_Code/matlab_NN/test_sasian/test_new/test_67/1.5/result_1/log12 log_n 12
line: CO + #1 <-> CO#1                                       [  0.626   0.7300 ] 

new_line: CO + #1 <-> CO#1                                       [1.0366202773423674   0.73]
line: CO + #2 <-> CO#2                                       [  0.593   0.9100 ] 

new_line: CO + #2 <-> CO#2                                       [2.120120019192385   0.91]
line: H2 + #1 <-> H2#1                                       [  0.549   0.9500 ] 

new_line: H2 + #1 <-> H2#1                                       [1.6926859746698324   0.95]
line: H2#1 + #2 <-> H#1 + H#2                                [  0.430  -0.7100 ] 

new_line: H2#1 + #2 <-> H#1 + H#2                                [0.7922593140964576   -0.71]
line: H#2 + #1 <-> H#1 + #2                                  [     0   -0.6400 ] 

new_line: H#2 + #1 <-> H#1 + #2                                  [0.8554511889485321   -0.64]
line: CO#1 + H#1 <-> CHO#1 + #1                              [  0.620   0.5900 ] 

new_line: CO#1 + H#1 <-> CHO#1 + #1                              [1.7215318890418763   0.59]
line: CO#1 + H#1 <-> COH#1 + #1                              [  2.220   1.9400 ] 

new_line: CO#1 + H#1 <-> COH#1 + #1                              [2.691593527837501   1.94]
line: CHO#1 + H#1 <-> CH2O#1 + #1                            [  0.290  -0.3200 ] 

new_line: CHO#1 + H#1 <-> CH2O#1 + #1                            [0.525282519364758   -0.32]
line: CHO#1 + H#1 <-> CHOH#1 + #1                            [  1.42    0.4200 ] 

new_line: CHO#1 + H#1 <-> CHOH#1 + #1                            [0.6399510113104686   0.42]
line: CH2O#1 + H#1 <-> CH3O#1 + #1                           [  0.850  -0.0100 ] 

new_line: CH2O#1 + H#1 <-> CH3O#1 + #1                           [0.3994265089522874   -0.01]
line: CH2O#1 + H#1 <-> CH2OH#1 + #1                          [  2.71    1.5800 ] 

new_line: CH2O#1 + H#1 <-> CH2OH#1 + #1                          [2.56461767483419   1.58]
line: COH#1 + H#1 <-> CHOH#1 + #1                            [  0.55   -0.9400 ] 

new_line: COH#1 + H#1 <-> CHOH#1 + #1                            [0.3488963775015095   -0.94]
line: CHOH#1 + H#1 <-> CH2OH#1 + #1                          [  1.66    0.8400 ] 

new_line: CHOH#1 + H#1 <-> CH2OH#1 + #1                          [1.9881311359885978   0.84]
line: CH2OH#1 + H#1 <-> CH3OH#1 + #1                         [  1.04    0.3100 ] 

new_line: CH2OH#1 + H#1 <-> CH3OH#1 + #1                         [0.5237686843293192   0.31]
line: CH3O#1 + H#1 <-> CH3OH#1 + #1                          [  1.91    1.9100 ] 

new_line: CH3O#1 + H#1 <-> CH3OH#1 + #1                          [2.9829106345090297   1.91]
line: CH2O#1 <-> CH2O + #1                                   [  0.848   0.2200 ] 

new_line: CH2O#1 <-> CH2O + #1                                   [0.27271070957492094   0.22]
line: CH3OH#1 <-> CH3OH + #1                                 [ -0.79   -1.4200 ] 

new_line: CH3OH#1 <-> CH3OH + #1                                 [0.986333954868938   -1.42]
line: CHO#1 + #1 <-> CH#1 + O#1                              [  0.22   -0.9300 ] 

new_line: CHO#1 + #1 <-> CH#1 + O#1                              [0.012415283796023288   -0.93]
line: CH2O#1 + #1 <-> CH2#1 + O#1                            [  1.08   -1.070  ] 

new_line: CH2O#1 + #1 <-> CH2#1 + O#1                            [1.0342446073168956   -1.07]
line: CH2O#1 + #2 <-> CH2#2 + O#1                            [  2.68    0.2900 ] 

new_line: CH2O#1 + #2 <-> CH2#2 + O#1                            [0.7283596110945977   0.29]
line: CHOH#1 + #1 <-> CH#1 + OH#1                            [  0.36   -1.1200 ] 

new_line: CHOH#1 + #1 <-> CH#1 + OH#1                            [1.0283716325627996   -1.12]
line: CH2OH#1 + #1 <-> CH2#1 + OH#1                          [  1.22   -2.4200 ] 

new_line: CH2OH#1 + #1 <-> CH2#1 + OH#1                          [0.6570283329109836   -2.42]
line: CH2OH#1 + #2 <-> CH2#2 + OH#1                          [  0.30   -1.0600 ] 

new_line: CH2OH#1 + #2 <-> CH2#2 + OH#1                          [0.5749307167974305   -1.06]
line: CH3O#1 + #1 <-> CH3#1 + O#1                            [  1.83   -0.5400 ] 

new_line: CH3O#1 + #1 <-> CH3#1 + O#1                            [1.2897476365924772   -0.54]
line: CH3O#1 + #2 <-> CH3#2 + O#1                            [  1.77   -0.5300 ] 

new_line: CH3O#1 + #2 <-> CH3#2 + O#1                            [0.5529720100912696   -0.53]
line: CH3OH#1 + #1 <-> CH3#1 + OH#1                          [  0.53   -2.2200 ] 

new_line: CH3OH#1 + #1 <-> CH3#1 + OH#1                          [0.0004927119224941324   -2.22]
line: CH3OH#1 + #2 <-> CH3#2 + OH#1                          [  0.74   -2.2100 ] 

new_line: CH3OH#1 + #2 <-> CH3#2 + OH#1                          [0.059861511739918175   -2.21]
line: CH#1 + H#1 <-> CH2#1 + #1                              [  0.94   -0.460  ] 

new_line: CH#1 + H#1 <-> CH2#1 + #1                              [0.31611649055524177   -0.46]
line: CH#1 + OH#1 <-> CH2#1 + O#1                            [  0.53   -0.6900 ] 

new_line: CH#1 + OH#1 <-> CH2#1 + O#1                            [0.7207444396888473   -0.69]
line: CH2#1 + H#1 <-> CH3#1 + #1                             [  1.57    0.51   ] 

new_line: CH2#1 + H#1 <-> CH3#1 + #1                             [0.8099658345651474   0.51]
line: CH2#2 + H#1 <-> CH3#2 + #1                             [  0.55   -0.84   ] 

new_line: CH2#2 + H#1 <-> CH3#2 + #1                             [1.0478967865597097   -0.84]
line: CH2#2 + OH#1 <->CH3#2 + O#1                            [  0.74   -1.07   ] 

new_line: CH2#2 + OH#1 <->CH3#2 + O#1                            [1.0426169542721335   -1.07]
line: CH2#1 + OH#1 <->CH3#1 + O#1                            [  0.87    0.28   ] 

new_line: CH2#1 + OH#1 <->CH3#1 + O#1                            [1.0691199896671606   0.28]
line: CH3#2 + H#2 <-> CH4 + #2 + #2                          [  1.15   -1.710  ] 

new_line: CH3#2 + H#2 <-> CH4 + #2 + #2                          [1.4592578503095657   -1.71]
line: CH3#2 + OH#1 <-> CH4 + #2 + O#1                        [  0.75   -1.30   ] 

new_line: CH3#2 + OH#1 <-> CH4 + #2 + O#1                        [1.2737513744260587   -1.3]
line: CH3#2 + H#1 <-> CH4 + #1 + #2                          [  1.27   -1.07   ] 

new_line: CH3#2 + H#1 <-> CH4 + #1 + #2                          [0.8096455434254719   -1.07]
line: CH3#1 + H#2 <-> CH4 + #1 + #2                          [  1.11   -1.70   ] 

new_line: CH3#1 + H#2 <-> CH4 + #1 + #2                          [1.0742458338657945   -1.7]
line: CH3#1 + H#1 <-> CH4 + #1+ #1                           [  1.68   -1.06   ] 

new_line: CH3#1 + H#1 <-> CH4 + #1+ #1                           [0.3734463608500076   -1.06]
line: CH3#1 + OH#1 <-> CH4 + #1+ O#1                         [  0.79   -1.29   ] 

new_line: CH3#1 + OH#1 <-> CH4 + #1+ O#1                         [0.7264365546593761   -1.29]
line: CHO#1 + CO#1 <-> CH#1 + CO2#1                          [  1.14   -0.6300 ] 

new_line: CHO#1 + CO#1 <-> CH#1 + CO2#1                          [1.044836469050108   -0.63]
line: CH2O#1 + CO#1 <-> CH2#1 + CO2#1                        [  1.930  -0.7800 ] 

new_line: CH2O#1 + CO#1 <-> CH2#1 + CO2#1                        [0.5704320330960826   -0.78]
line: CH3O#1 + CO#1 <-> CH3#1 + CO2#1                        [  2.59   -0.2500 ] 

new_line: CH3O#1 + CO#1 <-> CH3#1 + CO2#1                        [0.8520053567739075   -0.25]
line: CHO#1 + CO#2 <-> CH#1 + CO2#2                          [  2.35    0.3100 ] 

new_line: CHO#1 + CO#2 <-> CH#1 + CO2#2                          [0.7210840676110968   0.31]
line: CH2O#1 + CO#2 <-> CH2#1 + CO2#2                        [  2.55    0.1700 ] 

new_line: CH2O#1 + CO#2 <-> CH2#1 + CO2#2                        [0.6692738872385546   0.17]
line: CH3O#1 + CO#2 <-> CH3#1 + CO2#2                        [  3.32    0.7000 ] 

new_line: CH3O#1 + CO#2 <-> CH3#1 + CO2#2                        [1.6555503247713803   0.7]
line: CH2#1 + CO#2 <-> CH2CO#1 + #2                          [  0.50    0.2800 ] 

new_line: CH2#1 + CO#2 <-> CH2CO#1 + #2                          [1.306208037470655   0.28]
line: CH2#1 + CO#1 <-> CH2CO#1 + #1                          [  0.88    0.4600 ] 

new_line: CH2#1 + CO#1 <-> CH2CO#1 + #1                          [1.863198550915211   0.46]
line: CH2#2 + CO#2 <-> CH2CO#2 +#2                           [  0.20   -0.6300 ] 

new_line: CH2#2 + CO#2 <-> CH2CO#2 +#2                           [0.20545644568917826   -0.63]
line: CH3#1 + CO#2 <-> CH3CO#1 + #2                          [  0.62    0.5000 ] 

new_line: CH3#1 + CO#2 <-> CH3CO#1 + #2                          [1.986214522532156   0.5]
line: CH3#1 + CO#1 <-> CH3CO#1 + #1                          [  0.97    0.6700 ] 

new_line: CH3#1 + CO#1 <-> CH3CO#1 + #1                          [1.9061206809628506   0.67]
line: CH3#2 + CO#2 <-> CH3CO#2 +#2                           [  0.53   -0.1000 ] 

new_line: CH3#2 + CO#2 <-> CH3CO#2 +#2                           [1.1827753322378267   -0.1]
line: CH3CO#1 + #1 <-> CH2CO#1 + H#1                         [  0.21   -0.7300 ] 

new_line: CH3CO#1 + #1 <-> CH2CO#1 + H#1                         [1.0627780934165845   -0.73]
line: CH3CO#1 + O#1 <-> CH2CO#1 + OH#1                       [  0.00   -0.4000 ] 

new_line: CH3CO#1 + O#1 <-> CH2CO#1 + OH#1                       [0.9853275976721478   -0.4]
line: CH3CO#2 + #1 <-> CH2CO#2 + H#1                         [  1.89    0.3200 ] 

new_line: CH3CO#2 + #1 <-> CH2CO#2 + H#1                         [0.6698336501242153   0.32]
line: CH3CO#2 + O#1 <-> CH2CO#2 + OH#1                       [  2.31    0.5400 ] 

new_line: CH3CO#2 + O#1 <-> CH2CO#2 + OH#1                       [1.623710308233647   0.54]
line: CH2CO#1 <-> CH2CO + #1                                 [ -0.093  -0.730  ] 

new_line: CH2CO#1 <-> CH2CO + #1                                 [1.0742653911011226   -0.73]
line: CH2CO#2 <-> CH2CO + #2                                 [ -0.575  -1.180  ] 

new_line: 224802
CH2CO#2 <-> CH2CO + #2                                 [0.2143898773592605   -1.18]
line: CO#2 + O#1 <-> CO2#1 + #2                              [  0.15    0.1200 ] 

new_line: CO#2 + O#1 <-> CO2#1 + #2                              [0.7672111981818216   0.12]
line: CO#2 + OH#1 <-> COOH#2 +#1                             [  1.7800  1.4800 ] 

new_line: CO#2 + OH#1 <-> COOH#2 +#1                             [2.8429077321450897   1.48]
line: COOH#2 + O#1 <-> CO2#2 + OH#1                          [  0.280  -0.2400 ] 

new_line: COOH#2 + O#1 <-> CO2#2 + OH#1                          [0.7863880457269914   -0.24]
line: COOH#2 + #1 <-> CO2#2 + H#1                            [  3.73   -0.4700 ] 

new_line: COOH#2 + #1 <-> CO2#2 + H#1                            [0.35705426456807254   -0.47]
line: H#1 + OH#1 <-> H2O#1 + #1                              [  1.89    1.8900 ] 

new_line: H#1 + OH#1 <-> H2O#1 + #1                              [3.22238024677243   1.89]
line: OH#1 + OH#1 <-> H2O#1 + O#1                            [  1.600   1.6400 ] 

new_line: OH#1 + OH#1 <-> H2O#1 + O#1                            [2.16448312284028   1.64]
line: H#2 + OH#1 <-> H2O#1 + #2                              [  1.96    1.2300 ] 

new_line: H#2 + OH#1 <-> H2O#1 + #2                              [1.8279838614865263   1.23]
line: CO2#1 <-> CO2 + #1                                     [  0.329  -0.3100 ] 

new_line: CO2#1 <-> CO2 + #1                                     [0.09645513148789753   -0.31]
line: CO2#2 <-> CO2 + #2                                     [ -0.824  -1.4300 ] 

new_line: CO2#2 <-> CO2 + #2                                     [0.9891303366258732   -1.43]
line: H2O#1 <-> H2O + #1                                     [ -0.227  -0.8400 ] 

new_line: H2O#1 <-> H2O + #1                                     [0.5477734525418874   -0.84]
wait
C
R
C
R
C
R
C
R
C
R
C
R
R
R
R
R
Run log in the file : /home/hxyang/my_Code/matlab_NN/test_sasian/test_new/test_67/1.5/result_1/log13
last_line: Run log in the file : /home/hxyang/my_Code/matlab_NN/test_sasian/test_new/test_67/1.5/result_1/log13 log_n 13
line: CO + #1 <-> CO#1                                       [  0.626   0.7300 ] 

new_line: CO + #1 <-> CO#1                                       [1.9056222329442494   0.73]
line: CO + #2 <-> CO#2                                       [  0.593   0.9100 ] 

new_line: CO + #2 <-> CO#2                                       [1.1959748428685228   0.91]
line: H2 + #1 <-> H2#1                                       [  0.549   0.9500 ] 

new_line: H2 + #1 <-> H2#1                                       [1.214495909162362   0.95]
line: H2#1 + #2 <-> H#1 + H#2                                [  0.430  -0.7100 ] 

new_line: H2#1 + #2 <-> H#1 + H#2                                [0.749937768238264   -0.71]
line: H#2 + #1 <-> H#1 + #2                                  [     0   -0.6400 ] 

new_line: H#2 + #1 <-> H#1 + #2                                  [1.1087048747214117   -0.64]
line: CO#1 + H#1 <-> CHO#1 + #1                              [  0.620   0.5900 ] 

new_line: CO#1 + H#1 <-> CHO#1 + #1                              [1.1252182481524784   0.59]
line: CO#1 + H#1 <-> COH#1 + #1                              [  2.220   1.9400 ] 

new_line: CO#1 + H#1 <-> COH#1 + #1                              [2.9700052584514047   1.94]
line: CHO#1 + H#1 <-> CH2O#1 + #1                            [  0.290  -0.3200 ] 

new_line: CHO#1 + H#1 <-> CH2O#1 + #1                            [0.7938885542922676   -0.32]
line: CHO#1 + H#1 <-> CHOH#1 + #1                            [  1.42    0.4200 ] 

new_line: CHO#1 + H#1 <-> CHOH#1 + #1                            [1.65847375059169   0.42]
line: CH2O#1 + H#1 <-> CH3O#1 + #1                           [  0.850  -0.0100 ] 

new_line: CH2O#1 + H#1 <-> CH3O#1 + #1                           [0.4569963699924652   -0.01]
line: CH2O#1 + H#1 <-> CH2OH#1 + #1                          [  2.71    1.5800 ] 

new_line: CH2O#1 + H#1 <-> CH2OH#1 + #1                          [1.5967823229629472   1.58]
line: COH#1 + H#1 <-> CHOH#1 + #1                            [  0.55   -0.9400 ] 

new_line: COH#1 + H#1 <-> CHOH#1 + #1                            [0.18598311357315747   -0.94]
line: CHOH#1 + H#1 <-> CH2OH#1 + #1                          [  1.66    0.8400 ] 

new_line: CHOH#1 + H#1 <-> CH2OH#1 + #1                          [1.5950567485306495   0.84]
line: CH2OH#1 + H#1 <-> CH3OH#1 + #1                         [  1.04    0.3100 ] 

new_line: CH2OH#1 + H#1 <-> CH3OH#1 + #1                         [1.5769360016678722   0.31]
line: CH3O#1 + H#1 <-> CH3OH#1 + #1                          [  1.91    1.9100 ] 

new_line: CH3O#1 + H#1 <-> CH3OH#1 + #1                          [2.693498151761736   1.91]
line: CH2O#1 <-> CH2O + #1                                   [  0.848   0.2200 ] 

new_line: CH2O#1 <-> CH2O + #1                                   [1.6782425209043028   0.22]
line: CH3OH#1 <-> CH3OH + #1                                 [ -0.79   -1.4200 ] 

new_line: CH3OH#1 <-> CH3OH + #1                                 [0.3731906963275899   -1.42]
line: CHO#1 + #1 <-> CH#1 + O#1                              [  0.22   -0.9300 ] 

new_line: CHO#1 + #1 <-> CH#1 + O#1                              [0.1082169566934024   -0.93]
line: CH2O#1 + #1 <-> CH2#1 + O#1                            [  1.08   -1.070  ] 

new_line: CH2O#1 + #1 <-> CH2#1 + O#1                            [0.8812921187301768   -1.07]
line: CH2O#1 + #2 <-> CH2#2 + O#1                            [  2.68    0.2900 ] 

new_line: CH2O#1 + #2 <-> CH2#2 + O#1                            [0.6462287347143625   0.29]
line: CHOH#1 + #1 <-> CH#1 + OH#1                            [  0.36   -1.1200 ] 

new_line: CHOH#1 + #1 <-> CH#1 + OH#1                            [0.5947815346426248   -1.12]
line: CH2OH#1 + #1 <-> CH2#1 + OH#1                          [  1.22   -2.4200 ] 

new_line: CH2OH#1 + #1 <-> CH2#1 + OH#1                          [1.2241897837514877   -2.42]
line: CH2OH#1 + #2 <-> CH2#2 + OH#1                          [  0.30   -1.0600 ] 

new_line: CH2OH#1 + #2 <-> CH2#2 + OH#1                          [0.8924944789551819   -1.06]
line: CH3O#1 + #1 <-> CH3#1 + O#1                            [  1.83   -0.5400 ] 

new_line: CH3O#1 + #1 <-> CH3#1 + O#1                            [1.059707730476815   -0.54]
line: CH3O#1 + #2 <-> CH3#2 + O#1                            [  1.77   -0.5300 ] 

new_line: CH3O#1 + #2 <-> CH3#2 + O#1                            [0.9458555346914974   -0.53]
line: CH3OH#1 + #1 <-> CH3#1 + OH#1                          [  0.53   -2.2200 ] 

new_line: CH3OH#1 + #1 <-> CH3#1 + OH#1                          [1.2111772201148472   -2.22]
line: CH3OH#1 + #2 <-> CH3#2 + OH#1                          [  0.74   -2.2100 ] 

new_line: CH3OH#1 + #2 <-> CH3#2 + OH#1                          [1.3384754763244264   -2.21]
line: CH#1 + H#1 <-> CH2#1 + #1                              [  0.94   -0.460  ] 

new_line: CH#1 + H#1 <-> CH2#1 + #1                              [0.4167664433523543   -0.46]
line: CH#1 + OH#1 <-> CH2#1 + O#1                            [  0.53   -0.6900 ] 

new_line: CH#1 + OH#1 <-> CH2#1 + O#1                            [1.3216704776162447   -0.69]
line: CH2#1 + H#1 <-> CH3#1 + #1                             [  1.57    0.51   ] 

new_line: CH2#1 + H#1 <-> CH3#1 + #1                             [0.7911183729262852   0.51]
line: CH2#2 + H#1 <-> CH3#2 + #1                             [  0.55   -0.84   ] 

new_line: CH2#2 + H#1 <-> CH3#2 + #1                             [1.4382688153057637   -0.84]
line: CH2#2 + OH#1 <->CH3#2 + O#1                            [  0.74   -1.07   ] 

new_line: CH2#2 + OH#1 <->CH3#2 + O#1                            [0.8865832251807866   -1.07]
line: CH2#1 + OH#1 <->CH3#1 + O#1                            [  0.87    0.28   ] 

new_line: CH2#1 + OH#1 <->CH3#1 + O#1                            [1.2171385343468533   0.28]
line: CH3#2 + H#2 <-> CH4 + #2 + #2                          [  1.15   -1.710  ] 

new_line: CH3#2 + H#2 <-> CH4 + #2 + #2                          [0.6380671486479532   -1.71]
line: CH3#2 + OH#1 <-> CH4 + #2 + O#1                        [  0.75   -1.30   ] 

224803
new_line: CH3#2 + OH#1 <-> CH4 + #2 + O#1                        [1.0399459244356184   -1.3]
line: CH3#2 + H#1 <-> CH4 + #1 + #2                          [  1.27   -1.07   ] 

new_line: CH3#2 + H#1 <-> CH4 + #1 + #2                          [0.42027290871573325   -1.07]
line: CH3#1 + H#2 <-> CH4 + #1 + #2                          [  1.11   -1.70   ] 

new_line: CH3#1 + H#2 <-> CH4 + #1 + #2                          [1.177997268816137   -1.7]
line: CH3#1 + H#1 <-> CH4 + #1+ #1                           [  1.68   -1.06   ] 

new_line: CH3#1 + H#1 <-> CH4 + #1+ #1                           [0.6142589025709064   -1.06]
line: CH3#1 + OH#1 <-> CH4 + #1+ O#1                         [  0.79   -1.29   ] 

new_line: CH3#1 + OH#1 <-> CH4 + #1+ O#1                         [0.4219044011193027   -1.29]
line: CHO#1 + CO#1 <-> CH#1 + CO2#1                          [  1.14   -0.6300 ] 

new_line: CHO#1 + CO#1 <-> CH#1 + CO2#1                          [1.1393092981551518   -0.63]
line: CH2O#1 + CO#1 <-> CH2#1 + CO2#1                        [  1.930  -0.7800 ] 

new_line: CH2O#1 + CO#1 <-> CH2#1 + CO2#1                        [1.1939575705569812   -0.78]
line: CH3O#1 + CO#1 <-> CH3#1 + CO2#1                        [  2.59   -0.2500 ] 

new_line: CH3O#1 + CO#1 <-> CH3#1 + CO2#1                        [0.7659581732340313   -0.25]
line: CHO#1 + CO#2 <-> CH#1 + CO2#2                          [  2.35    0.3100 ] 

new_line: CHO#1 + CO#2 <-> CH#1 + CO2#2                          [0.4587183696673106   0.31]
line: CH2O#1 + CO#2 <-> CH2#1 + CO2#2                        [  2.55    0.1700 ] 

new_line: CH2O#1 + CO#2 <-> CH2#1 + CO2#2                        [0.5050726037472552   0.17]
line: CH3O#1 + CO#2 <-> CH3#1 + CO2#2                        [  3.32    0.7000 ] 

new_line: CH3O#1 + CO#2 <-> CH3#1 + CO2#2                        [0.9686149317283125   0.7]
line: CH2#1 + CO#2 <-> CH2CO#1 + #2                          [  0.50    0.2800 ] 

new_line: CH2#1 + CO#2 <-> CH2CO#1 + #2                          [0.6394593702557385   0.28]
line: CH2#1 + CO#1 <-> CH2CO#1 + #1                          [  0.88    0.4600 ] 

new_line: CH2#1 + CO#1 <-> CH2CO#1 + #1                          [0.8488459940496975   0.46]
line: CH2#2 + CO#2 <-> CH2CO#2 +#2                           [  0.20   -0.6300 ] 

new_line: CH2#2 + CO#2 <-> CH2CO#2 +#2                           [1.4547688126896114   -0.63]
line: CH3#1 + CO#2 <-> CH3CO#1 + #2                          [  0.62    0.5000 ] 

new_line: CH3#1 + CO#2 <-> CH3CO#1 + #2                          [1.5369906248888967   0.5]
line: CH3#1 + CO#1 <-> CH3CO#1 + #1                          [  0.97    0.6700 ] 

new_line: CH3#1 + CO#1 <-> CH3CO#1 + #1                          [1.99628983910848   0.67]
line: CH3#2 + CO#2 <-> CH3CO#2 +#2                           [  0.53   -0.1000 ] 

new_line: CH3#2 + CO#2 <-> CH3CO#2 +#2                           [1.2161583820885777   -0.1]
line: CH3CO#1 + #1 <-> CH2CO#1 + H#1                         [  0.21   -0.7300 ] 

new_line: CH3CO#1 + #1 <-> CH2CO#1 + H#1                         [1.377834262874933   -0.73]
line: CH3CO#1 + O#1 <-> CH2CO#1 + OH#1                       [  0.00   -0.4000 ] 

new_line: CH3CO#1 + O#1 <-> CH2CO#1 + OH#1                       [0.24038431555482598   -0.4]
line: CH3CO#2 + #1 <-> CH2CO#2 + H#1                         [  1.89    0.3200 ] 

new_line: CH3CO#2 + #1 <-> CH2CO#2 + H#1                         [1.6304796696575103   0.32]
line: CH3CO#2 + O#1 <-> CH2CO#2 + OH#1                       [  2.31    0.5400 ] 

new_line: CH3CO#2 + O#1 <-> CH2CO#2 + OH#1                       [1.7637204354347529   0.54]
line: CH2CO#1 <-> CH2CO + #1                                 [ -0.093  -0.730  ] 

new_line: CH2CO#1 <-> CH2CO + #1                                 [0.6365187058195327   -0.73]
line: CH2CO#2 <-> CH2CO + #2                                 [ -0.575  -1.180  ] 

new_line: CH2CO#2 <-> CH2CO + #2                                 [0.20407688350315653   -1.18]
line: CO#2 + O#1 <-> CO2#1 + #2                              [  0.15    0.1200 ] 

new_line: CO#2 + O#1 <-> CO2#1 + #2                              [0.7336960286326161   0.12]
line: CO#2 + OH#1 <-> COOH#2 +#1                             [  1.7800  1.4800 ] 

new_line: CO#2 + OH#1 <-> COOH#2 +#1                             [2.6998147896623093   1.48]
line: COOH#2 + O#1 <-> CO2#2 + OH#1                          [  0.280  -0.2400 ] 

new_line: COOH#2 + O#1 <-> CO2#2 + OH#1                          [0.9256125429276062   -0.24]
line: COOH#2 + #1 <-> CO2#2 + H#1                            [  3.73   -0.4700 ] 

new_line: COOH#2 + #1 <-> CO2#2 + H#1                            [0.9627250432243818   -0.47]
line: H#1 + OH#1 <-> H2O#1 + #1                              [  1.89    1.8900 ] 

new_line: H#1 + OH#1 <-> H2O#1 + #1                              [2.95494760709859   1.89]
line: OH#1 + OH#1 <-> H2O#1 + O#1                            [  1.600   1.6400 ] 

new_line: OH#1 + OH#1 <-> H2O#1 + O#1                            [2.520916875893336   1.64]
line: H#2 + OH#1 <-> H2O#1 + #2                              [  1.96    1.2300 ] 

new_line: H#2 + OH#1 <-> H2O#1 + #2                              [2.1950997118544047   1.23]
line: CO2#1 <-> CO2 + #1                                     [  0.329  -0.3100 ] 

new_line: CO2#1 <-> CO2 + #1                                     [1.062112322217877   -0.31]
line: CO2#2 <-> CO2 + #2                                     [ -0.824  -1.4300 ] 

new_line: CO2#2 <-> CO2 + #2                                     [0.3754966693069628   -1.43]
line: H2O#1 <-> H2O + #1                                     [ -0.227  -0.8400 ] 

new_line: H2O#1 <-> H2O + #1                                     [0.18790964138328464   -0.84]
wait
C
R
C
R
C
R
C
R
C
R
C
R
C
R
R
R
R
Run log in the file : /home/hxyang/my_Code/matlab_NN/test_sasian/test_new/test_67/1.5/result_1/log14
last_line: Run log in the file : /home/hxyang/my_Code/matlab_NN/test_sasian/test_new/test_67/1.5/result_1/log14 log_n 14
line: CO + #1 <-> CO#1                                       [  0.626   0.7300 ] 

new_line: CO + #1 <-> CO#1                                       [0.882443862081654   0.73]
line: CO + #2 <-> CO#2                                       [  0.593   0.9100 ] 

new_line: CO + #2 <-> CO#2                                       [1.176123933830586   0.91]
line: H2 + #1 <-> H2#1                                       [  0.549   0.9500 ] 

new_line: H2 + #1 <-> H2#1                                       [2.016751338869315   0.95]
line: H2#1 + #2 <-> H#1 + H#2                                [  0.430  -0.7100 ] 

new_line: H2#1 + #2 <-> H#1 + H#2                                [1.4766265918459647   -0.71]
line: H#2 + #1 <-> H#1 + #2                                  [     0   -0.6400 ] 

new_line: H#2 + #1 <-> H#1 + #2                                  [0.5911333998495418   -0.64]
line: CO#1 + H#1 <-> CHO#1 + #1                              [  0.620   0.5900 ] 

new_line: CO#1 + H#1 <-> CHO#1 + #1                              [1.9625259251554192   0.59]
line: CO#1 + H#1 <-> COH#1 + #1                              [  2.220   1.9400 ] 

new_line: CO#1 + H#1 <-> COH#1 + #1                              [2.6635759299316693   1.94]
line: CHO#1 + H#1 <-> CH2O#1 + #1                            [  0.290  -0.3200 ] 

new_line: CHO#1 + H#1 <-> CH2O#1 + #1                            [0.07062807737268822   -0.32]
line: CHO#1 + H#1 <-> CHOH#1 + #1                            [  1.42    0.4200 ] 

new_line: CHO#1 + H#1 <-> CHOH#1 + #1                            [1.8580227701706764   0.42]
line: CH2O#1 + H#1 <-> CH3O#1 + #1                           [  0.850  -0.0100 ] 

new_line: CH2O#1 + H#1 <-> CH3O#1 + #1                           [1.3415452936664933   -0.01]
line: CH2O#1 + H#1 <-> CH2OH#1 + #1                          [  2.71    1.5800 ] 

new_line: CH2O#1 + H#1 <-> CH2OH#1 + #1                          [2.023254806327808   1.58]
line: COH#1 + H#1 <-> CHOH#1 + #1                            [  0.55   -0.9400 ] 

new_line: COH#1 + H#1 <-> CHOH#1 + #1                            [0.36449610205241056   -0.94]
line: CHOH#1 + H#1 <-> CH2OH#1 + #1                          [  1.66    0.8400 ] 

new_line: CHOH#1 + H#1 <-> CH2OH#1 + #1                          [1.819842516780324   0.84]
line: CH2OH#1 + H#1 <-> CH3OH#1 + #1                         [  1.04    0.3100 ] 

new_line: CH2OH#1 + H#1 <-> CH3OH#1 + #1                         [0.8990538660355305   0.31]
line: CH3O#1 + H#1 <-> CH3OH#1 + #1                          [  1.91    1.9100 ] 

new_line: CH3O#1 + H#1 <-> CH3OH#1 + #1                          [3.1292515873293922   1.91]
line: CH2O#1 <-> CH2O + #1                                   [  0.848   0.2200 ] 

new_line: CH2O#1 <-> CH2O + #1                                   [1.03116958818449   0.22]
line: CH3OH#1 <-> CH3OH + #1                                 [ -0.79   -1.4200 ] 

new_line: CH3OH#1 <-> CH3OH + #1                                 [0.26871533944112436   -1.42]
line: CHO#1 + #1 <-> CH#1 + O#1                              [  0.22   -0.9300 ] 

new_line: CHO#1 + #1 <-> CH#1 + O#1                              [1.1764381762981337   -0.93]
line: CH2O#1 + #1 <-> CH2#1 + O#1                            [  1.08   -1.070  ] 

new_line: CH2O#1 + #1 <-> CH2#1 + O#1                            [1.2881812389493312   -1.07]
line: CH2O#1 + #2 <-> CH2#2 + O#1                            [  2.68    0.2900 ] 

new_line: CH2O#1 + #2 <-> CH2#2 + O#1                            [0.874587310018687   0.29]
line: CHOH#1 + #1 <-> CH#1 + OH#1                            [  0.36   -1.1200 ] 

new_line: CHOH#1 + #1 <-> CH#1 + OH#1                            [0.8975294724627894   -1.12]
line: CH2OH#1 + #1 <-> CH2#1 + OH#1                          [  1.22   -2.4200 ] 

new_line: CH2OH#1 + #1 <-> CH2#1 + OH#1                          [0.6429634461837268   -2.42]
line: CH2OH#1 + #2 <-> CH2#2 + OH#1                          [  0.30   -1.0600 ] 

new_line: CH2OH#1 + #2 <-> CH2#2 + OH#1                          [1.1138165307170622   -1.06]
line: CH3O#1 + #1 <-> CH3#1 + O#1                            [  1.83   -0.5400 ] 

new_line: CH3O#1 + #1 <-> CH3#1 + O#1                            [0.2957437822338396   -0.54]
line: CH3O#1 + #2 <-> CH3#2 + O#1                            [  1.77   -0.5300 ] 

new_line: CH3O#1 + #2 <-> CH3#2 + O#1                            [1.305552252367387   -0.53]
line: CH3OH#1 + #1 <-> CH3#1 + OH#1                          [  0.53   -2.2200 ] 

new_line: CH3OH#1 + #1 <-> CH3#1 + OH#1                          [1.449441740805351   -2.22]
line: CH3OH#1 + #2 <-> CH3#2 + OH#1                          [  0.74   -2.2100 ] 

new_line: CH3OH#1 + #2 <-> CH3#2 + OH#1                          [0.7068854458147582   -2.21]
line: CH#1 + H#1 <-> CH2#1 + #1                              [  0.94   -0.460  ] 

new_line: CH#1 + H#1 <-> CH2#1 + #1                              [1.4533892207329102   -0.46]
line: CH#1 + OH#1 <-> CH2#1 + O#1                            [  0.53   -0.6900 ] 

new_line: CH#1 + OH#1 <-> CH2#1 + O#1                            [1.4943228950675476   -0.69]
line: CH2#1 + H#1 <-> CH3#1 + #1                             [  1.57    0.51   ] 

new_line: CH2#1 + H#1 <-> CH3#1 + #1                             [1.8444734945951622   0.51]
line: CH2#2 + H#1 <-> CH3#2 + #1                             [  0.55   -0.84   ] 

new_line: CH2#2 + H#1 <-> CH3#2 + #1                             [0.23805139150921312   -0.84]
line: CH2#2 + OH#1 <->CH3#2 + O#1                            [  0.74   -1.07   ] 

new_line: CH2#2 + OH#1 <->CH3#2 + O#1                            [0.8711964862742305   -1.07]
line: CH2#1 + OH#1 <->CH3#1 + O#1                            [  0.87    0.28   ] 

new_line: CH2#1 + OH#1 <->CH3#1 + O#1                            [1.6589672451391608   0.28]
line: CH3#2 + H#2 <-> CH4 + #2 + #2                          [  1.15   -1.710  ] 

new_line: CH3#2 + H#2 <-> CH4 + #2 + #2                          [0.09481958565136572   -1.71]
line: CH3#2 + OH#1 <-> CH4 + #2 + O#1                        [  0.75   -1.30   ] 

new_line: CH3#2 + OH#1 <-> CH4 + #2 + O#1                        [1.1889796153767684   -1.3]
line: CH3#2 + H#1 <-> CH4 + #1 + #2                          [  1.27   -1.07   ] 

new_line: CH3#2 + H#1 <-> CH4 + #1 + #2                          [0.8439433386732508   -1.07]
line: CH3#1 + H#2 <-> CH4 + #1 + #2                          [  1.11   -1.70   ] 

new_line: CH3#1 + H#2 <-> CH4 + #1 + #2                          [1.020399924669412   -1.7]
line: CH3#1 + H#1 <-> CH4 + #1+ #1                           [  1.68   -1.06   ] 

new_line: CH3#1 + H#1 <-> CH4 + #1+ #1                           [0.45203930570487855   -1.06]
line: CH3#1 + OH#1 <-> CH4 + #1+ O#1                         [  0.79   -1.29   ] 

new_line: CH3#1 + OH#1 <-> CH4 + #1+ O#1                         [1.0803381443870772   -1.29]
line: CHO#1 + CO#1 <-> CH#1 + CO2#1                          [  1.14   -0.6300 ] 

new_line: CHO#1 + CO#1 <-> CH#1 + CO2#1                          [0.34241596779844796   -0.63]
line: CH2O#1 + CO#1 <-> CH2#1 + CO2#1                        [  1.930  -0.7800 ] 

new_line: CH2O#1 + CO#1 <-> CH2#1 + CO2#1                        [0.34838922227454094   -0.78]
line: CH3O#1 + CO#1 <-> CH3#1 + CO2#1                        [  2.59   -0.2500 ] 

new_line: CH3O#1 + CO#1 <-> CH3#1 + CO2#1                        [0.7205876316546123   -0.25]
line: CHO#1 + CO#2 <-> CH#1 + CO2#2                          [  2.35    0.3100 ] 

new_line: CHO#1 + CO#2 <-> CH#1 + CO2#2                          [0.5747704479588431   0.31]
line: CH2O#1 + CO#2 <-> CH2#1 + CO2#2                        [  2.55    0.1700 ] 

new_line: CH2O#1 + CO#2 <-> CH2#1 + CO2#2                        [0.8254658988295435   0.17]
line: CH3O#1 + CO#2 <-> CH3#1 + CO2#2                        [  3.32    0.7000 ] 

new_line: CH3O#1 + CO#2 <-> CH3#1 + CO2#2                        [2.179342127602929   0.7]
line: CH2#1 + CO#2 <-> CH2CO#1 + #2                          [  0.50    0.2800 ] 

new_line: CH2#1 + CO#2 <-> CH2CO#1 + #2                          [0.8231250980879938   0.28]
line: CH2#1 + CO#1 <-> CH2CO#1 + #1                          [  0.88    0.4600 ] 

new_line: CH2#1 + CO#1 <-> CH2CO#1 + #1                          [1.0266396606409838   0.46]
line: CH2#2 + CO#2 <-> CH2CO#2 +#2                           [  0.20   -0.6300 ] 

new_line: CH2#2 + CO#2 <-> CH2CO#2 +#2                           [0.37916411047827403   -0.63]
line: CH3#1 + CO#2 <-> CH3CO#1 + #2                          [  0.62    0.5000 ] 

new_line: CH3#1 + CO#2 <-> CH3CO#1 + #2                          [0.9954647874115377   0.5]
line: CH3#1 + CO#1 <-> CH3CO#1 + #1                          [  0.97    0.6700 ] 

new_line: CH3#1 + CO#1 <-> CH3CO#1 + #1                          [1.5887544665713602   0.67]
line: CH3#2 + CO#2 <-> CH3CO#2 +#2                           [  0.53   -0.1000 ] 

new_line: CH3#2 + CO#2 <-> CH3CO#2 +#2                           [1.0830327628035257   -0.1]
line: CH3CO#1 + #1 <-> CH2CO#1 + H#1                         [  0.21   -0.7300 ] 

new_line: CH3CO#1 + #1 <-> CH2CO#1 + H#1                         [0.5185236344118278   -0.73]
line: CH3CO#1 + O#1 <-> CH2CO#1 + OH#1                       [  0.00   -0.4000 ] 

new_line: CH3CO#1 + O#1 <-> CH2CO#1 + OH#1                       [1.3696933700023455   -0.4]
line: CH3CO#2 + #1 <-> CH2CO#2 + H#1                         [  1.89    0.3200 ] 

new_line: CH3CO#2 + #1 <-> CH2CO#2 + H#1                         [1.089047892508526   0.32]
line: CH3CO#2 + O#1 <-> CH2CO#2 + OH#1                       [  2.31    0.5400 ] 

new_line: CH3CO#2 + O#1 <-> CH2CO#2 + OH#1                       [1.0285248557771414   0.54]
line: CH2CO#1 <-> CH2CO + #1                                 [ -0.093  -0.730  ] 

new_line: CH2CO#1 <-> CH2CO + #1                                 [0.41210219040076485   -0.73]
line: CH2CO#2 <-> CH2CO + #2                                 [ -0.575  -1.180  ] 

new_line: CH2CO#2 <-> CH2CO + #2                                 [0.5707289105693261   -1.18]
line: CO#2 + O#1 <-> CO2#1 + #2                              [  0.15    0.1200 ] 

new_line: CO#2 + O#1 <-> CO2#1 + #2                              [0.4765451126272885   0.12]
line: CO#2 + OH#1 <-> COOH#2 +#1                             [  1.7800  1.4800 ] 

new_line: 224804
CO#2 + OH#1 <-> COOH#2 +#1                             [2.2564047894710724   1.48]
line: COOH#2 + O#1 <-> CO2#2 + OH#1                          [  0.280  -0.2400 ] 

new_line: COOH#2 + O#1 <-> CO2#2 + OH#1                          [1.029595346948629   -0.24]
line: COOH#2 + #1 <-> CO2#2 + H#1                            [  3.73   -0.4700 ] 

new_line: COOH#2 + #1 <-> CO2#2 + H#1                            [1.2559530575689946   -0.47]
line: H#1 + OH#1 <-> H2O#1 + #1                              [  1.89    1.8900 ] 

new_line: H#1 + OH#1 <-> H2O#1 + #1                              [2.6677962692163706   1.89]
line: OH#1 + OH#1 <-> H2O#1 + O#1                            [  1.600   1.6400 ] 

new_line: OH#1 + OH#1 <-> H2O#1 + O#1                            [1.6678977856309884   1.64]
line: H#2 + OH#1 <-> H2O#1 + #2                              [  1.96    1.2300 ] 

new_line: H#2 + OH#1 <-> H2O#1 + #2                              [1.9910932160672021   1.23]
line: CO2#1 <-> CO2 + #1                                     [  0.329  -0.3100 ] 

new_line: CO2#1 <-> CO2 + #1                                     [0.9447534030214185   -0.31]
line: CO2#2 <-> CO2 + #2                                     [ -0.824  -1.4300 ] 

new_line: CO2#2 <-> CO2 + #2                                     [1.2109981557080338   -1.43]
line: H2O#1 <-> H2O + #1                                     [ -0.227  -0.8400 ] 

new_line: H2O#1 <-> H2O + #1                                     [1.114162787575352   -0.84]
wait
C
R
C
R
C
R
C
R
C
R
C
R
R
R
Run log in the file : /home/hxyang/my_Code/matlab_NN/test_sasian/test_new/test_67/1.5/result_1/log15
last_line: Run log in the file : /home/hxyang/my_Code/matlab_NN/test_sasian/test_new/test_67/1.5/result_1/log15 log_n 15
line: CO + #1 <-> CO#1                                       [  0.626   0.7300 ] 

new_line: CO + #1 <-> CO#1                                       [1.973210421035322   0.73]
line: CO + #2 <-> CO#2                                       [  0.593   0.9100 ] 

new_line: CO + #2 <-> CO#2                                       [2.049464974763297   0.91]
line: H2 + #1 <-> H2#1                                       [  0.549   0.9500 ] 

new_line: H2 + #1 <-> H2#1                                       [1.8152388422621515   0.95]
line: H2#1 + #2 <-> H#1 + H#2                                [  0.430  -0.7100 ] 

new_line: H2#1 + #2 <-> H#1 + H#2                                [0.7118982991423977   -0.71]
line: H#2 + #1 <-> H#1 + #2                                  [     0   -0.6400 ] 

new_line: H#2 + #1 <-> H#1 + #2                                  [0.6810467719843016   -0.64]
line: CO#1 + H#1 <-> CHO#1 + #1                              [  0.620   0.5900 ] 

new_line: CO#1 + H#1 <-> CHO#1 + #1                              [1.475897666099598   0.59]
line: CO#1 + H#1 <-> COH#1 + #1                              [  2.220   1.9400 ] 

new_line: CO#1 + H#1 <-> COH#1 + #1                              [2.1494619724728157   1.94]
line: CHO#1 + H#1 <-> CH2O#1 + #1                            [  0.290  -0.3200 ] 

new_line: CHO#1 + H#1 <-> CH2O#1 + #1                            [0.5767945303641698   -0.32]
line: CHO#1 + H#1 <-> CHOH#1 + #1                            [  1.42    0.4200 ] 

new_line: CHO#1 + H#1 <-> CHOH#1 + #1                            [1.8404000612363922   0.42]
line: CH2O#1 + H#1 <-> CH3O#1 + #1                           [  0.850  -0.0100 ] 

new_line: CH2O#1 + H#1 <-> CH3O#1 + #1                           [1.016149355100034   -0.01]
line: CH2O#1 + H#1 <-> CH2OH#1 + #1                          [  2.71    1.5800 ] 

new_line: CH2O#1 + H#1 <-> CH2OH#1 + #1                          [2.212178703000869   1.58]
line: COH#1 + H#1 <-> CHOH#1 + #1                            [  0.55   -0.9400 ] 

new_line: COH#1 + H#1 <-> CHOH#1 + #1                            [0.7729809062368462   -0.94]
line: CHOH#1 + H#1 <-> CH2OH#1 + #1                          [  1.66    0.8400 ] 

new_line: CHOH#1 + H#1 <-> CH2OH#1 + #1                          [1.644931102278743   0.84]
line: CH2OH#1 + H#1 <-> CH3OH#1 + #1                         [  1.04    0.3100 ] 

new_line: CH2OH#1 + H#1 <-> CH3OH#1 + #1                         [1.35103681907534   0.31]
line: CH3O#1 + H#1 <-> CH3OH#1 + #1                          [  1.91    1.9100 ] 

new_line: CH3O#1 + H#1 <-> CH3OH#1 + #1                          [2.061921460099945   1.91]
line: CH2O#1 <-> CH2O + #1                                   [  0.848   0.2200 ] 

new_line: CH2O#1 <-> CH2O + #1                                   [1.6596280265639172   0.22]
line: CH3OH#1 <-> CH3OH + #1                                 [ -0.79   -1.4200 ] 

new_line: CH3OH#1 <-> CH3OH + #1                                 [0.11575187295764394   -1.42]
line: CHO#1 + #1 <-> CH#1 + O#1                              [  0.22   -0.9300 ] 

new_line: CHO#1 + #1 <-> CH#1 + O#1                              [0.7684808242181705   -0.93]
line: CH2O#1 + #1 <-> CH2#1 + O#1                            [  1.08   -1.070  ] 

new_line: CH2O#1 + #1 <-> CH2#1 + O#1                            [0.21991645378821667   -1.07]
line: CH2O#1 + #2 <-> CH2#2 + O#1                            [  2.68    0.2900 ] 

new_line: CH2O#1 + #2 <-> CH2#2 + O#1                            [1.6385942000547677   0.29]
line: CHOH#1 + #1 <-> CH#1 + OH#1                            [  0.36   -1.1200 ] 

new_line: CHOH#1 + #1 <-> CH#1 + OH#1                            [0.07342390262869222   -1.12]
line: CH2OH#1 + #1 <-> CH2#1 + OH#1                          [  1.22   -2.4200 ] 

new_line: CH2OH#1 + #1 <-> CH2#1 + OH#1                          [0.41652505757008096   -2.42]
line: CH2OH#1 + #2 <-> CH2#2 + OH#1                          [  0.30   -1.0600 ] 

new_line: CH2OH#1 + #2 <-> CH2#2 + OH#1                          [0.46490151262191565   -1.06]
line: CH3O#1 + #1 <-> CH3#1 + O#1                            [  1.83   -0.5400 ] 

new_line: CH3O#1 + #1 <-> CH3#1 + O#1                            [0.12081108778677466   -0.54]
line: CH3O#1 + #2 <-> CH3#2 + O#1                            [  1.77   -0.5300 ] 

new_line: CH3O#1 + #2 <-> CH3#2 + O#1                            [0.15159553984261853   -0.53]
line: CH3OH#1 + #1 <-> CH3#1 + OH#1                          [  0.53   -2.2200 ] 

new_line: CH3OH#1 + #1 <-> CH3#1 + OH#1                          [0.08930981766861885   -2.22]
line: CH3OH#1 + #2 <-> CH3#2 + OH#1                          [  0.74   -2.2100 ] 

new_line: CH3OH#1 + #2 <-> CH3#2 + OH#1                          [1.2920206587504734   -2.21]
line: CH#1 + H#1 <-> CH2#1 + #1                              [  0.94   -0.460  ] 

new_line: CH#1 + H#1 <-> CH2#1 + #1                              [0.8137605693785135   -0.46]
line: CH#1 + OH#1 <-> CH2#1 + O#1                            [  0.53   -0.6900 ] 

new_line: CH#1 + OH#1 <-> CH2#1 + O#1                            [1.4691052681524515   -0.69]
line: CH2#1 + H#1 <-> CH3#1 + #1                             [  1.57    0.51   ] 

new_line: CH2#1 + H#1 <-> CH3#1 + #1                             [1.0290035932968844   0.51]
line: CH2#2 + H#1 <-> CH3#2 + #1                             [  0.55   -0.84   ] 

new_line: CH2#2 + H#1 <-> CH3#2 + #1                             [0.44148915398410804   -0.84]
line: CH2#2 + OH#1 <->CH3#2 + O#1                            [  0.74   -1.07   ] 

new_line: CH2#2 + OH#1 <->CH3#2 + O#1                            [0.720880543853564   -1.07]
line: CH2#1 + OH#1 <->CH3#1 + O#1                            [  0.87    0.28   ] 

new_line: CH2#1 + OH#1 <->CH3#1 + O#1                            [0.8708186951465133   0.28]
line: CH3#2 + H#2 <-> CH4 + #2 + #2                          [  1.15   -1.710  ] 

new_line: CH3#2 + H#2 <-> CH4 + #2 + #2                          [0.6136677845601157   -1.71]
line: CH3#2 + OH#1 <-> CH4 + #2 + O#1                        [  0.75   -1.30   ] 

new_line: CH3#2 + OH#1 <-> CH4 + #2 + O#1                        [0.22653620403564806   -1.3]
line: CH3#2 + H#1 <-> CH4 + #1 + #2                          [  1.27   -1.07   ] 

new_line: CH3#2 + H#1 <-> CH4 + #1 + #2                          [1.353921157671245   -1.07]
line: CH3#1 + H#2 <-> CH4 + #1 + #2                          [  1.11   -1.70   ] 

224805
new_line: CH3#1 + H#2 <-> CH4 + #1 + #2                          [0.6000852155455669   -1.7]
line: CH3#1 + H#1 <-> CH4 + #1+ #1                           [  1.68   -1.06   ] 

new_line: CH3#1 + H#1 <-> CH4 + #1+ #1                           [0.8376430965984742   -1.06]
line: CH3#1 + OH#1 <-> CH4 + #1+ O#1                         [  0.79   -1.29   ] 

new_line: CH3#1 + OH#1 <-> CH4 + #1+ O#1                         [0.6145503459279578   -1.29]
line: CHO#1 + CO#1 <-> CH#1 + CO2#1                          [  1.14   -0.6300 ] 

new_line: CHO#1 + CO#1 <-> CH#1 + CO2#1                          [0.30142456471499507   -0.63]
line: CH2O#1 + CO#1 <-> CH2#1 + CO2#1                        [  1.930  -0.7800 ] 

new_line: CH2O#1 + CO#1 <-> CH2#1 + CO2#1                        [1.0282564843555493   -0.78]
line: CH3O#1 + CO#1 <-> CH3#1 + CO2#1                        [  2.59   -0.2500 ] 

new_line: CH3O#1 + CO#1 <-> CH3#1 + CO2#1                        [1.0063059924324282   -0.25]
line: CHO#1 + CO#2 <-> CH#1 + CO2#2                          [  2.35    0.3100 ] 

new_line: CHO#1 + CO#2 <-> CH#1 + CO2#2                          [0.3326478462420034   0.31]
line: CH2O#1 + CO#2 <-> CH2#1 + CO2#2                        [  2.55    0.1700 ] 

new_line: CH2O#1 + CO#2 <-> CH2#1 + CO2#2                        [0.9525200910745374   0.17]
line: CH3O#1 + CO#2 <-> CH3#1 + CO2#2                        [  3.32    0.7000 ] 

new_line: CH3O#1 + CO#2 <-> CH3#1 + CO2#2                        [1.0376591107495576   0.7]
line: CH2#1 + CO#2 <-> CH2CO#1 + #2                          [  0.50    0.2800 ] 

new_line: CH2#1 + CO#2 <-> CH2CO#1 + #2                          [1.2810248824797619   0.28]
line: CH2#1 + CO#1 <-> CH2CO#1 + #1                          [  0.88    0.4600 ] 

new_line: CH2#1 + CO#1 <-> CH2CO#1 + #1                          [1.0141913656301451   0.46]
line: CH2#2 + CO#2 <-> CH2CO#2 +#2                           [  0.20   -0.6300 ] 

new_line: CH2#2 + CO#2 <-> CH2CO#2 +#2                           [0.7079804727552945   -0.63]
line: CH3#1 + CO#2 <-> CH3CO#1 + #2                          [  0.62    0.5000 ] 

new_line: CH3#1 + CO#2 <-> CH3CO#1 + #2                          [0.652184803105044   0.5]
line: CH3#1 + CO#1 <-> CH3CO#1 + #1                          [  0.97    0.6700 ] 

new_line: CH3#1 + CO#1 <-> CH3CO#1 + #1                          [0.8548201553839916   0.67]
line: CH3#2 + CO#2 <-> CH3CO#2 +#2                           [  0.53   -0.1000 ] 

new_line: CH3#2 + CO#2 <-> CH3CO#2 +#2                           [0.5783183260389683   -0.1]
line: CH3CO#1 + #1 <-> CH2CO#1 + H#1                         [  0.21   -0.7300 ] 

new_line: CH3CO#1 + #1 <-> CH2CO#1 + H#1                         [0.20002083739820778   -0.73]
line: CH3CO#1 + O#1 <-> CH2CO#1 + OH#1                       [  0.00   -0.4000 ] 

new_line: CH3CO#1 + O#1 <-> CH2CO#1 + OH#1                       [0.6638658851564916   -0.4]
line: CH3CO#2 + #1 <-> CH2CO#2 + H#1                         [  1.89    0.3200 ] 

new_line: CH3CO#2 + #1 <-> CH2CO#2 + H#1                         [0.849227907730308   0.32]
line: CH3CO#2 + O#1 <-> CH2CO#2 + OH#1                       [  2.31    0.5400 ] 

new_line: CH3CO#2 + O#1 <-> CH2CO#2 + OH#1                       [1.1455697408573835   0.54]
line: CH2CO#1 <-> CH2CO + #1                                 [ -0.093  -0.730  ] 

new_line: CH2CO#1 <-> CH2CO + #1                                 [1.4877825549956052   -0.73]
line: CH2CO#2 <-> CH2CO + #2                                 [ -0.575  -1.180  ] 

new_line: CH2CO#2 <-> CH2CO + #2                                 [0.3780582327337632   -1.18]
line: CO#2 + O#1 <-> CO2#1 + #2                              [  0.15    0.1200 ] 

new_line: CO#2 + O#1 <-> CO2#1 + #2                              [1.6067218329756465   0.12]
line: CO#2 + OH#1 <-> COOH#2 +#1                             [  1.7800  1.4800 ] 

new_line: CO#2 + OH#1 <-> COOH#2 +#1                             [1.6726107371455823   1.48]
line: COOH#2 + O#1 <-> CO2#2 + OH#1                          [  0.280  -0.2400 ] 

new_line: COOH#2 + O#1 <-> CO2#2 + OH#1                          [1.3533007471812475   -0.24]
line: COOH#2 + #1 <-> CO2#2 + H#1                            [  3.73   -0.4700 ] 

new_line: COOH#2 + #1 <-> CO2#2 + H#1                            [0.8950724524507097   -0.47]
line: H#1 + OH#1 <-> H2O#1 + #1                              [  1.89    1.8900 ] 

new_line: H#1 + OH#1 <-> H2O#1 + #1                              [3.0535785893142364   1.89]
line: OH#1 + OH#1 <-> H2O#1 + O#1                            [  1.600   1.6400 ] 

new_line: OH#1 + OH#1 <-> H2O#1 + O#1                            [2.271814691903952   1.64]
line: H#2 + OH#1 <-> H2O#1 + #2                              [  1.96    1.2300 ] 

new_line: H#2 + OH#1 <-> H2O#1 + #2                              [2.704556590194928   1.23]
line: CO2#1 <-> CO2 + #1                                     [  0.329  -0.3100 ] 

new_line: CO2#1 <-> CO2 + #1                                     [0.6911495799997244   -0.31]
line: CO2#2 <-> CO2 + #2                                     [ -0.824  -1.4300 ] 

new_line: CO2#2 <-> CO2 + #2                                     [1.3673127271985914   -1.43]
line: H2O#1 <-> H2O + #1                                     [ -0.227  -0.8400 ] 

new_line: H2O#1 <-> H2O + #1                                     [0.273981103784827   -0.84]
wait
C
R
C
R
C
R
C
R
C
R
C
R
R
R
R
R
Run log in the file : /home/hxyang/my_Code/matlab_NN/test_sasian/test_new/test_67/1.5/result_1/log16
last_line: Run log in the file : /home/hxyang/my_Code/matlab_NN/test_sasian/test_new/test_67/1.5/result_1/log16 log_n 16
line: CO + #1 <-> CO#1                                       [  0.626   0.7300 ] 

new_line: CO + #1 <-> CO#1                                       [1.7455320942942185   0.73]
line: CO + #2 <-> CO#2                                       [  0.593   0.9100 ] 

new_line: CO + #2 <-> CO#2                                       [1.0116877816345413   0.91]
line: H2 + #1 <-> H2#1                                       [  0.549   0.9500 ] 

new_line: H2 + #1 <-> H2#1                                       [1.8959310745612101   0.95]
line: H2#1 + #2 <-> H#1 + H#2                                [  0.430  -0.7100 ] 

new_line: H2#1 + #2 <-> H#1 + H#2                                [0.5476171692991589   -0.71]
line: H#2 + #1 <-> H#1 + #2                                  [     0   -0.6400 ] 

new_line: H#2 + #1 <-> H#1 + #2                                  [0.6420477286481724   -0.64]
line: CO#1 + H#1 <-> CHO#1 + #1                              [  0.620   0.5900 ] 

new_line: CO#1 + H#1 <-> CHO#1 + #1                              [1.8196288870510813   0.59]
line: CO#1 + H#1 <-> COH#1 + #1                              [  2.220   1.9400 ] 

new_line: CO#1 + H#1 <-> COH#1 + #1                              [2.4744192751984095   1.94]
line: CHO#1 + H#1 <-> CH2O#1 + #1                            [  0.290  -0.3200 ] 

new_line: CHO#1 + H#1 <-> CH2O#1 + #1                            [0.8792443309168301   -0.32]
line: CHO#1 + H#1 <-> CHOH#1 + #1                            [  1.42    0.4200 ] 

new_line: CHO#1 + H#1 <-> CHOH#1 + #1                            [1.2066512781048888   0.42]
line: CH2O#1 + H#1 <-> CH3O#1 + #1                           [  0.850  -0.0100 ] 

new_line: CH2O#1 + H#1 <-> CH3O#1 + #1                           [0.274184229725665   -0.01]
line: CH2O#1 + H#1 <-> CH2OH#1 + #1                          [  2.71    1.5800 ] 

new_line: CH2O#1 + H#1 <-> CH2OH#1 + #1                          [2.2326696742067096   1.58]
line: COH#1 + H#1 <-> CHOH#1 + #1                            [  0.55   -0.9400 ] 

new_line: COH#1 + H#1 <-> CHOH#1 + #1                            [1.2203545514678362   -0.94]
line: CHOH#1 + H#1 <-> CH2OH#1 + #1                          [  1.66    0.8400 ] 

new_line: CHOH#1 + H#1 <-> CH2OH#1 + #1                          [1.0088569431714358   0.84]
line: CH2OH#1 + H#1 <-> CH3OH#1 + #1                         [  1.04    0.3100 ] 

new_line: CH2OH#1 + H#1 <-> CH3OH#1 + #1                         [0.7595325419074714   0.31]
line: CH3O#1 + H#1 <-> CH3OH#1 + #1                          [  1.91    1.9100 ] 

new_line: CH3O#1 + H#1 <-> CH3OH#1 + #1                          [2.74947354907295   1.91]
line: CH2O#1 <-> CH2O + #1                                   [  0.848   0.2200 ] 

new_line: CH2O#1 <-> CH2O + #1                                   [0.8200402389593506   0.22]
line: CH3OH#1 <-> CH3OH + #1                                 [ -0.79   -1.4200 ] 

new_line: CH3OH#1 <-> CH3OH + #1                                 [0.17271675207951317   -1.42]
line: CHO#1 + #1 <-> CH#1 + O#1                              [  0.22   -0.9300 ] 

new_line: CHO#1 + #1 <-> CH#1 + O#1                              [0.14063885409360355   -0.93]
line: CH2O#1 + #1 <-> CH2#1 + O#1                            [  1.08   -1.070  ] 

new_line: CH2O#1 + #1 <-> CH2#1 + O#1                            [0.41002000866611493   -1.07]
line: CH2O#1 + #2 <-> CH2#2 + O#1                            [  2.68    0.2900 ] 

new_line: CH2O#1 + #2 <-> CH2#2 + O#1                            [0.8393553202427178   0.29]
line: CHOH#1 + #1 <-> CH#1 + OH#1                            [  0.36   -1.1200 ] 

new_line: CHOH#1 + #1 <-> CH#1 + OH#1                            [1.0122590922328571   -1.12]
line: CH2OH#1 + #1 <-> CH2#1 + OH#1                          [  1.22   -2.4200 ] 

new_line: CH2OH#1 + #1 <-> CH2#1 + OH#1                          [0.7351823520427125   -2.42]
line: CH2OH#1 + #2 <-> CH2#2 + OH#1                          [  0.30   -1.0600 ] 

new_line: CH2OH#1 + #2 <-> CH2#2 + OH#1                          [0.5192909017294727   -1.06]
line: CH3O#1 + #1 <-> CH3#1 + O#1                            [  1.83   -0.5400 ] 

new_line: CH3O#1 + #1 <-> CH3#1 + O#1                            [0.48170945181619995   -0.54]
line: CH3O#1 + #2 <-> CH3#2 + O#1                            [  1.77   -0.5300 ] 

new_line: CH3O#1 + #2 <-> CH3#2 + O#1                            [0.11192795897907823   -0.53]
line: CH3OH#1 + #1 <-> CH3#1 + OH#1                          [  0.53   -2.2200 ] 

new_line: CH3OH#1 + #1 <-> CH3#1 + OH#1                          [0.8277930699981154   -2.22]
line: CH3OH#1 + #2 <-> CH3#2 + OH#1                          [  0.74   -2.2100 ] 

new_line: CH3OH#1 + #2 <-> CH3#2 + OH#1                          [1.1208517254693289   -2.21]
line: CH#1 + H#1 <-> CH2#1 + #1                              [  0.94   -0.460  ] 

new_line: CH#1 + H#1 <-> CH2#1 + #1                              [0.026820889125943714   -0.46]
line: CH#1 + OH#1 <-> CH2#1 + O#1                            [  0.53   -0.6900 ] 

new_line: CH#1 + OH#1 <-> CH2#1 + O#1                            [0.6337651114245684   -0.69]
line: CH2#1 + H#1 <-> CH3#1 + #1                             [  1.57    0.51   ] 

new_line: CH2#1 + H#1 <-> CH3#1 + #1                             [0.9420818400265948   0.51]
line: CH2#2 + H#1 <-> CH3#2 + #1                             [  0.55   -0.84   ] 

new_line: CH2#2 + H#1 <-> CH3#2 + #1                             [0.41460594888367963   -0.84]
line: CH2#2 + OH#1 <->CH3#2 + O#1                            [  0.74   -1.07   ] 

new_line: CH2#2 + OH#1 <->CH3#2 + O#1                            [0.19692330932341298   -1.07]
line: CH2#1 + OH#1 <->CH3#1 + O#1                            [  0.87    0.28   ] 

new_line: CH2#1 + OH#1 <->CH3#1 + O#1                            [1.0322070903619938   0.28]
line: CH3#2 + H#2 <-> CH4 + #2 + #2                          [  1.15   -1.710  ] 

new_line: CH3#2 + H#2 <-> CH4 + #2 + #2                          [0.8109077142978702   -1.71]
line: CH3#2 + OH#1 <-> CH4 + #2 + O#1                        [  0.75   -1.30   ] 

new_line: CH3#2 + OH#1 <-> CH4 + #2 + O#1                        [1.0049218517638452   -1.3]
line: CH3#2 + H#1 <-> CH4 + #1 + #2                          [  1.27   -1.07   ] 

new_line: CH3#2 + H#1 <-> CH4 + #1 + #2                          [0.20116381384438242   -1.07]
line: CH3#1 + H#2 <-> CH4 + #1 + #2                          [  1.11   -1.70   ] 

new_line: CH3#1 + H#2 <-> CH4 + #1 + #2                          [0.08314087138626584   -1.7]
line: CH3#1 + H#1 <-> CH4 + #1+ #1                           [  1.68   -1.06   ] 

new_line: CH3#1 + H#1 <-> CH4 + #1+ #1                           [0.3985327477763777   -1.06]
line: CH3#1 + OH#1 <-> CH4 + #1+ O#1                         [  0.79   -1.29   ] 

new_line: CH3#1 + OH#1 <-> CH4 + #1+ O#1                         [1.0927129418722883   -1.29]
line: CHO#1 + CO#1 <-> CH#1 + CO2#1                          [  1.14   -0.6300 ] 

new_line: CHO#1 + CO#1 <-> CH#1 + CO2#1                          [0.2922431871392784   -0.63]
line: CH2O#1 + CO#1 <-> CH2#1 + CO2#1                        [  1.930  -0.7800 ] 

new_line: CH2O#1 + CO#1 <-> CH2#1 + CO2#1                        [1.1686086744600745   -0.78]
line: CH3O#1 + CO#1 <-> CH3#1 + CO2#1                        [  2.59   -0.2500 ] 

new_line: CH3O#1 + CO#1 <-> CH3#1 + CO2#1                        [0.9024322742391127   -0.25]
line: CHO#1 + CO#2 <-> CH#1 + CO2#2                          [  2.35    0.3100 ] 

new_line: CHO#1 + CO#2 <-> CH#1 + CO2#2                          [0.7633033231571357   0.31]
line: CH2O#1 + CO#2 <-> CH2#1 + CO2#2                        [  2.55    0.1700 ] 

new_line: CH2O#1 + CO#2 <-> CH2#1 + CO2#2                        [0.8532852449726905   0.17]
line: CH3O#1 + CO#2 <-> CH3#1 + CO2#2                        [  3.32    0.7000 ] 

new_line: CH3O#1 + CO#2 <-> CH3#1 + CO2#2                        [1.283625942372959   0.7]
line: CH2#1 + CO#2 <-> CH2CO#1 + #2                          [  0.50    0.2800 ] 

new_line: CH2#1 + CO#2 <-> CH2CO#1 + #2                          [1.0597230370604007   0.28]
line: CH2#1 + CO#1 <-> CH2CO#1 + #1                          [  0.88    0.4600 ] 

new_line: CH2#1 + CO#1 <-> CH2CO#1 + #1                          [1.951232428860153   0.46]
line: CH2#2 + CO#2 <-> CH2CO#2 +#2                           [  0.20   -0.6300 ] 

new_line: CH2#2 + CO#2 <-> CH2CO#2 +#2                           [0.5282246722801968   -0.63]
line: CH3#1 + CO#2 <-> CH3CO#1 + #2                          [  0.62    0.5000 ] 

new_line: CH3#1 + CO#2 <-> CH3CO#1 + #2                          [1.2445099335812104   0.5]
line: CH3#1 + CO#1 <-> CH3CO#1 + #1                          [  0.97    0.6700 ] 

new_line: CH3#1 + CO#1 <-> CH3CO#1 + #1                          [1.8221317738364218   0.67]
line: CH3#2 + CO#2 <-> CH3CO#2 +#2                           [  0.53   -0.1000 ] 

new_line: CH3#2 + CO#2 <-> CH3CO#2 +#2                           [1.3820756869624482   -0.1]
line: CH3CO#1 + #1 <-> CH2CO#1 + H#1                         [  0.21   -0.7300 ] 

new_line: CH3CO#1 + #1 <-> CH2CO#1 + H#1                         [0.926795598510819   -0.73]
line: CH3CO#1 + O#1 <-> CH2CO#1 + OH#1                       [  0.00   -0.4000 ] 

new_line: CH3CO#1 + O#1 <-> CH2CO#1 + OH#1                       [1.444804530655976   -0.4]
line: CH3CO#2 + #1 <-> CH2CO#2 + H#1                         [  1.89    0.3200 ] 

new_line: CH3CO#2 + #1 <-> CH2CO#2 + H#1                         [1.224743480559234   0.32]
line: CH3CO#2 + O#1 <-> CH2CO#2 + OH#1                       [  2.31    0.5400 ] 

new_line: CH3CO#2 + O#1 <-> CH2CO#2 + OH#1                       [1.1126765877764444   0.54]
line: CH2CO#1 <-> CH2CO + #1                                 [ -0.093  -0.730  ] 

new_line: CH2CO#1 <-> CH2CO + #1                                 [0.32369815444207095   -0.73]
line: CH2CO#2 <-> CH2CO + #2                                 [ -0.575  -1.180  ] 

new_line: CH2CO#2 <-> CH2CO + #2                                 [0.23791924457225777   -1.18]
line: CO#2 + O#1 <-> CO2#1 + #2                              [  0.15    0.1200 ] 

new_line: CO#2 + O#1 <-> CO2#1 + #2                              [1.3474472348243185   0.12]
line: CO#2 + OH#1 <-> COOH#2 +#1                             [  1.7800  1.4800 ] 

new_line: CO#2 + OH#1 <-> COOH#2 +#1                             [2.195561094136018   1.48]
line: COOH#2 + O#1 <-> CO2#2 + OH#1                          [  0.280  -0.2400 ] 

new_line: COOH#2 + O#1 <-> CO2#2 + OH#1                          [0.34875400750124075   -0.24]
line: COOH#2 + #1 <-> CO2#2 + H#1                            [  3.73   -0.4700 ] 

new_line: 224806
COOH#2 + #1 <-> CO2#2 + H#1                            [0.9233666807263896   -0.47]
line: H#1 + OH#1 <-> H2O#1 + #1                              [  1.89    1.8900 ] 

new_line: H#1 + OH#1 <-> H2O#1 + #1                              [2.2629653727354837   1.89]
line: OH#1 + OH#1 <-> H2O#1 + O#1                            [  1.600   1.6400 ] 

new_line: OH#1 + OH#1 <-> H2O#1 + O#1                            [2.889673270690479   1.64]
line: H#2 + OH#1 <-> H2O#1 + #2                              [  1.96    1.2300 ] 

new_line: H#2 + OH#1 <-> H2O#1 + #2                              [2.2451438688810006   1.23]
line: CO2#1 <-> CO2 + #1                                     [  0.329  -0.3100 ] 

new_line: CO2#1 <-> CO2 + #1                                     [0.8486810682343637   -0.31]
line: CO2#2 <-> CO2 + #2                                     [ -0.824  -1.4300 ] 

new_line: CO2#2 <-> CO2 + #2                                     [0.5650286901852072   -1.43]
line: H2O#1 <-> H2O + #1                                     [ -0.227  -0.8400 ] 

new_line: H2O#1 <-> H2O + #1                                     [0.5699046446482959   -0.84]
wait
C
R
C
R
C
R
C
R
C
R
C
R
C
R
R
R
R
Run log in the file : /home/hxyang/my_Code/matlab_NN/test_sasian/test_new/test_67/1.5/result_1/log17
last_line: Run log in the file : /home/hxyang/my_Code/matlab_NN/test_sasian/test_new/test_67/1.5/result_1/log17 log_n 17
line: CO + #1 <-> CO#1                                       [  0.626   0.7300 ] 

new_line: CO + #1 <-> CO#1                                       [0.8631934533177454   0.73]
line: CO + #2 <-> CO#2                                       [  0.593   0.9100 ] 

new_line: CO + #2 <-> CO#2                                       [1.3029441278991705   0.91]
line: H2 + #1 <-> H2#1                                       [  0.549   0.9500 ] 

new_line: H2 + #1 <-> H2#1                                       [1.3602630869825385   0.95]
line: H2#1 + #2 <-> H#1 + H#2                                [  0.430  -0.7100 ] 

new_line: H2#1 + #2 <-> H#1 + H#2                                [1.0296055330852456   -0.71]
line: H#2 + #1 <-> H#1 + #2                                  [     0   -0.6400 ] 

new_line: H#2 + #1 <-> H#1 + #2                                  [0.0745212836836522   -0.64]
line: CO#1 + H#1 <-> CHO#1 + #1                              [  0.620   0.5900 ] 

new_line: CO#1 + H#1 <-> CHO#1 + #1                              [2.0554785934667708   0.59]
line: CO#1 + H#1 <-> COH#1 + #1                              [  2.220   1.9400 ] 

new_line: CO#1 + H#1 <-> COH#1 + #1                              [2.7335096127454697   1.94]
line: CHO#1 + H#1 <-> CH2O#1 + #1                            [  0.290  -0.3200 ] 

new_line: CHO#1 + H#1 <-> CH2O#1 + #1                            [0.12416337514904618   -0.32]
line: CHO#1 + H#1 <-> CHOH#1 + #1                            [  1.42    0.4200 ] 

new_line: CHO#1 + H#1 <-> CHOH#1 + #1                            [0.5237460412973719   0.42]
line: CH2O#1 + H#1 <-> CH3O#1 + #1                           [  0.850  -0.0100 ] 

new_line: CH2O#1 + H#1 <-> CH3O#1 + #1                           [0.18634826593856452   -0.01]
line: CH2O#1 + H#1 <-> CH2OH#1 + #1                          [  2.71    1.5800 ] 

new_line: CH2O#1 + H#1 <-> CH2OH#1 + #1                          [2.656093173099602   1.58]
line: COH#1 + H#1 <-> CHOH#1 + #1                            [  0.55   -0.9400 ] 

new_line: COH#1 + H#1 <-> CHOH#1 + #1                            [0.5586782315452281   -0.94]
line: CHOH#1 + H#1 <-> CH2OH#1 + #1                          [  1.66    0.8400 ] 

new_line: CHOH#1 + H#1 <-> CH2OH#1 + #1                          [1.1635857534851481   0.84]
line: CH2OH#1 + H#1 <-> CH3OH#1 + #1                         [  1.04    0.3100 ] 

new_line: CH2OH#1 + H#1 <-> CH3OH#1 + #1                         [1.6535279796859372   0.31]
line: CH3O#1 + H#1 <-> CH3OH#1 + #1                          [  1.91    1.9100 ] 

new_line: CH3O#1 + H#1 <-> CH3OH#1 + #1                          [2.2450405556578237   1.91]
line: CH2O#1 <-> CH2O + #1                                   [  0.848   0.2200 ] 

new_line: CH2O#1 <-> CH2O + #1                                   [0.9679829476179015   0.22]
line: CH3OH#1 <-> CH3OH + #1                                 [ -0.79   -1.4200 ] 

new_line: CH3OH#1 <-> CH3OH + #1                                 [1.0634686507847462   -1.42]
line: CHO#1 + #1 <-> CH#1 + O#1                              [  0.22   -0.9300 ] 

new_line: CHO#1 + #1 <-> CH#1 + O#1                              [1.457955014690312   -0.93]
line: CH2O#1 + #1 <-> CH2#1 + O#1                            [  1.08   -1.070  ] 

new_line: CH2O#1 + #1 <-> CH2#1 + O#1                            [0.9544223380202601   -1.07]
line: CH2O#1 + #2 <-> CH2#2 + O#1                            [  2.68    0.2900 ] 

new_line: CH2O#1 + #2 <-> CH2#2 + O#1                            [1.11395755095466   0.29]
line: CHOH#1 + #1 <-> CH#1 + OH#1                            [  0.36   -1.1200 ] 

new_line: CHOH#1 + #1 <-> CH#1 + OH#1                            [0.9218889219781028   -1.12]
line: CH2OH#1 + #1 <-> CH2#1 + OH#1                          [  1.22   -2.4200 ] 

new_line: CH2OH#1 + #1 <-> CH2#1 + OH#1                          [0.46382644780517124   -2.42]
line: CH2OH#1 + #2 <-> CH2#2 + OH#1                          [  0.30   -1.0600 ] 

new_line: CH2OH#1 + #2 <-> CH2#2 + OH#1                          [1.2877260507170054   -1.06]
line: CH3O#1 + #1 <-> CH3#1 + O#1                            [  1.83   -0.5400 ] 

new_line: CH3O#1 + #1 <-> CH3#1 + O#1                            [1.3979008826560566   -0.54]
line: CH3O#1 + #2 <-> CH3#2 + O#1                            [  1.77   -0.5300 ] 

new_line: CH3O#1 + #2 <-> CH3#2 + O#1                            [0.17586630046028048   -0.53]
line: CH3OH#1 + #1 <-> CH3#1 + OH#1                          [  0.53   -2.2200 ] 

new_line: CH3OH#1 + #1 <-> CH3#1 + OH#1                          [0.7773606125225857   -2.22]
line: CH3OH#1 + #2 <-> CH3#2 + OH#1                          [  0.74   -2.2100 ] 

new_line: CH3OH#1 + #2 <-> CH3#2 + OH#1                          [0.8289358458390998   -2.21]
line: CH#1 + H#1 <-> CH2#1 + #1                              [  0.94   -0.460  ] 

new_line: CH#1 + H#1 <-> CH2#1 + #1                              [0.7557251840908817   -0.46]
line: CH#1 + OH#1 <-> CH2#1 + O#1                            [  0.53   -0.6900 ] 

new_line: CH#1 + OH#1 <-> CH2#1 + O#1                            [1.186464444718741   -0.69]
line: CH2#1 + H#1 <-> CH3#1 + #1                             [  1.57    0.51   ] 

new_line: CH2#1 + H#1 <-> CH3#1 + #1                             [1.5330161775380515   0.51]
line: CH2#2 + H#1 <-> CH3#2 + #1                             [  0.55   -0.84   ] 

new_line: CH2#2 + H#1 <-> CH3#2 + #1                             [0.2770935805772192   -0.84]
line: CH2#2 + OH#1 <->CH3#2 + O#1                            [  0.74   -1.07   ] 

new_line: CH2#2 + OH#1 <->CH3#2 + O#1                            [1.1486390329000002   -1.07]
line: CH2#1 + OH#1 <->CH3#1 + O#1                            [  0.87    0.28   ] 

new_line: CH2#1 + OH#1 <->CH3#1 + O#1                            [1.5356822349304733   0.28]
line: CH3#2 + H#2 <-> CH4 + #2 + #2                          [  1.15   -1.710  ] 

new_line: CH3#2 + H#2 <-> CH4 + #2 + #2                          [1.2737159185837248   -1.71]
line: CH3#2 + OH#1 <-> CH4 + #2 + O#1                        [  0.75   -1.30   ] 

new_line: CH3#2 + OH#1 <-> CH4 + #2 + O#1                        [1.3558331714144394   -1.3]
line: CH3#2 + H#1 <-> CH4 + #1 + #2                          [  1.27   -1.07   ] 

new_line: CH3#2 + H#1 <-> CH4 + #1 + #2                          [0.9431488000557173   -1.07]
line: CH3#1 + H#2 <-> CH4 + #1 + #2                          [  1.11   -1.70   ] 

new_line: CH3#1 + H#2 <-> CH4 + #1 + #2                          [0.28836876168039   -1.7]
line: CH3#1 + H#1 <-> CH4 + #1+ #1                           [  1.68   -1.06   ] 

new_line: CH3#1 + H#1 <-> CH4 + #1+ #1                           [1.4077732146887283   -1.06]
line: CH3#1 + OH#1 <-> CH4 + #1+ O#1                         [  0.79   -1.29   ] 
224807

new_line: CH3#1 + OH#1 <-> CH4 + #1+ O#1                         [1.1870998616211836   -1.29]
line: CHO#1 + CO#1 <-> CH#1 + CO2#1                          [  1.14   -0.6300 ] 

new_line: CHO#1 + CO#1 <-> CH#1 + CO2#1                          [0.6804034009293506   -0.63]
line: CH2O#1 + CO#1 <-> CH2#1 + CO2#1                        [  1.930  -0.7800 ] 

new_line: CH2O#1 + CO#1 <-> CH2#1 + CO2#1                        [0.3785086956342621   -0.78]
line: CH3O#1 + CO#1 <-> CH3#1 + CO2#1                        [  2.59   -0.2500 ] 

new_line: CH3O#1 + CO#1 <-> CH3#1 + CO2#1                        [1.4815733642221232   -0.25]
line: CHO#1 + CO#2 <-> CH#1 + CO2#2                          [  2.35    0.3100 ] 

new_line: CHO#1 + CO#2 <-> CH#1 + CO2#2                          [0.6218536536828332   0.31]
line: CH2O#1 + CO#2 <-> CH2#1 + CO2#2                        [  2.55    0.1700 ] 

new_line: CH2O#1 + CO#2 <-> CH2#1 + CO2#2                        [1.1909138570536506   0.17]
line: CH3O#1 + CO#2 <-> CH3#1 + CO2#2                        [  3.32    0.7000 ] 

new_line: CH3O#1 + CO#2 <-> CH3#1 + CO2#2                        [0.8784498112589638   0.7]
line: CH2#1 + CO#2 <-> CH2CO#1 + #2                          [  0.50    0.2800 ] 

new_line: CH2#1 + CO#2 <-> CH2CO#1 + #2                          [0.8246878484066623   0.28]
line: CH2#1 + CO#1 <-> CH2CO#1 + #1                          [  0.88    0.4600 ] 

new_line: CH2#1 + CO#1 <-> CH2CO#1 + #1                          [0.47051743363950327   0.46]
line: CH2#2 + CO#2 <-> CH2CO#2 +#2                           [  0.20   -0.6300 ] 

new_line: CH2#2 + CO#2 <-> CH2CO#2 +#2                           [0.813685552629193   -0.63]
line: CH3#1 + CO#2 <-> CH3CO#1 + #2                          [  0.62    0.5000 ] 

new_line: CH3#1 + CO#2 <-> CH3CO#1 + #2                          [0.6936670675690293   0.5]
line: CH3#1 + CO#1 <-> CH3CO#1 + #1                          [  0.97    0.6700 ] 

new_line: CH3#1 + CO#1 <-> CH3CO#1 + #1                          [1.0835929308262942   0.67]
line: CH3#2 + CO#2 <-> CH3CO#2 +#2                           [  0.53   -0.1000 ] 

new_line: CH3#2 + CO#2 <-> CH3CO#2 +#2                           [0.457282487425736   -0.1]
line: CH3CO#1 + #1 <-> CH2CO#1 + H#1                         [  0.21   -0.7300 ] 

new_line: CH3CO#1 + #1 <-> CH2CO#1 + H#1                         [0.5363962494828252   -0.73]
line: CH3CO#1 + O#1 <-> CH2CO#1 + OH#1                       [  0.00   -0.4000 ] 

new_line: CH3CO#1 + O#1 <-> CH2CO#1 + OH#1                       [0.7303519318470505   -0.4]
line: CH3CO#2 + #1 <-> CH2CO#2 + H#1                         [  1.89    0.3200 ] 

new_line: CH3CO#2 + #1 <-> CH2CO#2 + H#1                         [1.2913353750251182   0.32]
line: CH3CO#2 + O#1 <-> CH2CO#2 + OH#1                       [  2.31    0.5400 ] 

new_line: CH3CO#2 + O#1 <-> CH2CO#2 + OH#1                       [1.1259810216086783   0.54]
line: CH2CO#1 <-> CH2CO + #1                                 [ -0.093  -0.730  ] 

new_line: CH2CO#1 <-> CH2CO + #1                                 [1.2105054387068601   -0.73]
line: CH2CO#2 <-> CH2CO + #2                                 [ -0.575  -1.180  ] 

new_line: CH2CO#2 <-> CH2CO + #2                                 [1.1685112749620714   -1.18]
line: CO#2 + O#1 <-> CO2#1 + #2                              [  0.15    0.1200 ] 

new_line: CO#2 + O#1 <-> CO2#1 + #2                              [0.8012797661647911   0.12]
line: CO#2 + OH#1 <-> COOH#2 +#1                             [  1.7800  1.4800 ] 

new_line: CO#2 + OH#1 <-> COOH#2 +#1                             [2.1078024057007507   1.48]
line: COOH#2 + O#1 <-> CO2#2 + OH#1                          [  0.280  -0.2400 ] 

new_line: COOH#2 + O#1 <-> CO2#2 + OH#1                          [0.42446813433327535   -0.24]
line: COOH#2 + #1 <-> CO2#2 + H#1                            [  3.73   -0.4700 ] 

new_line: COOH#2 + #1 <-> CO2#2 + H#1                            [0.08007001241536993   -0.47]
line: H#1 + OH#1 <-> H2O#1 + #1                              [  1.89    1.8900 ] 

new_line: H#1 + OH#1 <-> H2O#1 + #1                              [2.9198599473376463   1.89]
line: OH#1 + OH#1 <-> H2O#1 + O#1                            [  1.600   1.6400 ] 

new_line: OH#1 + OH#1 <-> H2O#1 + O#1                            [3.0923310652094944   1.64]
line: H#2 + OH#1 <-> H2O#1 + #2                              [  1.96    1.2300 ] 

new_line: H#2 + OH#1 <-> H2O#1 + #2                              [2.379377333512667   1.23]
line: CO2#1 <-> CO2 + #1                                     [  0.329  -0.3100 ] 

new_line: CO2#1 <-> CO2 + #1                                     [1.2364664734415671   -0.31]
line: CO2#2 <-> CO2 + #2                                     [ -0.824  -1.4300 ] 

new_line: CO2#2 <-> CO2 + #2                                     [1.0002565477103469   -1.43]
line: H2O#1 <-> H2O + #1                                     [ -0.227  -0.8400 ] 

new_line: H2O#1 <-> H2O + #1                                     [0.3996335518188726   -0.84]
wait
C
R
C
R
C
R
C
R
C
R
C
R
C
R
R
R
R
Run log in the file : /home/hxyang/my_Code/matlab_NN/test_sasian/test_new/test_67/1.5/result_1/log18
last_line: Run log in the file : /home/hxyang/my_Code/matlab_NN/test_sasian/test_new/test_67/1.5/result_1/log18 log_n 18
line: CO + #1 <-> CO#1                                       [  0.626   0.7300 ] 

new_line: CO + #1 <-> CO#1                                       [1.4222930328102323   0.73]
line: CO + #2 <-> CO#2                                       [  0.593   0.9100 ] 

new_line: CO + #2 <-> CO#2                                       [2.353760205652924   0.91]
line: H2 + #1 <-> H2#1                                       [  0.549   0.9500 ] 

new_line: H2 + #1 <-> H2#1                                       [1.519467030408855   0.95]
line: H2#1 + #2 <-> H#1 + H#2                                [  0.430  -0.7100 ] 

new_line: H2#1 + #2 <-> H#1 + H#2                                [0.16644820062946566   -0.71]
line: H#2 + #1 <-> H#1 + #2                                  [     0   -0.6400 ] 

new_line: H#2 + #1 <-> H#1 + #2                                  [1.1585919242723997   -0.64]
line: CO#1 + H#1 <-> CHO#1 + #1                              [  0.620   0.5900 ] 

new_line: CO#1 + H#1 <-> CHO#1 + #1                              [1.9162764643707133   0.59]
line: CO#1 + H#1 <-> COH#1 + #1                              [  2.220   1.9400 ] 

new_line: CO#1 + H#1 <-> COH#1 + #1                              [3.3658292853880507   1.94]
line: CHO#1 + H#1 <-> CH2O#1 + #1                            [  0.290  -0.3200 ] 

new_line: CHO#1 + H#1 <-> CH2O#1 + #1                            [0.1065447925333525   -0.32]
line: CHO#1 + H#1 <-> CHOH#1 + #1                            [  1.42    0.4200 ] 

new_line: CHO#1 + H#1 <-> CHOH#1 + #1                            [1.3113194888185955   0.42]
line: CH2O#1 + H#1 <-> CH3O#1 + #1                           [  0.850  -0.0100 ] 

new_line: CH2O#1 + H#1 <-> CH3O#1 + #1                           [0.8900899125222246   -0.01]
line: CH2O#1 + H#1 <-> CH2OH#1 + #1                          [  2.71    1.5800 ] 

new_line: CH2O#1 + H#1 <-> CH2OH#1 + #1                          [1.8218393495787895   1.58]
line: COH#1 + H#1 <-> CHOH#1 + #1                            [  0.55   -0.9400 ] 

new_line: COH#1 + H#1 <-> CHOH#1 + #1                            [0.23365697650888345   -0.94]
line: CHOH#1 + H#1 <-> CH2OH#1 + #1                          [  1.66    0.8400 ] 

new_line: CHOH#1 + H#1 <-> CH2OH#1 + #1                          [1.250548351474952   0.84]
line: CH2OH#1 + H#1 <-> CH3OH#1 + #1                         [  1.04    0.3100 ] 

new_line: CH2OH#1 + H#1 <-> CH3OH#1 + #1                         [0.5076762753726969   0.31]
line: CH3O#1 + H#1 <-> CH3OH#1 + #1                          [  1.91    1.9100 ] 

new_line: CH3O#1 + H#1 <-> CH3OH#1 + #1                          [2.4726072363793152   1.91]
line: CH2O#1 <-> CH2O + #1                                   [  0.848   0.2200 ] 

new_line: CH2O#1 <-> CH2O + #1                                   [0.5321290478761554   0.22]
line: CH3OH#1 <-> CH3OH + #1                                 [ -0.79   -1.4200 ] 

new_line: CH3OH#1 <-> CH3OH + #1                                 [0.49202615855815757   -1.42]
line: CHO#1 + #1 <-> CH#1 + O#1                              [  0.22   -0.9300 ] 

new_line: CHO#1 + #1 <-> CH#1 + O#1                              [1.0641251931938251   -0.93]
line: CH2O#1 + #1 <-> CH2#1 + O#1                            [  1.08   -1.070  ] 

new_line: CH2O#1 + #1 <-> CH2#1 + O#1                            [0.23134909879836013   -1.07]
line: CH2O#1 + #2 <-> CH2#2 + O#1                            [  2.68    0.2900 ] 

new_line: CH2O#1 + #2 <-> CH2#2 + O#1                            [0.4657632192555084   0.29]
line: CHOH#1 + #1 <-> CH#1 + OH#1                            [  0.36   -1.1200 ] 

new_line: CHOH#1 + #1 <-> CH#1 + OH#1                            [1.2199375101317997   -1.12]
line: CH2OH#1 + #1 <-> CH2#1 + OH#1                          [  1.22   -2.4200 ] 

new_line: CH2OH#1 + #1 <-> CH2#1 + OH#1                          [0.5983103288103497   -2.42]
line: CH2OH#1 + #2 <-> CH2#2 + OH#1                          [  0.30   -1.0600 ] 

new_line: CH2OH#1 + #2 <-> CH2#2 + OH#1                          [0.38093150144113513   -1.06]
line: CH3O#1 + #1 <-> CH3#1 + O#1                            [  1.83   -0.5400 ] 

new_line: CH3O#1 + #1 <-> CH3#1 + O#1                            [0.24400934023671744   -0.54]
line: CH3O#1 + #2 <-> CH3#2 + O#1                            [  1.77   -0.5300 ] 

new_line: CH3O#1 + #2 <-> CH3#2 + O#1                            [0.7996184628379557   -0.53]
line: CH3OH#1 + #1 <-> CH3#1 + OH#1                          [  0.53   -2.2200 ] 

new_line: CH3OH#1 + #1 <-> CH3#1 + OH#1                          [0.420742817025053   -2.22]
line: CH3OH#1 + #2 <-> CH3#2 + OH#1                          [  0.74   -2.2100 ] 

new_line: CH3OH#1 + #2 <-> CH3#2 + OH#1                          [0.6687427185819822   -2.21]
line: CH#1 + H#1 <-> CH2#1 + #1                              [  0.94   -0.460  ] 

new_line: CH#1 + H#1 <-> CH2#1 + #1                              [0.6958959319895931   -0.46]
line: CH#1 + OH#1 <-> CH2#1 + O#1                            [  0.53   -0.6900 ] 

new_line: CH#1 + OH#1 <-> CH2#1 + O#1                            [0.8988999162466804   -0.69]
line: CH2#1 + H#1 <-> CH3#1 + #1                             [  1.57    0.51   ] 

new_line: CH2#1 + H#1 <-> CH3#1 + #1                             [1.7071831416638523   0.51]
line: CH2#2 + H#1 <-> CH3#2 + #1                             [  0.55   -0.84   ] 

new_line: CH2#2 + H#1 <-> CH3#2 + #1                             [0.15324327570132415   -0.84]
line: CH2#2 + OH#1 <->CH3#2 + O#1                            [  0.74   -1.07   ] 

new_line: CH2#2 + OH#1 <->CH3#2 + O#1                            [0.16704794247922747   -1.07]
line: CH2#1 + OH#1 <->CH3#1 + O#1                            [  0.87    0.28   ] 

new_line: CH2#1 + OH#1 <->CH3#1 + O#1                            [1.7103820889947867   0.28]
line: CH3#2 + H#2 <-> CH4 + #2 + #2                          [  1.15   -1.710  ] 

new_line: CH3#2 + H#2 <-> CH4 + #2 + #2                          [0.38373055481748336   -1.71]
line: CH3#2 + OH#1 <-> CH4 + #2 + O#1                        [  0.75   -1.30   ] 

new_line: CH3#2 + OH#1 <-> CH4 + #2 + O#1                        [1.12425874070485   -1.3]
line: CH3#2 + H#1 <-> CH4 + #1 + #2                          [  1.27   -1.07   ] 

new_line: CH3#2 + H#1 <-> CH4 + #1 + #2                          [0.9226595796744259   -1.07]
line: CH3#1 + H#2 <-> CH4 + #1 + #2                          [  1.11   -1.70   ] 

new_line: CH3#1 + H#2 <-> CH4 + #1 + #2                          [0.2267110835893078   -1.7]
line: CH3#1 + H#1 <-> CH4 + #1+ #1                           [  1.68   -1.06   ] 

new_line: CH3#1 + H#1 <-> CH4 + #1+ #1                           [0.9698011574355543   -1.06]
line: CH3#1 + OH#1 <-> CH4 + #1+ O#1                         [  0.79   -1.29   ] 

new_line: CH3#1 + OH#1 <-> CH4 + #1+ O#1                         [0.6827670592743796   -1.29]
line: CHO#1 + CO#1 <-> CH#1 + CO2#1                          [  1.14   -0.6300 ] 

new_line: CHO#1 + CO#1 <-> CH#1 + CO2#1                          [0.2012256804634731   -0.63]
line: CH2O#1 + CO#1 <-> CH2#1 + CO2#1                        [  1.930  -0.7800 ] 

new_line: CH2O#1 + CO#1 <-> CH2#1 + CO2#1                        [0.23621819206957662   -0.78]
line: CH3O#1 + CO#1 <-> CH3#1 + CO2#1                        [  2.59   -0.2500 ] 

new_line: CH3O#1 + CO#1 <-> CH3#1 + CO2#1                        [1.3923902841907059   -0.25]
line: CHO#1 + CO#2 <-> CH#1 + CO2#2                          [  2.35    0.3100 ] 

new_line: CHO#1 + CO#2 <-> CH#1 + CO2#2                          [1.1958449065897978   0.31]
line: CH2O#1 + CO#2 <-> CH2#1 + CO2#2                        [  2.55    0.1700 ] 

new_line: CH2O#1 + CO#2 <-> CH2#1 + CO2#2                        [1.416330555644168   0.17]
line: CH3O#1 + CO#2 <-> CH3#1 + CO2#2                        [  3.32    0.7000 ] 

new_line: CH3O#1 + CO#2 <-> CH3#1 + CO2#2                        [1.512730278296281   0.7]
line: CH2#1 + CO#2 <-> CH2CO#1 + #2                          [  0.50    0.2800 ] 

new_line: CH2#1 + CO#2 <-> CH2CO#1 + #2                          [1.5273840146703705   0.28]
line: CH2#1 + CO#1 <-> CH2CO#1 + #1                          [  0.88    0.4600 ] 

new_line: CH2#1 + CO#1 <-> CH2CO#1 + #1                          [1.1798824130181214   0.46]
line: CH2#2 + CO#2 <-> CH2CO#2 +#2                           [  0.20   -0.6300 ] 

new_line: CH2#2 + CO#2 <-> CH2CO#2 +#2                           [0.09246195880640695   -0.63]
line: CH3#1 + CO#2 <-> CH3CO#1 + #2                          [  0.62    0.5000 ] 

new_line: CH3#1 + CO#2 <-> CH3CO#1 + #2                          [1.4110945340343417   0.5]
line: CH3#1 + CO#1 <-> CH3CO#1 + #1                          [  0.97    0.6700 ] 

new_line: CH3#1 + CO#1 <-> CH3CO#1 + #1                          [1.1101686473885415   0.67]
line: CH3#2 + CO#2 <-> CH3CO#2 +#2                           [  0.53   -0.1000 ] 

new_line: CH3#2 + CO#2 <-> CH3CO#2 +#2                           [1.4582763295076222   -0.1]
line: CH3CO#1 + #1 <-> CH2CO#1 + H#1                         [  0.21   -0.7300 ] 

new_line: CH3CO#1 + #1 <-> CH2CO#1 + H#1                         [0.6662888389713667   -0.73]
line: CH3CO#1 + O#1 <-> CH2CO#1 + OH#1                       [  0.00   -0.4000 ] 

new_line: CH3CO#1 + O#1 <-> CH2CO#1 + OH#1                       [0.057921627152662546   -0.4]
line: CH3CO#2 + #1 <-> CH2CO#2 + H#1                         [  1.89    0.3200 ] 

new_line: CH3CO#2 + #1 <-> CH2CO#2 + H#1                         [0.4814906207907643   0.32]
line: CH3CO#2 + O#1 <-> CH2CO#2 + OH#1                       [  2.31    0.5400 ] 

new_line: CH3CO#2 + O#1 <-> CH2CO#2 + OH#1                       [1.5608547330178175   0.54]
line: CH2CO#1 <-> CH2CO + #1                                 [ -0.093  -0.730  ] 

new_line: CH2CO#1 <-> CH2CO + #1                                 [1.291348578362853   -0.73]
line: CH2CO#2 <-> CH2CO + #2                                 [ -0.575  -1.180  ] 

new_line: CH2CO#2 <-> CH2CO + #2                                 [1.474554380430195   -1.18]
line: CO#2 + O#1 <-> CO2#1 + #2                              [  0.15    0.1200 ] 

new_line: CO#2 + O#1 <-> CO2#1 + #2                              [1.412179450935049   0.12]
line: CO#2 + OH#1 <-> COOH#2 +#1                             [  1.7800  1.4800 ] 

new_line: CO#2 + OH#1 <-> COOH#2 +#1                             [2.2245693985142285   1.48]
line: COOH#2 + O#1 <-> CO2#2 + OH#1                          [  0.280  -0.2400 ] 

new_line: COOH#2 + O#1 <-> CO2#2 + OH#1                          [0.23802482262179792   -0.24]
line: COOH#2 + #1 <-> CO2#2 + H#1                            [  3.73   -0.4700 ] 

new_line: COOH#2 + #1 <-> CO2#2 + H#1                            [1.0517245425575275   -0.47]
line: H#1 + OH#1 <-> H2O#1 + #1                              [  1.89    1.8900 ] 

new_line: H#1 + OH#1 <-> H2O#1 + #1                              [2.7032394137352656   1.89]
line: 224810
OH#1 + OH#1 <-> H2O#1 + O#1                            [  1.600   1.6400 ] 

new_line: OH#1 + OH#1 <-> H2O#1 + O#1                            [2.938498702880255   1.64]
line: H#2 + OH#1 <-> H2O#1 + #2                              [  1.96    1.2300 ] 

new_line: H#2 + OH#1 <-> H2O#1 + #2                              [2.348964194430533   1.23]
line: CO2#1 <-> CO2 + #1                                     [  0.329  -0.3100 ] 

new_line: CO2#1 <-> CO2 + #1                                     [0.5540379376170517   -0.31]
line: CO2#2 <-> CO2 + #2                                     [ -0.824  -1.4300 ] 

new_line: CO2#2 <-> CO2 + #2                                     [1.304582893891875   -1.43]
line: H2O#1 <-> H2O + #1                                     [ -0.227  -0.8400 ] 

new_line: H2O#1 <-> H2O + #1                                     [0.12257601149938332   -0.84]
wait
C
R
C
R
C
R
C
R
C
R
C
R
C
R
R
Run log in the file : /home/hxyang/my_Code/matlab_NN/test_sasian/test_new/test_67/1.5/result_1/log19
last_line: Run log in the file : /home/hxyang/my_Code/matlab_NN/test_sasian/test_new/test_67/1.5/result_1/log19 log_n 19
line: CO + #1 <-> CO#1                                       [  0.626   0.7300 ] 

new_line: CO + #1 <-> CO#1                                       [1.0961691931147703   0.73]
line: CO + #2 <-> CO#2                                       [  0.593   0.9100 ] 

new_line: CO + #2 <-> CO#2                                       [2.2990297573263123   0.91]
line: H2 + #1 <-> H2#1                                       [  0.549   0.9500 ] 

new_line: H2 + #1 <-> H2#1                                       [2.3193365072102496   0.95]
line: H2#1 + #2 <-> H#1 + H#2                                [  0.430  -0.7100 ] 

new_line: H2#1 + #2 <-> H#1 + H#2                                [0.29595949065412247   -0.71]
line: H#2 + #1 <-> H#1 + #2                                  [     0   -0.6400 ] 

new_line: H#2 + #1 <-> H#1 + #2                                  [0.050492491773301666   -0.64]
line: CO#1 + H#1 <-> CHO#1 + #1                              [  0.620   0.5900 ] 

new_line: CO#1 + H#1 <-> CHO#1 + #1                              [0.6203740269774314   0.59]
line: CO#1 + H#1 <-> COH#1 + #1                              [  2.220   1.9400 ] 

new_line: CO#1 + H#1 <-> COH#1 + #1                              [2.4877425348942728   1.94]
line: CHO#1 + H#1 <-> CH2O#1 + #1                            [  0.290  -0.3200 ] 

new_line: CHO#1 + H#1 <-> CH2O#1 + #1                            [0.03580314626990109   -0.32]
line: CHO#1 + H#1 <-> CHOH#1 + #1                            [  1.42    0.4200 ] 

new_line: CHO#1 + H#1 <-> CHOH#1 + #1                            [0.8728011685968018   0.42]
line: CH2O#1 + H#1 <-> CH3O#1 + #1                           [  0.850  -0.0100 ] 

new_line: CH2O#1 + H#1 <-> CH3O#1 + #1                           [0.34895780479049143   -0.01]
line: CH2O#1 + H#1 <-> CH2OH#1 + #1                          [  2.71    1.5800 ] 

new_line: CH2O#1 + H#1 <-> CH2OH#1 + #1                          [2.2943788746132143   1.58]
line: COH#1 + H#1 <-> CHOH#1 + #1                            [  0.55   -0.9400 ] 

new_line: COH#1 + H#1 <-> CHOH#1 + #1                            [0.5959692965197821   -0.94]
line: CHOH#1 + H#1 <-> CH2OH#1 + #1                          [  1.66    0.8400 ] 

new_line: CHOH#1 + H#1 <-> CH2OH#1 + #1                          [1.3576328072761017   0.84]
line: CH2OH#1 + H#1 <-> CH3OH#1 + #1                         [  1.04    0.3100 ] 

new_line: CH2OH#1 + H#1 <-> CH3OH#1 + #1                         [0.8553488822098898   0.31]
line: CH3O#1 + H#1 <-> CH3OH#1 + #1                          [  1.91    1.9100 ] 

new_line: CH3O#1 + H#1 <-> CH3OH#1 + #1                          [3.0170028433897076   1.91]
line: CH2O#1 <-> CH2O + #1                                   [  0.848   0.2200 ] 

new_line: CH2O#1 <-> CH2O + #1                                   [0.4822634793785553   0.22]
line: CH3OH#1 <-> CH3OH + #1                                 [ -0.79   -1.4200 ] 

new_line: CH3OH#1 <-> CH3OH + #1                                 [0.9246619389153944   -1.42]
line: CHO#1 + #1 <-> CH#1 + O#1                              [  0.22   -0.9300 ] 

new_line: CHO#1 + #1 <-> CH#1 + O#1                              [0.18906361345495615   -0.93]
line: CH2O#1 + #1 <-> CH2#1 + O#1                            [  1.08   -1.070  ] 

new_line: CH2O#1 + #1 <-> CH2#1 + O#1                            [0.8385884251182683   -1.07]
line: CH2O#1 + #2 <-> CH2#2 + O#1                            [  2.68    0.2900 ] 

new_line: CH2O#1 + #2 <-> CH2#2 + O#1                            [1.4639114572236593   0.29]
line: CHOH#1 + #1 <-> CH#1 + OH#1                            [  0.36   -1.1200 ] 

new_line: CHOH#1 + #1 <-> CH#1 + OH#1                            [0.9127697246848909   -1.12]
line: CH2OH#1 + #1 <-> CH2#1 + OH#1                          [  1.22   -2.4200 ] 

new_line: CH2OH#1 + #1 <-> CH2#1 + OH#1                          [1.2382201456018291   -2.42]
line: CH2OH#1 + #2 <-> CH2#2 + OH#1                          [  0.30   -1.0600 ] 

new_line: CH2OH#1 + #2 <-> CH2#2 + OH#1                          [1.4520492910427252   -1.06]
line: CH3O#1 + #1 <-> CH3#1 + O#1                            [  1.83   -0.5400 ] 

new_line: CH3O#1 + #1 <-> CH3#1 + O#1                            [0.9216917790796882   -0.54]
line: CH3O#1 + #2 <-> CH3#2 + O#1                            [  1.77   -0.5300 ] 

new_line: CH3O#1 + #2 <-> CH3#2 + O#1                            [1.4364250503325575   -0.53]
line: CH3OH#1 + #1 <-> CH3#1 + OH#1                          [  0.53   -2.2200 ] 

new_line: CH3OH#1 + #1 <-> CH3#1 + OH#1                          [1.1389284696307316   -2.22]
line: CH3OH#1 + #2 <-> CH3#2 + OH#1                          [  0.74   -2.2100 ] 

new_line: CH3OH#1 + #2 <-> CH3#2 + OH#1                          [0.9354176357624941   -2.21]
line: CH#1 + H#1 <-> CH2#1 + #1                              [  0.94   -0.460  ] 

new_line: CH#1 + H#1 <-> CH2#1 + #1                              [1.1170371270752635   -0.46]
line: CH#1 + OH#1 <-> CH2#1 + O#1                            [  0.53   -0.6900 ] 

new_line: CH#1 + OH#1 <-> CH2#1 + O#1                            [0.13000129102594143   -0.69]
line: CH2#1 + H#1 <-> CH3#1 + #1                             [  1.57    0.51   ] 

new_line: CH2#1 + H#1 <-> CH3#1 + #1                             [1.8627914151284872   0.51]
line: CH2#2 + H#1 <-> CH3#2 + #1                             [  0.55   -0.84   ] 

new_line: CH2#2 + H#1 <-> CH3#2 + #1                             [0.7166611023799168   -0.84]
line: CH2#2 + OH#1 <->CH3#2 + O#1                            [  0.74   -1.07   ] 

new_line: CH2#2 + OH#1 <->CH3#2 + O#1                            [0.633276213512015   -1.07]
line: CH2#1 + OH#1 <->CH3#1 + O#1                            [  0.87    0.28   ] 

new_line: CH2#1 + OH#1 <->CH3#1 + O#1                            [1.0931805792952858   0.28]
line: CH3#2 + H#2 <-> CH4 + #2 + #2                          [  1.15   -1.710  ] 

new_line: CH3#2 + H#2 <-> CH4 + #2 + #2                          [0.0854773852128813   -1.71]
line: CH3#2 + OH#1 <-> CH4 + #2 + O#1                        [  0.75   -1.30   ] 

new_line: CH3#2 + OH#1 <-> CH4 + #2 + O#1                        [0.3771524465901794   -1.3]
line: CH3#2 + H#1 <-> CH4 + #1 + #2                          [  1.27   -1.07   ] 

new_line: CH3#2 + H#1 <-> CH4 + #1 + #2                          [1.0961918007200915   -1.07]
line: CH3#1 + H#2 <-> CH4 + #1 + #2                          [  1.11   -1.70   ] 

new_line: CH3#1 + H#2 <-> CH4 + #1 + #2                          [1.308948394696561   -1.7]
line: CH3#1 + H#1 <-> CH4 + #1+ #1                           [  1.68   -1.06   ] 

new_line: CH3#1 + H#1 <-> CH4 + #1+ #1                           [1.4833080339851377   -1.06]
line: CH3#1 + OH#1 <-> CH4 + #1+ O#1                         [  0.79   -1.29   ] 

new_line: CH3#1 + OH#1 <-> CH4 + #1+ O#1                         [0.23152957293319867   -1.29]
line: CHO#1 + CO#1 <-> CH#1 + CO2#1                          [  1.14   -0.6300 ] 

new_line: 224811
CHO#1 + CO#1 <-> CH#1 + CO2#1                          [0.14813555911603551   -0.63]
line: CH2O#1 + CO#1 <-> CH2#1 + CO2#1                        [  1.930  -0.7800 ] 

new_line: CH2O#1 + CO#1 <-> CH2#1 + CO2#1                        [1.4275134801910827   -0.78]
line: CH3O#1 + CO#1 <-> CH3#1 + CO2#1                        [  2.59   -0.2500 ] 

new_line: CH3O#1 + CO#1 <-> CH3#1 + CO2#1                        [0.3352597054504306   -0.25]
line: CHO#1 + CO#2 <-> CH#1 + CO2#2                          [  2.35    0.3100 ] 

new_line: CHO#1 + CO#2 <-> CH#1 + CO2#2                          [1.0689078477654623   0.31]
line: CH2O#1 + CO#2 <-> CH2#1 + CO2#2                        [  2.55    0.1700 ] 

new_line: CH2O#1 + CO#2 <-> CH2#1 + CO2#2                        [1.2678015134744147   0.17]
line: CH3O#1 + CO#2 <-> CH3#1 + CO2#2                        [  3.32    0.7000 ] 

new_line: CH3O#1 + CO#2 <-> CH3#1 + CO2#2                        [0.858353515638711   0.7]
line: CH2#1 + CO#2 <-> CH2CO#1 + #2                          [  0.50    0.2800 ] 

new_line: CH2#1 + CO#2 <-> CH2CO#1 + #2                          [1.3262387798291175   0.28]
line: CH2#1 + CO#1 <-> CH2CO#1 + #1                          [  0.88    0.4600 ] 

new_line: CH2#1 + CO#1 <-> CH2CO#1 + #1                          [0.510309565574907   0.46]
line: CH2#2 + CO#2 <-> CH2CO#2 +#2                           [  0.20   -0.6300 ] 

new_line: CH2#2 + CO#2 <-> CH2CO#2 +#2                           [0.16085124460718284   -0.63]
line: CH3#1 + CO#2 <-> CH3CO#1 + #2                          [  0.62    0.5000 ] 

new_line: CH3#1 + CO#2 <-> CH3CO#1 + #2                          [1.7529643924513514   0.5]
line: CH3#1 + CO#1 <-> CH3CO#1 + #1                          [  0.97    0.6700 ] 

new_line: CH3#1 + CO#1 <-> CH3CO#1 + #1                          [1.5400508856586925   0.67]
line: CH3#2 + CO#2 <-> CH3CO#2 +#2                           [  0.53   -0.1000 ] 

new_line: CH3#2 + CO#2 <-> CH3CO#2 +#2                           [0.9102739824858019   -0.1]
line: CH3CO#1 + #1 <-> CH2CO#1 + H#1                         [  0.21   -0.7300 ] 

new_line: CH3CO#1 + #1 <-> CH2CO#1 + H#1                         [1.0720899189634159   -0.73]
line: CH3CO#1 + O#1 <-> CH2CO#1 + OH#1                       [  0.00   -0.4000 ] 

new_line: CH3CO#1 + O#1 <-> CH2CO#1 + OH#1                       [0.8496610655203585   -0.4]
line: CH3CO#2 + #1 <-> CH2CO#2 + H#1                         [  1.89    0.3200 ] 

new_line: CH3CO#2 + #1 <-> CH2CO#2 + H#1                         [1.4832103387212447   0.32]
line: CH3CO#2 + O#1 <-> CH2CO#2 + OH#1                       [  2.31    0.5400 ] 

new_line: CH3CO#2 + O#1 <-> CH2CO#2 + OH#1                       [1.2605004297818796   0.54]
line: CH2CO#1 <-> CH2CO + #1                                 [ -0.093  -0.730  ] 

new_line: CH2CO#1 <-> CH2CO + #1                                 [0.6779843504900819   -0.73]
line: CH2CO#2 <-> CH2CO + #2                                 [ -0.575  -1.180  ] 

new_line: CH2CO#2 <-> CH2CO + #2                                 [0.32790195893801044   -1.18]
line: CO#2 + O#1 <-> CO2#1 + #2                              [  0.15    0.1200 ] 

new_line: CO#2 + O#1 <-> CO2#1 + #2                              [0.9459735437289339   0.12]
line: CO#2 + OH#1 <-> COOH#2 +#1                             [  1.7800  1.4800 ] 

new_line: CO#2 + OH#1 <-> COOH#2 +#1                             [2.610463983112322   1.48]
line: COOH#2 + O#1 <-> CO2#2 + OH#1                          [  0.280  -0.2400 ] 

new_line: COOH#2 + O#1 <-> CO2#2 + OH#1                          [1.268771058115911   -0.24]
line: COOH#2 + #1 <-> CO2#2 + H#1                            [  3.73   -0.4700 ] 

new_line: COOH#2 + #1 <-> CO2#2 + H#1                            [1.3119024023721575   -0.47]
line: H#1 + OH#1 <-> H2O#1 + #1                              [  1.89    1.8900 ] 

new_line: H#1 + OH#1 <-> H2O#1 + #1                              [3.256928719341892   1.89]
line: OH#1 + OH#1 <-> H2O#1 + O#1                            [  1.600   1.6400 ] 

new_line: OH#1 + OH#1 <-> H2O#1 + O#1                            [2.6983928834859703   1.64]
line: H#2 + OH#1 <-> H2O#1 + #2                              [  1.96    1.2300 ] 

new_line: H#2 + OH#1 <-> H2O#1 + #2                              [1.5246899152862037   1.23]
line: CO2#1 <-> CO2 + #1                                     [  0.329  -0.3100 ] 

new_line: CO2#1 <-> CO2 + #1                                     [1.4360839289168918   -0.31]
line: CO2#2 <-> CO2 + #2                                     [ -0.824  -1.4300 ] 

new_line: CO2#2 <-> CO2 + #2                                     [0.006559027672416843   -1.43]
line: H2O#1 <-> H2O + #1                                     [ -0.227  -0.8400 ] 

new_line: H2O#1 <-> H2O + #1                                     [1.3395058461153306   -0.84]
wait
C
R
C
R
C
R
C
R
C
R
C
R
R
R
R
R
R
R
R
R
R
R
Run log in the file : /home/hxyang/my_Code/matlab_NN/test_sasian/test_new/test_67/1.5/result_1/log20
last_line: Run log in the file : /home/hxyang/my_Code/matlab_NN/test_sasian/test_new/test_67/1.5/result_1/log20 log_n 20
line: CO + #1 <-> CO#1                                       [  0.626   0.7300 ] 

new_line: CO + #1 <-> CO#1                                       [2.172768436125619   0.73]
line: CO + #2 <-> CO#2                                       [  0.593   0.9100 ] 

new_line: CO + #2 <-> CO#2                                       [1.834433999016093   0.91]
line: H2 + #1 <-> H2#1                                       [  0.549   0.9500 ] 

new_line: H2 + #1 <-> H2#1                                       [2.4011882846144106   0.95]
line: H2#1 + #2 <-> H#1 + H#2                                [  0.430  -0.7100 ] 

new_line: H2#1 + #2 <-> H#1 + H#2                                [0.2552659044678371   -0.71]
line: H#2 + #1 <-> H#1 + #2                                  [     0   -0.6400 ] 

new_line: H#2 + #1 <-> H#1 + #2                                  [0.29676206258488796   -0.64]
line: CO#1 + H#1 <-> CHO#1 + #1                              [  0.620   0.5900 ] 

new_line: CO#1 + H#1 <-> CHO#1 + #1                              [1.6594163636486967   0.59]
line: CO#1 + H#1 <-> COH#1 + #1                              [  2.220   1.9400 ] 

new_line: CO#1 + H#1 <-> COH#1 + #1                              [3.080200804464858   1.94]
line: CHO#1 + H#1 <-> CH2O#1 + #1                            [  0.290  -0.3200 ] 

new_line: CHO#1 + H#1 <-> CH2O#1 + #1                            [1.3980647423311525   -0.32]
line: CHO#1 + H#1 <-> CHOH#1 + #1                            [  1.42    0.4200 ] 

new_line: CHO#1 + H#1 <-> CHOH#1 + #1                            [1.5181066094435958   0.42]
line: CH2O#1 + H#1 <-> CH3O#1 + #1                           [  0.850  -0.0100 ] 

new_line: CH2O#1 + H#1 <-> CH3O#1 + #1                           [1.1276150482919416   -0.01]
line: CH2O#1 + H#1 <-> CH2OH#1 + #1                          [  2.71    1.5800 ] 

new_line: CH2O#1 + H#1 <-> CH2OH#1 + #1                          [2.639795292766819   1.58]
line: COH#1 + H#1 <-> CHOH#1 + #1                            [  0.55   -0.9400 ] 

new_line: COH#1 + H#1 <-> CHOH#1 + #1                            [0.7173897243752494   -0.94]
line: CHOH#1 + H#1 <-> CH2OH#1 + #1                          [  1.66    0.8400 ] 

new_line: CHOH#1 + H#1 <-> CH2OH#1 + #1                          [1.686730797342363   0.84]
line: CH2OH#1 + H#1 <-> CH3OH#1 + #1                         [  1.04    0.3100 ] 

new_line: CH2OH#1 + H#1 <-> CH3OH#1 + #1                         [1.5354969199595194   0.31]
line: CH3O#1 + H#1 <-> CH3OH#1 + #1                          [  1.91    1.9100 ] 

new_line: CH3O#1 + H#1 <-> CH3OH#1 + #1                          [2.4303444837613846   1.91]
line: CH2O#1 <-> CH2O + #1                                   [  0.848   0.2200 ] 

new_line: CH2O#1 <-> CH2O + #1                                   [1.4866959243256963   0.22]
line: CH3OH#1 <-> CH3OH + #1                                 [ -0.79   -1.4200 ] 

new_line: CH3OH#1 <-> CH3OH + #1                                 [1.1335675146745858   -1.42]
line: CHO#1 + #1 <-> CH#1 + O#1                              [  0.22   -0.9300 ] 

new_line: CHO#1 + #1 <-> CH#1 + O#1                              [1.2049298723084532   -0.93]
line: CH2O#1 + #1 <-> CH2#1 + O#1                            [  1.08   -1.070  ] 

new_line: CH2O#1 + #1 <-> CH2#1 + O#1                            [1.4600345119618399   -1.07]
line: CH2O#1 + #2 <-> CH2#2 + O#1                            [  2.68    0.2900 ] 

new_line: CH2O#1 + #2 <-> CH2#2 + O#1                            [0.9648583354965361   0.29]
line: CHOH#1 + #1 <-> CH#1 + OH#1                            [  0.36   -1.1200 ] 

new_line: CHOH#1 + #1 <-> CH#1 + OH#1                            [0.8632019872577474   -1.12]
line: CH2OH#1 + #1 <-> CH2#1 + OH#1                          [  1.22   -2.4200 ] 

new_line: CH2OH#1 + #1 <-> CH2#1 + OH#1                          [0.9614071268863335   -2.42]
line: CH2OH#1 + #2 <-> CH2#2 + OH#1                          [  0.30   -1.0600 ] 

new_line: CH2OH#1 + #2 <-> CH2#2 + OH#1                          [0.9679914528773081   -1.06]
line: CH3O#1 + #1 <-> CH3#1 + O#1                            [  1.83   -0.5400 ] 

new_line: CH3O#1 + #1 <-> CH3#1 + O#1                            [1.456368204330845   -0.54]
line: CH3O#1 + #2 <-> CH3#2 + O#1                            [  1.77   -0.5300 ] 

new_line: CH3O#1 + #2 <-> CH3#2 + O#1                            [0.0881859893814687   -0.53]
line: CH3OH#1 + #1 <-> CH3#1 + OH#1                          [  0.53   -2.2200 ] 

new_line: CH3OH#1 + #1 <-> CH3#1 + OH#1                          [1.2649875838628033   -2.22]
line: CH3OH#1 + #2 <-> CH3#2 + OH#1                          [  0.74   -2.2100 ] 

new_line: CH3OH#1 + #2 <-> CH3#2 + OH#1                          [1.319542862421749   -2.21]
line: CH#1 + H#1 <-> CH2#1 + #1                              [  0.94   -0.460  ] 

new_line: CH#1 + H#1 <-> CH2#1 + #1                              [0.7870752629663195   -0.46]
line: CH#1 + OH#1 <-> CH2#1 + O#1                            [  0.53   -0.6900 ] 

new_line: CH#1 + OH#1 <-> CH2#1 + O#1                            [0.28820711662901954   -0.69]
line: CH2#1 + H#1 <-> CH3#1 + #1                             [  1.57    0.51   ] 

new_line: CH2#1 + H#1 <-> CH3#1 + #1                             [0.7374187932594298   0.51]
line: CH2#2 + H#1 <-> CH3#2 + #1                             [  0.55   -0.84   ] 

new_line: CH2#2 + H#1 <-> CH3#2 + #1                             [1.0720278193197883   -0.84]
line: CH2#2 + OH#1 <->CH3#2 + O#1                            [  0.74   -1.07   ] 

new_line: CH2#2 + OH#1 <->CH3#2 + O#1                            [0.580356065011135   -1.07]
line: CH2#1 + OH#1 <->CH3#1 + O#1                            [  0.87    0.28   ] 

new_line: CH2#1 + OH#1 <->CH3#1 + O#1                            [0.5461385346270307   0.28]
line: CH3#2 + H#2 <-> CH4 + #2 + #2                          [  1.15   -1.710  ] 

new_line: CH3#2 + H#2 <-> CH4 + #2 + #2                          [0.9400473755687467   -1.71]
line: CH3#2 + OH#1 <-> CH4 + #2 + O#1                        [  0.75   -1.30   ] 

new_line: CH3#2 + OH#1 <-> CH4 + #2 + O#1                        [1.4077094069679486   -1.3]
line: CH3#2 + H#1 <-> CH4 + #1 + #2                          [  1.27   -1.07   ] 

new_line: CH3#2 + H#1 <-> CH4 + #1 + #2                          [1.1777215374924273   -1.07]
line: CH3#1 + H#2 <-> CH4 + #1 + #2                          [  1.11   -1.70   ] 

new_line: CH3#1 + H#2 <-> CH4 + #1 + #2                          [0.46940614713112183   -1.7]
line: CH3#1 + H#1 <-> CH4 + #1+ #1                           [  1.68   -1.06   ] 

new_line: CH3#1 + H#1 <-> CH4 + #1+ #1                           [0.31097027156631446   -1.06]
line: CH3#1 + OH#1 <-> CH4 + #1+ O#1                         [  0.79   -1.29   ] 

new_line: CH3#1 + OH#1 <-> CH4 + #1+ O#1                         [0.2477925710652231   -1.29]
line: CHO#1 + CO#1 <-> CH#1 + CO2#1                          [  1.14   -0.6300 ] 

new_line: CHO#1 + CO#1 <-> CH#1 + CO2#1                          [0.8602726179871238   -0.63]
line: CH2O#1 + CO#1 <-> CH2#1 + CO2#1                        [  1.930  -0.7800 ] 

new_line: CH2O#1 + CO#1 <-> CH2#1 + CO2#1                        [1.4976537671441519   -0.78]
line: CH3O#1 + CO#1 <-> CH3#1 + CO2#1                        [  2.59   -0.2500 ] 

new_line: CH3O#1 + CO#1 <-> CH3#1 + CO2#1                        [1.3307224302093443   -0.25]
line: CHO#1 + CO#2 <-> CH#1 + CO2#2                          [  2.35    0.3100 ] 

new_line: CHO#1 + CO#2 <-> CH#1 + CO2#2                          [0.8497390332441443   0.31]
line: CH2O#1 + CO#2 <-> CH2#1 + CO2#2                        [  2.55    0.1700 ] 

new_line: CH2O#1 + CO#2 <-> CH2#1 + CO2#2                        [0.5543921653181441   0.17]
line: CH3O#1 + CO#2 <-> CH3#1 + CO2#2                        [  3.32    0.7000 ] 

new_line: CH3O#1 + CO#2 <-> CH3#1 + CO2#2                        [0.8211939239551498   0.7]
line: CH2#1 + CO#2 <-> CH2CO#1 + #2                          [  0.50    0.2800 ] 

new_line: CH2#1 + CO#2 <-> CH2CO#1 + #2                          [1.6162995408422731   0.28]
line: CH2#1 + CO#1 <-> CH2CO#1 + #1                          [  0.88    0.4600 ] 

new_line: CH2#1 + CO#1 <-> CH2CO#1 + #1                          [0.7828057634549219   0.46]
line: CH2#2 + CO#2 <-> CH2CO#2 +#2                           [  0.20   -0.6300 ] 

new_line: CH2#2 + CO#2 <-> CH2CO#2 +#2                           [1.1409713763403242   -0.63]
line: CH3#1 + CO#2 <-> CH3CO#1 + #2                          [  0.62    0.5000 ] 

new_line: CH3#1 + CO#2 <-> CH3CO#1 + #2                          [0.857001270068199   0.5]
line: CH3#1 + CO#1 <-> CH3CO#1 + #1                          [  0.97    0.6700 ] 

new_line: CH3#1 + CO#1 <-> CH3CO#1 + #1                          [0.7408064816541353   0.67]
line: CH3#2 + CO#2 <-> CH3CO#2 +#2                           [  0.53   -0.1000 ] 

new_line: CH3#2 + CO#2 <-> CH3CO#2 +#2                           [0.26848732189139773   -0.1]
line: CH3CO#1 + #1 <-> CH2CO#1 + H#1                         [  0.21   -0.7300 ] 

new_line: CH3CO#1 + #1 <-> CH2CO#1 + H#1                         [0.12653464551447574   -0.73]
line: CH3CO#1 + O#1 <-> CH2CO#1 + OH#1                       [  0.00   -0.4000 ] 

new_line: CH3CO#1 + O#1 <-> CH2CO#1 + OH#1                       [1.1262316703997501   -0.4]
line: CH3CO#2 + #1 <-> CH2CO#2 + H#1                         [  1.89    0.3200 ] 

new_line: CH3CO#2 + #1 <-> CH2CO#2 + H#1                         [1.2091824272510483   0.32]
line: CH3CO#2 + O#1 <-> CH2CO#2 + OH#1                       [  2.31    0.5400 ] 

new_line: CH3CO#2 + O#1 <-> CH2CO#2 + OH#1                       [1.915546272396153   0.54]
line: CH2CO#1 <-> CH2CO + #1                                 [ -0.093  -0.730  ] 

new_line: CH2CO#1 <-> CH2CO + #1                                 [0.17337584296785064   -0.73]
line: CH2CO#2 <-> CH2CO + #2                                 [ -0.575  -1.180  ] 

new_line: CH2CO#2 <-> CH2CO + #2                                 [1.3597338441556945   -1.18]
line: CO#2 + O#1 <-> CO2#1 + #2                              [  0.15    0.1200 ] 

new_line: CO#2 + O#1 <-> CO2#1 + #2                              [0.9720798062750652   0.12]
line: CO#2 + OH#1 <-> COOH#2 +#1                             [  1.7800  1.4800 ] 

new_line: CO#2 + OH#1 <-> COOH#2 +#1                             [1.6111375121068119   1.48]
line: COOH#2 + O#1 <-> CO2#2 + OH#1                          [  0.280  -0.2400 ] 

new_line: COOH#2 + O#1 <-> CO2#2 + OH#1                          [1.1978409158106547   -0.24]
line: COOH#2 + #1 <-> CO2#2 + H#1                            [  3.73   -0.4700 ] 

new_line: COOH#2 + #1 <-> CO2#2 + H#1                            [0.49294219157715   -0.47]
line: H#1 + OH#1 <-> H2O#1 + #1                              [  1.89    1.8900 ] 

new_line: H#1 + OH#1 <-> H2O#1 + #1                              [2.8781143843658388   1.89]
line: OH#1 + OH#1 <-> H2O#1 + O#1                            [  1.600   1.6400 ] 

new_line: OH#1 + OH#1 <-> H2O#1 + O#1                            [1.8180699991021978   1.64]
line: H#2 + OH#1 <-> H2O#1 + #2                              [  1.96    1.2300 ] 

new_line: 224812
H#2 + OH#1 <-> H2O#1 + #2                              [2.222505020176143   1.23]
line: CO2#1 <-> CO2 + #1                                     [  0.329  -0.3100 ] 

new_line: CO2#1 <-> CO2 + #1                                     [0.18396401408621896   -0.31]
line: CO2#2 <-> CO2 + #2                                     [ -0.824  -1.4300 ] 

new_line: CO2#2 <-> CO2 + #2                                     [1.083654570945259   -1.43]
line: H2O#1 <-> H2O + #1                                     [ -0.227  -0.8400 ] 

new_line: H2O#1 <-> H2O + #1                                     [0.7680901340932818   -0.84]
wait
C
R
C
R
C
R
C
R
C
R
C
R
R
R
R
R
Run log in the file : /home/hxyang/my_Code/matlab_NN/test_sasian/test_new/test_67/1.5/result_1/log21
last_line: Run log in the file : /home/hxyang/my_Code/matlab_NN/test_sasian/test_new/test_67/1.5/result_1/log21 log_n 21
line: CO + #1 <-> CO#1                                       [  0.626   0.7300 ] 

new_line: CO + #1 <-> CO#1                                       [1.873085543654447   0.73]
line: CO + #2 <-> CO#2                                       [  0.593   0.9100 ] 

new_line: CO + #2 <-> CO#2                                       [2.1655502356693677   0.91]
line: H2 + #1 <-> H2#1                                       [  0.549   0.9500 ] 

new_line: H2 + #1 <-> H2#1                                       [1.1312245681950355   0.95]
line: H2#1 + #2 <-> H#1 + H#2                                [  0.430  -0.7100 ] 

new_line: H2#1 + #2 <-> H#1 + H#2                                [0.313192753415244   -0.71]
line: H#2 + #1 <-> H#1 + #2                                  [     0   -0.6400 ] 

new_line: H#2 + #1 <-> H#1 + #2                                  [0.8400396431111457   -0.64]
line: CO#1 + H#1 <-> CHO#1 + #1                              [  0.620   0.5900 ] 

new_line: CO#1 + H#1 <-> CHO#1 + #1                              [1.3633770376412904   0.59]
line: CO#1 + H#1 <-> COH#1 + #1                              [  2.220   1.9400 ] 

new_line: CO#1 + H#1 <-> COH#1 + #1                              [3.4326614762511385   1.94]
line: CHO#1 + H#1 <-> CH2O#1 + #1                            [  0.290  -0.3200 ] 

new_line: CHO#1 + H#1 <-> CH2O#1 + #1                            [1.2919522243173436   -0.32]
line: CHO#1 + H#1 <-> CHOH#1 + #1                            [  1.42    0.4200 ] 

new_line: CHO#1 + H#1 <-> CHOH#1 + #1                            [1.4111857797680412   0.42]
line: CH2O#1 + H#1 <-> CH3O#1 + #1                           [  0.850  -0.0100 ] 

new_line: CH2O#1 + H#1 <-> CH3O#1 + #1                           [0.3221903907286084   -0.01]
line: CH2O#1 + H#1 <-> CH2OH#1 + #1                          [  2.71    1.5800 ] 

new_line: CH2O#1 + H#1 <-> CH2OH#1 + #1                          [2.2729657808769277   1.58]
line: COH#1 + H#1 <-> CHOH#1 + #1                            [  0.55   -0.9400 ] 

new_line: COH#1 + H#1 <-> CHOH#1 + #1                            [1.4774772916709793   -0.94]
line: CHOH#1 + H#1 <-> CH2OH#1 + #1                          [  1.66    0.8400 ] 

new_line: CHOH#1 + H#1 <-> CH2OH#1 + #1                          [0.9701093613710715   0.84]
line: CH2OH#1 + H#1 <-> CH3OH#1 + #1                         [  1.04    0.3100 ] 

new_line: CH2OH#1 + H#1 <-> CH3OH#1 + #1                         [0.41961238579864574   0.31]
line: CH3O#1 + H#1 <-> CH3OH#1 + #1                          [  1.91    1.9100 ] 

new_line: CH3O#1 + H#1 <-> CH3OH#1 + #1                          [2.9767059915928202   1.91]
line: CH2O#1 <-> CH2O + #1                                   [  0.848   0.2200 ] 

new_line: CH2O#1 <-> CH2O + #1                                   [1.5484358069935764   0.22]
line: CH3OH#1 <-> CH3OH + #1                                 [ -0.79   -1.4200 ] 

new_line: CH3OH#1 <-> CH3OH + #1                                 [1.2410529610043635   -1.42]
line: CHO#1 + #1 <-> CH#1 + O#1                              [  0.22   -0.9300 ] 

new_line: CHO#1 + #1 <-> CH#1 + O#1                              [0.16627971088522947   -0.93]
line: CH2O#1 + #1 <-> CH2#1 + O#1                            [  1.08   -1.070  ] 

new_line: CH2O#1 + #1 <-> CH2#1 + O#1                            [0.618646528015727   -1.07]
line: CH2O#1 + #2 <-> CH2#2 + O#1                            [  2.68    0.2900 ] 

new_line: CH2O#1 + #2 <-> CH2#2 + O#1                            [0.5534956759747915   0.29]
line: CHOH#1 + #1 <-> CH#1 + OH#1                            [  0.36   -1.1200 ] 

new_line: CHOH#1 + #1 <-> CH#1 + OH#1                            [1.3953600565491306   -1.12]
line: CH2OH#1 + #1 <-> CH2#1 + OH#1                          [  1.22   -2.4200 ] 

new_line: CH2OH#1 + #1 <-> CH2#1 + OH#1                          [0.15105575495329565   -2.42]
line: CH2OH#1 + #2 <-> CH2#2 + OH#1                          [  0.30   -1.0600 ] 

new_line: CH2OH#1 + #2 <-> CH2#2 + OH#1                          [0.8530372115706332   -1.06]
line: CH3O#1 + #1 <-> CH3#1 + O#1                            [  1.83   -0.5400 ] 

new_line: CH3O#1 + #1 <-> CH3#1 + O#1                            [0.443513324355724   -0.54]
line: CH3O#1 + #2 <-> CH3#2 + O#1                            [  1.77   -0.5300 ] 

new_line: CH3O#1 + #2 <-> CH3#2 + O#1                            [0.1343403326215073   -0.53]
line: CH3OH#1 + #1 <-> CH3#1 + OH#1                          [  0.53   -2.2200 ] 

new_line: CH3OH#1 + #1 <-> CH3#1 + OH#1                          [1.1852393286698184   -2.22]
line: CH3OH#1 + #2 <-> CH3#2 + OH#1                          [  0.74   -2.2100 ] 

new_line: CH3OH#1 + #2 <-> CH3#2 + OH#1                          [0.39248862210107127   -2.21]
line: CH#1 + H#1 <-> CH2#1 + #1                              [  0.94   -0.460  ] 

new_line: CH#1 + H#1 <-> CH2#1 + #1                              [0.0063361092107963556   -0.46]
line: CH#1 + OH#1 <-> CH2#1 + O#1                            [  0.53   -0.6900 ] 

new_line: CH#1 + OH#1 <-> CH2#1 + O#1                            [0.9617641302104476   -0.69]
line: CH2#1 + H#1 <-> CH3#1 + #1                             [  1.57    0.51   ] 

new_line: CH2#1 + H#1 <-> CH3#1 + #1                             [0.9940115338828147   0.51]
line: CH2#2 + H#1 <-> CH3#2 + #1                             [  0.55   -0.84   ] 

new_line: CH2#2 + H#1 <-> CH3#2 + #1                             [0.6127683734342197   -0.84]
line: CH2#2 + OH#1 <->CH3#2 + O#1                            [  0.74   -1.07   ] 

new_line: CH2#2 + OH#1 <->CH3#2 + O#1                            [0.17427517283670269   -1.07]
line: CH2#1 + OH#1 <->CH3#1 + O#1                            [  0.87    0.28   ] 

new_line: CH2#1 + OH#1 <->CH3#1 + O#1                            [1.020401499612778   0.28]
line: CH3#2 + H#2 <-> CH4 + #2 + #2                          [  1.15   -1.710  ] 

new_line: CH3#2 + H#2 <-> CH4 + #2 + #2                          [1.4694310984828292   -1.71]
line: CH3#2 + OH#1 <-> CH4 + #2 + O#1                        [  0.75   -1.30   ] 

new_line: CH3#2 + OH#1 <-> CH4 + #2 + O#1                        [0.4773176311625508   -1.3]
line: CH3#2 + H#1 <-> CH4 + #1 + #2                          [  1.27   -1.07   ] 

new_line: CH3#2 + H#1 <-> CH4 + #1 + #2                          [0.28056224148882836   -1.07]
line: CH3#1 + H#2 <-> CH4 + #1 + #2                          [  1.11   -1.70   ] 

new_line: CH3#1 + H#2 <-> CH4 + #1 + #2                          [0.17990500631964404   -1.7]
line: CH3#1 + H#1 <-> CH4 + #1+ #1                           [  1.68   -1.06   ] 

new_line: CH3#1 + H#1 <-> CH4 + #1+ #1                           [1.371580504873263   -1.06]
line: CH3#1 + OH#1 <-> CH4 + #1+ O#1                         [  0.79   -1.29   ] 

new_line: CH3#1 + OH#1 <-> CH4 + #1+ O#1                         [0.09038741362897326   -1.29]
line: CHO#1 + CO#1 <-> CH#1 + CO2#1                          [  1.14   -0.6300 ] 

new_line: CHO#1 + CO#1 <-> CH#1 + CO2#1                          [0.4735095850706611   -0.63]
line: CH2O#1 + CO#1 <-> CH2#1 + CO2#1                        [  1.930  -0.7800 ] 

new_line: CH2O#1 + CO#1 <-> CH2#1 + CO2#1                        [1.449497154404735   -0.78]
line: 224815
CH3O#1 + CO#1 <-> CH3#1 + CO2#1                        [  2.59   -0.2500 ] 

new_line: CH3O#1 + CO#1 <-> CH3#1 + CO2#1                        [0.309252457715287   -0.25]
line: CHO#1 + CO#2 <-> CH#1 + CO2#2                          [  2.35    0.3100 ] 

new_line: CHO#1 + CO#2 <-> CH#1 + CO2#2                          [1.6155262137309936   0.31]
line: CH2O#1 + CO#2 <-> CH2#1 + CO2#2                        [  2.55    0.1700 ] 

new_line: CH2O#1 + CO#2 <-> CH2#1 + CO2#2                        [1.219198914782861   0.17]
line: CH3O#1 + CO#2 <-> CH3#1 + CO2#2                        [  3.32    0.7000 ] 

new_line: CH3O#1 + CO#2 <-> CH3#1 + CO2#2                        [1.2320356072911387   0.7]
line: CH2#1 + CO#2 <-> CH2CO#1 + #2                          [  0.50    0.2800 ] 

new_line: CH2#1 + CO#2 <-> CH2CO#1 + #2                          [1.5394991525657302   0.28]
line: CH2#1 + CO#1 <-> CH2CO#1 + #1                          [  0.88    0.4600 ] 

new_line: CH2#1 + CO#1 <-> CH2CO#1 + #1                          [1.1181477817221865   0.46]
line: CH2#2 + CO#2 <-> CH2CO#2 +#2                           [  0.20   -0.6300 ] 

new_line: CH2#2 + CO#2 <-> CH2CO#2 +#2                           [0.5057778847766957   -0.63]
line: CH3#1 + CO#2 <-> CH3CO#1 + #2                          [  0.62    0.5000 ] 

new_line: CH3#1 + CO#2 <-> CH3CO#1 + #2                          [0.8167556175449774   0.5]
line: CH3#1 + CO#1 <-> CH3CO#1 + #1                          [  0.97    0.6700 ] 

new_line: CH3#1 + CO#1 <-> CH3CO#1 + #1                          [1.9396277845336125   0.67]
line: CH3#2 + CO#2 <-> CH3CO#2 +#2                           [  0.53   -0.1000 ] 

new_line: CH3#2 + CO#2 <-> CH3CO#2 +#2                           [1.496723002301945   -0.1]
line: CH3CO#1 + #1 <-> CH2CO#1 + H#1                         [  0.21   -0.7300 ] 

new_line: CH3CO#1 + #1 <-> CH2CO#1 + H#1                         [0.1765833380917102   -0.73]
line: CH3CO#1 + O#1 <-> CH2CO#1 + OH#1                       [  0.00   -0.4000 ] 

new_line: CH3CO#1 + O#1 <-> CH2CO#1 + OH#1                       [0.14596054912739126   -0.4]
line: CH3CO#2 + #1 <-> CH2CO#2 + H#1                         [  1.89    0.3200 ] 

new_line: CH3CO#2 + #1 <-> CH2CO#2 + H#1                         [0.6240437405965666   0.32]
line: CH3CO#2 + O#1 <-> CH2CO#2 + OH#1                       [  2.31    0.5400 ] 

new_line: CH3CO#2 + O#1 <-> CH2CO#2 + OH#1                       [1.7556573816588843   0.54]
line: CH2CO#1 <-> CH2CO + #1                                 [ -0.093  -0.730  ] 

new_line: CH2CO#1 <-> CH2CO + #1                                 [1.1701812321433738   -0.73]
line: CH2CO#2 <-> CH2CO + #2                                 [ -0.575  -1.180  ] 

new_line: CH2CO#2 <-> CH2CO + #2                                 [1.2258460317369233   -1.18]
line: CO#2 + O#1 <-> CO2#1 + #2                              [  0.15    0.1200 ] 

new_line: CO#2 + O#1 <-> CO2#1 + #2                              [0.5859419708588405   0.12]
line: CO#2 + OH#1 <-> COOH#2 +#1                             [  1.7800  1.4800 ] 

new_line: CO#2 + OH#1 <-> COOH#2 +#1                             [1.7772859082105863   1.48]
line: COOH#2 + O#1 <-> CO2#2 + OH#1                          [  0.280  -0.2400 ] 

new_line: COOH#2 + O#1 <-> CO2#2 + OH#1                          [0.43664164921703164   -0.24]
line: COOH#2 + #1 <-> CO2#2 + H#1                            [  3.73   -0.4700 ] 

new_line: COOH#2 + #1 <-> CO2#2 + H#1                            [0.15945622422716502   -0.47]
line: H#1 + OH#1 <-> H2O#1 + #1                              [  1.89    1.8900 ] 

new_line: H#1 + OH#1 <-> H2O#1 + #1                              [2.119436447621153   1.89]
line: OH#1 + OH#1 <-> H2O#1 + O#1                            [  1.600   1.6400 ] 

new_line: OH#1 + OH#1 <-> H2O#1 + O#1                            [2.586662734967905   1.64]
line: H#2 + OH#1 <-> H2O#1 + #2                              [  1.96    1.2300 ] 

new_line: H#2 + OH#1 <-> H2O#1 + #2                              [1.4558918508411374   1.23]
line: CO2#1 <-> CO2 + #1                                     [  0.329  -0.3100 ] 

new_line: CO2#1 <-> CO2 + #1                                     [0.8176797217476521   -0.31]
line: CO2#2 <-> CO2 + #2                                     [ -0.824  -1.4300 ] 

new_line: CO2#2 <-> CO2 + #2                                     [0.02170605403603219   -1.43]
line: H2O#1 <-> H2O + #1                                     [ -0.227  -0.8400 ] 

new_line: H2O#1 <-> H2O + #1                                     [1.0848811380837913   -0.84]
wait
C
R
C
R
C
R
C
R
C
R
C
R
R
R
R
R
R
R
R
Run log in the file : /home/hxyang/my_Code/matlab_NN/test_sasian/test_new/test_67/1.5/result_1/log22
last_line: Run log in the file : /home/hxyang/my_Code/matlab_NN/test_sasian/test_new/test_67/1.5/result_1/log22 log_n 22
line: CO + #1 <-> CO#1                                       [  0.626   0.7300 ] 

new_line: CO + #1 <-> CO#1                                       [1.6153455371516068   0.73]
line: CO + #2 <-> CO#2                                       [  0.593   0.9100 ] 

new_line: CO + #2 <-> CO#2                                       [1.1455811532333733   0.91]
line: H2 + #1 <-> H2#1                                       [  0.549   0.9500 ] 

new_line: H2 + #1 <-> H2#1                                       [0.9960531491155105   0.95]
line: H2#1 + #2 <-> H#1 + H#2                                [  0.430  -0.7100 ] 

new_line: H2#1 + #2 <-> H#1 + H#2                                [0.11681419098287248   -0.71]
line: H#2 + #1 <-> H#1 + #2                                  [     0   -0.6400 ] 

new_line: H#2 + #1 <-> H#1 + #2                                  [1.2320595564130026   -0.64]
line: CO#1 + H#1 <-> CHO#1 + #1                              [  0.620   0.5900 ] 

new_line: CO#1 + H#1 <-> CHO#1 + #1                              [0.9563568478357869   0.59]
line: CO#1 + H#1 <-> COH#1 + #1                              [  2.220   1.9400 ] 

new_line: CO#1 + H#1 <-> COH#1 + #1                              [3.1013794400476478   1.94]
line: CHO#1 + H#1 <-> CH2O#1 + #1                            [  0.290  -0.3200 ] 

new_line: CHO#1 + H#1 <-> CH2O#1 + #1                            [0.2220992690214933   -0.32]
line: CHO#1 + H#1 <-> CHOH#1 + #1                            [  1.42    0.4200 ] 

new_line: CHO#1 + H#1 <-> CHOH#1 + #1                            [1.3623122876248528   0.42]
line: CH2O#1 + H#1 <-> CH3O#1 + #1                           [  0.850  -0.0100 ] 

new_line: CH2O#1 + H#1 <-> CH3O#1 + #1                           [1.0058329964436439   -0.01]
line: CH2O#1 + H#1 <-> CH2OH#1 + #1                          [  2.71    1.5800 ] 

new_line: CH2O#1 + H#1 <-> CH2OH#1 + #1                          [1.9555801306633458   1.58]
line: COH#1 + H#1 <-> CHOH#1 + #1                            [  0.55   -0.9400 ] 

new_line: COH#1 + H#1 <-> CHOH#1 + #1                            [0.8397528038080911   -0.94]
line: CHOH#1 + H#1 <-> CH2OH#1 + #1                          [  1.66    0.8400 ] 

new_line: CHOH#1 + H#1 <-> CH2OH#1 + #1                          [2.0101458545424764   0.84]
line: CH2OH#1 + H#1 <-> CH3OH#1 + #1                         [  1.04    0.3100 ] 

new_line: CH2OH#1 + H#1 <-> CH3OH#1 + #1                         [1.051661967040315   0.31]
line: CH3O#1 + H#1 <-> CH3OH#1 + #1                          [  1.91    1.9100 ] 

new_line: CH3O#1 + H#1 <-> CH3OH#1 + #1                          [3.286961639080519   1.91]
line: CH2O#1 <-> CH2O + #1                                   [  0.848   0.2200 ] 

new_line: CH2O#1 <-> CH2O + #1                                   [0.37439576712218037   0.22]
line: CH3OH#1 <-> CH3OH + #1                                 [ -0.79   -1.4200 ] 

new_line: CH3OH#1 <-> CH3OH + #1                                 [0.005266796557456391   -1.42]
line: CHO#1 + #1 <-> CH#1 + O#1                              [  0.22   -0.9300 ] 

new_line: CHO#1 + #1 <-> CH#1 + O#1                              [0.39169573234773236   -0.93]
line: CH2O#1 + #1 <-> CH2#1 + O#1                            [  1.08   -1.070  ] 

new_line: CH2O#1 + #1 <-> CH2#1 + O#1                            [1.1882551556854337   -1.07]
line: CH2O#1 + #2 <-> CH2#2 + O#1                            [  2.68    0.2900 ] 

new_line: CH2O#1 + #2 <-> CH2#2 + O#1                            [0.6087655530146505   0.29]
line: CHOH#1 + #1 <-> CH#1 + OH#1                            [  0.36   -1.1200 ] 

new_line: CHOH#1 + #1 <-> CH#1 + OH#1                            [0.3747106104632931   -1.12]
line: CH2OH#1 + #1 <-> CH2#1 + OH#1                          [  1.22   -2.4200 ] 

new_line: CH2OH#1 + #1 <-> CH2#1 + OH#1                          [0.3070432021854261   -2.42]
line: CH2OH#1 + #2 <-> CH2#2 + OH#1                          [  0.30   -1.0600 ] 

new_line: CH2OH#1 + #2 <-> CH2#2 + OH#1                          [0.2908225631560397   -1.06]
line: CH3O#1 + #1 <-> CH3#1 + O#1                            [  1.83   -0.5400 ] 

new_line: CH3O#1 + #1 <-> CH3#1 + O#1                            [0.5019577077373065   -0.54]
line: CH3O#1 + #2 <-> CH3#2 + O#1                            [  1.77   -0.5300 ] 

new_line: CH3O#1 + #2 <-> CH3#2 + O#1                            [0.3294176399500352   -0.53]
line: CH3OH#1 + #1 <-> CH3#1 + OH#1                          [  0.53   -2.2200 ] 

new_line: CH3OH#1 + #1 <-> CH3#1 + OH#1                          [0.7497643154727054   -2.22]
line: CH3OH#1 + #2 <-> CH3#2 + OH#1                          [  0.74   -2.2100 ] 

new_line: CH3OH#1 + #2 <-> CH3#2 + OH#1                          [1.444419582774646   -2.21]
line: CH#1 + H#1 <-> CH2#1 + #1                              [  0.94   -0.460  ] 

new_line: CH#1 + H#1 <-> CH2#1 + #1                              [1.3942385464501097   -0.46]
line: CH#1 + OH#1 <-> CH2#1 + O#1                            [  0.53   -0.6900 ] 

new_line: CH#1 + OH#1 <-> CH2#1 + O#1                            [0.7028813769322031   -0.69]
line: CH2#1 + H#1 <-> CH3#1 + #1                             [  1.57    0.51   ] 

new_line: CH2#1 + H#1 <-> CH3#1 + #1                             [1.2145558455508696   0.51]
line: CH2#2 + H#1 <-> CH3#2 + #1                             [  0.55   -0.84   ] 

new_line: CH2#2 + H#1 <-> CH3#2 + #1                             [0.6348769057978366   -0.84]
line: CH2#2 + OH#1 <->CH3#2 + O#1                            [  0.74   -1.07   ] 

new_line: CH2#2 + OH#1 <->CH3#2 + O#1                            [0.14657907134871614   -1.07]
line: CH2#1 + OH#1 <->CH3#1 + O#1                            [  0.87    0.28   ] 

new_line: CH2#1 + OH#1 <->CH3#1 + O#1                            [1.5814606261550914   0.28]
line: CH3#2 + H#2 <-> CH4 + #2 + #2                          [  1.15   -1.710  ] 

new_line: CH3#2 + H#2 <-> CH4 + #2 + #2                          [0.2680508332587572   -1.71]
line: CH3#2 + OH#1 <-> CH4 + #2 + O#1                        [  0.75   -1.30   ] 

new_line: CH3#2 + OH#1 <-> CH4 + #2 + O#1                        [0.19819332186497546   -1.3]
line: CH3#2 + H#1 <-> CH4 + #1 + #2                          [  1.27   -1.07   ] 

new_line: CH3#2 + H#1 <-> CH4 + #1 + #2                          [1.1112011880785406   -1.07]
line: CH3#1 + H#2 <-> CH4 + #1 + #2                          [  1.11   -1.70   ] 

new_line: CH3#1 + H#2 <-> CH4 + #1 + #2                          [1.324025381745781   -1.7]
line: CH3#1 + H#1 <-> CH4 + #1+ #1                           [  1.68   -1.06   ] 

new_line: CH3#1 + H#1 <-> CH4 + #1+ #1                           [0.8559279313229355   -1.06]
line: CH3#1 + OH#1 <-> CH4 + #1+ O#1                         [  0.79   -1.29   ] 

new_line: CH3#1 + OH#1 <-> CH4 + #1+ O#1                         [0.9768261606048361   -1.29]
line: CHO#1 + CO#1 <-> CH#1 + CO2#1                          [  1.14   -0.6300 ] 

new_line: CHO#1 + CO#1 <-> CH#1 + CO2#1                          [0.6581275553371807   -0.63]
line: CH2O#1 + CO#1 <-> CH2#1 + CO2#1                        [  1.930  -0.7800 ] 

new_line: CH2O#1 + CO#1 <-> CH2#1 + CO2#1                        [0.0978593186810845   -0.78]
line: CH3O#1 + CO#1 <-> CH3#1 + CO2#1                        [  2.59   -0.2500 ] 

new_line: CH3O#1 + CO#1 <-> CH3#1 + CO2#1                        [1.336358819248932   -0.25]
line: CHO#1 + CO#2 <-> CH#1 + CO2#2                          [  2.35    0.3100 ] 

new_line: CHO#1 + CO#2 <-> CH#1 + CO2#2                          [1.5937522000276574   0.31]
line: CH2O#1 + CO#2 <-> CH2#1 + CO2#2                        [  2.55    0.1700 ] 

new_line: CH2O#1 + CO#2 <-> CH2#1 + CO2#2                        [1.2808748156833039   0.17]
line: CH3O#1 + CO#2 <-> CH3#1 + CO2#2                        [  3.32    0.7000 ] 

new_line: CH3O#1 + CO#2 <-> CH3#1 + CO2#2                        [1.4175464367402566   0.7]
line: CH2#1 + CO#2 <-> CH2CO#1 + #2                          [  0.50    0.2800 ] 

new_line: CH2#1 + CO#2 <-> CH2CO#1 + #2                          [0.9812274042636442   0.28]
line: CH2#1 + CO#1 <-> CH2CO#1 + #1                          [  0.88    0.4600 ] 

new_line: CH2#1 + CO#1 <-> CH2CO#1 + #1                          [1.5856581841509811   0.46]
line: CH2#2 + CO#2 <-> CH2CO#2 +#2                           [  0.20   -0.6300 ] 

new_line: CH2#2 + CO#2 <-> CH2CO#2 +#2                           [1.021636892954819   -0.63]
line: CH3#1 + CO#2 <-> CH3CO#1 + #2                          [  0.62    0.5000 ] 

new_line: CH3#1 + CO#2 <-> CH3CO#1 + #2                          [1.496213884053554   0.5]
line: CH3#1 + CO#1 <-> CH3CO#1 + #1                          [  0.97    0.6700 ] 

new_line: CH3#1 + CO#1 <-> CH3CO#1 + #1                          [1.3466012624427321   0.67]
line: CH3#2 + CO#2 <-> CH3CO#2 +#2                           [  0.53   -0.1000 ] 

new_line: CH3#2 + CO#2 <-> CH3CO#2 +#2                           [0.8897227993257248   -0.1]
line: CH3CO#1 + #1 <-> CH2CO#1 + H#1                         [  0.21   -0.7300 ] 

new_line: CH3CO#1 + #1 <-> CH2CO#1 + H#1                         [0.21842410700293224   -0.73]
line: CH3CO#1 + O#1 <-> CH2CO#1 + OH#1                       [  0.00   -0.4000 ] 

new_line: CH3CO#1 + O#1 <-> CH2CO#1 + OH#1                       [1.4393797926538032   -0.4]
line: CH3CO#2 + #1 <-> CH2CO#2 + H#1                         [  1.89    0.3200 ] 

new_line: CH3CO#2 + #1 <-> CH2CO#2 + H#1                         [1.7873451023790643   0.32]
line: CH3CO#2 + O#1 <-> CH2CO#2 + OH#1                       [  2.31    0.5400 ] 

new_line: CH3CO#2 + O#1 <-> CH2CO#2 + OH#1                       [1.2249911976536996   0.54]
line: CH2CO#1 <-> CH2CO + #1                                 [ -0.093  -0.730  ] 

new_line: CH2CO#1 <-> CH2CO + #1                                 [0.022810079918197747   -0.73]
line: CH2CO#2 <-> CH2CO + #2                                 [ -0.575  -1.180  ] 

new_line: CH2CO#2 <-> CH2CO + #2                                 [1.0899717563236333   -1.18]
line: CO#2 + O#1 <-> CO2#1 + #2                              [  0.15    0.1200 ] 

new_line: CO#2 + O#1 <-> CO2#1 + #2                              [1.3835480515451524   0.12]
line: CO#2 + OH#1 <-> COOH#2 +#1                             [  1.7800  1.4800 ] 

new_line: CO#2 + OH#1 <-> COOH#2 +#1                             [2.9356868791318114   1.48]
line: COOH#2 + O#1 <-> CO2#2 + OH#1                          [  0.280  -0.2400 ] 

new_line: COOH#2 + O#1 <-> CO2#2 + OH#1                          [0.4659768038511098   -0.24]
line: COOH#2 + #1 <-> CO2#2 + H#1                            [  3.73   -0.4700 ] 

new_line: COOH#2 + #1 <-> CO2#2 + H#1                            [0.3410076876717757   -0.47]
line: H#1 + OH#1 <-> H2O#1 + #1                              [  1.89    1.8900 ] 

new_line: H#1 + OH#1 <-> H2O#1 + #1                              [2.493087208948306   1.89]
line: OH#1 + OH#1 <-> H2O#1 + O#1                            [  1.600   1.6400 ] 

new_line: OH#1 + OH#1 <-> H2O#1 + O#1                            [2.16968182691517   1.64]
line: H#2 + OH#1 <-> H2O#1 + #2                              [  1.96    1.2300 ] 

new_line: H#2 + OH#1 <-> H2O#1 + #2                              [1.4786957231225955   1.23]
line: CO2#1 <-> CO2 + #1                                     [  0.329  -0.3100 ] 

new_line: 224816
CO2#1 <-> CO2 + #1                                     [0.4514391413367358   -0.31]
line: CO2#2 <-> CO2 + #2                                     [ -0.824  -1.4300 ] 

new_line: CO2#2 <-> CO2 + #2                                     [0.15451775859347364   -1.43]
line: H2O#1 <-> H2O + #1                                     [ -0.227  -0.8400 ] 

new_line: H2O#1 <-> H2O + #1                                     [0.7874221845818964   -0.84]
wait
C
R
C
R
C
R
C
R
C
R
C
R
C
R
R
R
R
R
Run log in the file : /home/hxyang/my_Code/matlab_NN/test_sasian/test_new/test_67/1.5/result_1/log23
last_line: Run log in the file : /home/hxyang/my_Code/matlab_NN/test_sasian/test_new/test_67/1.5/result_1/log23 log_n 23
line: CO + #1 <-> CO#1                                       [  0.626   0.7300 ] 

new_line: CO + #1 <-> CO#1                                       [0.8542888501269554   0.73]
line: CO + #2 <-> CO#2                                       [  0.593   0.9100 ] 

new_line: CO + #2 <-> CO#2                                       [1.928170156541709   0.91]
line: H2 + #1 <-> H2#1                                       [  0.549   0.9500 ] 

new_line: H2 + #1 <-> H2#1                                       [0.9586631552322987   0.95]
line: H2#1 + #2 <-> H#1 + H#2                                [  0.430  -0.7100 ] 

new_line: H2#1 + #2 <-> H#1 + H#2                                [1.375251585923237   -0.71]
line: H#2 + #1 <-> H#1 + #2                                  [     0   -0.6400 ] 

new_line: H#2 + #1 <-> H#1 + #2                                  [0.888421763965702   -0.64]
line: CO#1 + H#1 <-> CHO#1 + #1                              [  0.620   0.5900 ] 

new_line: CO#1 + H#1 <-> CHO#1 + #1                              [1.638319492112715   0.59]
line: CO#1 + H#1 <-> COH#1 + #1                              [  2.220   1.9400 ] 

new_line: CO#1 + H#1 <-> COH#1 + #1                              [2.1317005892709187   1.94]
line: CHO#1 + H#1 <-> CH2O#1 + #1                            [  0.290  -0.3200 ] 

new_line: CHO#1 + H#1 <-> CH2O#1 + #1                            [0.4543239432294252   -0.32]
line: CHO#1 + H#1 <-> CHOH#1 + #1                            [  1.42    0.4200 ] 

new_line: CHO#1 + H#1 <-> CHOH#1 + #1                            [1.6944480250131502   0.42]
line: CH2O#1 + H#1 <-> CH3O#1 + #1                           [  0.850  -0.0100 ] 

new_line: CH2O#1 + H#1 <-> CH3O#1 + #1                           [0.973469151336899   -0.01]
line: CH2O#1 + H#1 <-> CH2OH#1 + #1                          [  2.71    1.5800 ] 

new_line: CH2O#1 + H#1 <-> CH2OH#1 + #1                          [1.7635975111936955   1.58]
line: COH#1 + H#1 <-> CHOH#1 + #1                            [  0.55   -0.9400 ] 

new_line: COH#1 + H#1 <-> CHOH#1 + #1                            [0.5310260450454959   -0.94]
line: CHOH#1 + H#1 <-> CH2OH#1 + #1                          [  1.66    0.8400 ] 

new_line: CHOH#1 + H#1 <-> CH2OH#1 + #1                          [0.9227416420455891   0.84]
line: CH2OH#1 + H#1 <-> CH3OH#1 + #1                         [  1.04    0.3100 ] 

new_line: CH2OH#1 + H#1 <-> CH3OH#1 + #1                         [1.1718081577594865   0.31]
line: CH3O#1 + H#1 <-> CH3OH#1 + #1                          [  1.91    1.9100 ] 

new_line: CH3O#1 + H#1 <-> CH3OH#1 + #1                          [2.0431425954473097   1.91]
line: CH2O#1 <-> CH2O + #1                                   [  0.848   0.2200 ] 

new_line: CH2O#1 <-> CH2O + #1                                   [1.058300755996007   0.22]
line: CH3OH#1 <-> CH3OH + #1                                 [ -0.79   -1.4200 ] 

new_line: CH3OH#1 <-> CH3OH + #1                                 [0.8943558554417075   -1.42]
line: CHO#1 + #1 <-> CH#1 + O#1                              [  0.22   -0.9300 ] 

new_line: CHO#1 + #1 <-> CH#1 + O#1                              [1.4108504787491538   -0.93]
line: CH2O#1 + #1 <-> CH2#1 + O#1                            [  1.08   -1.070  ] 

new_line: CH2O#1 + #1 <-> CH2#1 + O#1                            [0.5232261696413659   -1.07]
line: CH2O#1 + #2 <-> CH2#2 + O#1                            [  2.68    0.2900 ] 

new_line: CH2O#1 + #2 <-> CH2#2 + O#1                            [0.9801177189061332   0.29]
line: CHOH#1 + #1 <-> CH#1 + OH#1                            [  0.36   -1.1200 ] 

new_line: CHOH#1 + #1 <-> CH#1 + OH#1                            [0.7581237730303384   -1.12]
line: CH2OH#1 + #1 <-> CH2#1 + OH#1                          [  1.22   -2.4200 ] 

new_line: CH2OH#1 + #1 <-> CH2#1 + OH#1                          [0.7223723287541691   -2.42]
line: CH2OH#1 + #2 <-> CH2#2 + OH#1                          [  0.30   -1.0600 ] 

new_line: CH2OH#1 + #2 <-> CH2#2 + OH#1                          [0.8098683207365709   -1.06]
line: CH3O#1 + #1 <-> CH3#1 + O#1                            [  1.83   -0.5400 ] 

new_line: CH3O#1 + #1 <-> CH3#1 + O#1                            [0.3708296046383455   -0.54]
line: CH3O#1 + #2 <-> CH3#2 + O#1                            [  1.77   -0.5300 ] 

new_line: CH3O#1 + #2 <-> CH3#2 + O#1                            [0.9219457767932401   -0.53]
line: CH3OH#1 + #1 <-> CH3#1 + OH#1                          [  0.53   -2.2200 ] 

new_line: CH3OH#1 + #1 <-> CH3#1 + OH#1                          [1.4122820458650232   -2.22]
line: CH3OH#1 + #2 <-> CH3#2 + OH#1                          [  0.74   -2.2100 ] 

new_line: CH3OH#1 + #2 <-> CH3#2 + OH#1                          [0.6864135299458248   -2.21]
line: CH#1 + H#1 <-> CH2#1 + #1                              [  0.94   -0.460  ] 

new_line: CH#1 + H#1 <-> CH2#1 + #1                              [0.8698394838590641   -0.46]
line: CH#1 + OH#1 <-> CH2#1 + O#1                            [  0.53   -0.6900 ] 

new_line: CH#1 + OH#1 <-> CH2#1 + O#1                            [0.0033196301537646317   -0.69]
line: CH2#1 + H#1 <-> CH3#1 + #1                             [  1.57    0.51   ] 

new_line: CH2#1 + H#1 <-> CH3#1 + #1                             [1.649129769562821   0.51]
line: CH2#2 + H#1 <-> CH3#2 + #1                             [  0.55   -0.84   ] 

new_line: CH2#2 + H#1 <-> CH3#2 + #1                             [0.8764964373254167   -0.84]
line: CH2#2 + OH#1 <->CH3#2 + O#1                            [  0.74   -1.07   ] 

new_line: CH2#2 + OH#1 <->CH3#2 + O#1                            [1.4195093971836963   -1.07]
line: CH2#1 + OH#1 <->CH3#1 + O#1                            [  0.87    0.28   ] 

new_line: CH2#1 + OH#1 <->CH3#1 + O#1                            [0.6744304774891756   0.28]
line: CH3#2 + H#2 <-> CH4 + #2 + #2                          [  1.15   -1.710  ] 

new_line: CH3#2 + H#2 <-> CH4 + #2 + #2                          [1.422353562900197   -1.71]
line: CH3#2 + OH#1 <-> CH4 + #2 + O#1                        [  0.75   -1.30   ] 

new_line: CH3#2 + OH#1 <-> CH4 + #2 + O#1                        [0.9332120264781454   -1.3]
line: CH3#2 + H#1 <-> CH4 + #1 + #2                          [  1.27   -1.07   ] 

new_line: CH3#2 + H#1 <-> CH4 + #1 + #2                          [0.14728400614857412   -1.07]
line: CH3#1 + H#2 <-> CH4 + #1 + #2                          [  1.11   -1.70   ] 

new_line: CH3#1 + H#2 <-> CH4 + #1 + #2                          [1.3673021552429614   -1.7]
line: CH3#1 + H#1 <-> CH4 + #1+ #1                           [  1.68   -1.06   ] 

new_line: CH3#1 + H#1 <-> CH4 + #1+ #1                           [1.2464388596505054   -1.06]
line: CH3#1 + OH#1 <-> CH4 + #1+ O#1                         [  0.79   -1.29   ] 

new_line: CH3#1 + OH#1 <-> CH4 + #1+ O#1                         [0.13248831092637486   -1.29]
line: CHO#1 + CO#1 <-> CH#1 + CO2#1                          [  1.14   -0.6300 ] 

new_line: CHO#1 + CO#1 <-> CH#1 + CO2#1                          [0.280618237103545   -0.63]
line: CH2O#1 + CO#1 <-> CH2#1 + CO2#1                        [  1.930  -0.7800 ] 

new_line: CH2O#1 + CO#1 <-> CH2#1 + CO2#1                        [0.03949068696059183   -0.78]
line: CH3O#1 + CO#1 <-> CH3#1 + CO2#1                        [  2.59   -0.2500 ] 

new_line: CH3O#1 + CO#1 <-> CH3#1 + CO2#1                        [0.214230780132603   -0.25]
line: 224819
CHO#1 + CO#2 <-> CH#1 + CO2#2                          [  2.35    0.3100 ] 

new_line: CHO#1 + CO#2 <-> CH#1 + CO2#2                          [1.258842910521699   0.31]
line: CH2O#1 + CO#2 <-> CH2#1 + CO2#2                        [  2.55    0.1700 ] 

new_line: CH2O#1 + CO#2 <-> CH2#1 + CO2#2                        [0.618476547612963   0.17]
line: CH3O#1 + CO#2 <-> CH3#1 + CO2#2                        [  3.32    0.7000 ] 

new_line: CH3O#1 + CO#2 <-> CH3#1 + CO2#2                        [1.7725240127449142   0.7]
line: CH2#1 + CO#2 <-> CH2CO#1 + #2                          [  0.50    0.2800 ] 

new_line: CH2#1 + CO#2 <-> CH2CO#1 + #2                          [0.9126534707315692   0.28]
line: CH2#1 + CO#1 <-> CH2CO#1 + #1                          [  0.88    0.4600 ] 

new_line: CH2#1 + CO#1 <-> CH2CO#1 + #1                          [0.6968494095747543   0.46]
line: CH2#2 + CO#2 <-> CH2CO#2 +#2                           [  0.20   -0.6300 ] 

new_line: CH2#2 + CO#2 <-> CH2CO#2 +#2                           [1.0074387782552818   -0.63]
line: CH3#1 + CO#2 <-> CH3CO#1 + #2                          [  0.62    0.5000 ] 

new_line: CH3#1 + CO#2 <-> CH3CO#1 + #2                          [1.462971767682883   0.5]
line: CH3#1 + CO#1 <-> CH3CO#1 + #1                          [  0.97    0.6700 ] 

new_line: CH3#1 + CO#1 <-> CH3CO#1 + #1                          [2.0602776388713937   0.67]
line: CH3#2 + CO#2 <-> CH3CO#2 +#2                           [  0.53   -0.1000 ] 

new_line: CH3#2 + CO#2 <-> CH3CO#2 +#2                           [0.730795863640029   -0.1]
line: CH3CO#1 + #1 <-> CH2CO#1 + H#1                         [  0.21   -0.7300 ] 

new_line: CH3CO#1 + #1 <-> CH2CO#1 + H#1                         [0.043152965630115905   -0.73]
line: CH3CO#1 + O#1 <-> CH2CO#1 + OH#1                       [  0.00   -0.4000 ] 

new_line: CH3CO#1 + O#1 <-> CH2CO#1 + OH#1                       [1.398055609706846   -0.4]
line: CH3CO#2 + #1 <-> CH2CO#2 + H#1                         [  1.89    0.3200 ] 

new_line: CH3CO#2 + #1 <-> CH2CO#2 + H#1                         [0.9480875010774241   0.32]
line: CH3CO#2 + O#1 <-> CH2CO#2 + OH#1                       [  2.31    0.5400 ] 

new_line: CH3CO#2 + O#1 <-> CH2CO#2 + OH#1                       [0.6340526334627292   0.54]
line: CH2CO#1 <-> CH2CO + #1                                 [ -0.093  -0.730  ] 

new_line: CH2CO#1 <-> CH2CO + #1                                 [1.1942591602113404   -0.73]
line: CH2CO#2 <-> CH2CO + #2                                 [ -0.575  -1.180  ] 

new_line: CH2CO#2 <-> CH2CO + #2                                 [1.4840459881122383   -1.18]
line: CO#2 + O#1 <-> CO2#1 + #2                              [  0.15    0.1200 ] 

new_line: CO#2 + O#1 <-> CO2#1 + #2                              [0.1430030052373166   0.12]
line: CO#2 + OH#1 <-> COOH#2 +#1                             [  1.7800  1.4800 ] 

new_line: CO#2 + OH#1 <-> COOH#2 +#1                             [2.962913867205386   1.48]
line: COOH#2 + O#1 <-> CO2#2 + OH#1                          [  0.280  -0.2400 ] 

new_line: COOH#2 + O#1 <-> CO2#2 + OH#1                          [0.8842631040854234   -0.24]
line: COOH#2 + #1 <-> CO2#2 + H#1                            [  3.73   -0.4700 ] 

new_line: COOH#2 + #1 <-> CO2#2 + H#1                            [1.1610913995812964   -0.47]
line: H#1 + OH#1 <-> H2O#1 + #1                              [  1.89    1.8900 ] 

new_line: H#1 + OH#1 <-> H2O#1 + #1                              [2.522837226715164   1.89]
line: OH#1 + OH#1 <-> H2O#1 + O#1                            [  1.600   1.6400 ] 

new_line: OH#1 + OH#1 <-> H2O#1 + O#1                            [2.78278134449124   1.64]
line: H#2 + OH#1 <-> H2O#1 + #2                              [  1.96    1.2300 ] 

new_line: H#2 + OH#1 <-> H2O#1 + #2                              [1.334636453260499   1.23]
line: CO2#1 <-> CO2 + #1                                     [  0.329  -0.3100 ] 

new_line: CO2#1 <-> CO2 + #1                                     [1.1747984410091954   -0.31]
line: CO2#2 <-> CO2 + #2                                     [ -0.824  -1.4300 ] 

new_line: CO2#2 <-> CO2 + #2                                     [0.5429369330574215   -1.43]
line: H2O#1 <-> H2O + #1                                     [ -0.227  -0.8400 ] 

new_line: H2O#1 <-> H2O + #1                                     [1.2440334779040043   -0.84]
wait
C
R
C
R
C
R
C
R
C
R
C
R
R
R
R
R
Run log in the file : /home/hxyang/my_Code/matlab_NN/test_sasian/test_new/test_67/1.5/result_1/log24
last_line: Run log in the file : /home/hxyang/my_Code/matlab_NN/test_sasian/test_new/test_67/1.5/result_1/log24 log_n 24
line: CO + #1 <-> CO#1                                       [  0.626   0.7300 ] 

new_line: CO + #1 <-> CO#1                                       [1.558781059740221   0.73]
line: CO + #2 <-> CO#2                                       [  0.593   0.9100 ] 

new_line: CO + #2 <-> CO#2                                       [1.3355654689973953   0.91]
line: H2 + #1 <-> H2#1                                       [  0.549   0.9500 ] 

new_line: H2 + #1 <-> H2#1                                       [1.6802099460751645   0.95]
line: H2#1 + #2 <-> H#1 + H#2                                [  0.430  -0.7100 ] 

new_line: H2#1 + #2 <-> H#1 + H#2                                [1.397166934817749   -0.71]
line: H#2 + #1 <-> H#1 + #2                                  [     0   -0.6400 ] 

new_line: H#2 + #1 <-> H#1 + #2                                  [0.3200009967159838   -0.64]
line: CO#1 + H#1 <-> CHO#1 + #1                              [  0.620   0.5900 ] 

new_line: CO#1 + H#1 <-> CHO#1 + #1                              [1.404768989766343   0.59]
line: CO#1 + H#1 <-> COH#1 + #1                              [  2.220   1.9400 ] 

new_line: CO#1 + H#1 <-> COH#1 + #1                              [2.0055412461137747   1.94]
line: CHO#1 + H#1 <-> CH2O#1 + #1                            [  0.290  -0.3200 ] 

new_line: CHO#1 + H#1 <-> CH2O#1 + #1                            [0.07827069593747904   -0.32]
line: CHO#1 + H#1 <-> CHOH#1 + #1                            [  1.42    0.4200 ] 

new_line: CHO#1 + H#1 <-> CHOH#1 + #1                            [1.5359047892806974   0.42]
line: CH2O#1 + H#1 <-> CH3O#1 + #1                           [  0.850  -0.0100 ] 

new_line: CH2O#1 + H#1 <-> CH3O#1 + #1                           [0.5000680512845472   -0.01]
line: CH2O#1 + H#1 <-> CH2OH#1 + #1                          [  2.71    1.5800 ] 

new_line: CH2O#1 + H#1 <-> CH2OH#1 + #1                          [1.8584692431797034   1.58]
line: COH#1 + H#1 <-> CHOH#1 + #1                            [  0.55   -0.9400 ] 

new_line: COH#1 + H#1 <-> CHOH#1 + #1                            [0.05447887251048347   -0.94]
line: CHOH#1 + H#1 <-> CH2OH#1 + #1                          [  1.66    0.8400 ] 

new_line: CHOH#1 + H#1 <-> CH2OH#1 + #1                          [1.5586592564646977   0.84]
line: CH2OH#1 + H#1 <-> CH3OH#1 + #1                         [  1.04    0.3100 ] 

new_line: CH2OH#1 + H#1 <-> CH3OH#1 + #1                         [1.3874908490795839   0.31]
line: CH3O#1 + H#1 <-> CH3OH#1 + #1                          [  1.91    1.9100 ] 

new_line: CH3O#1 + H#1 <-> CH3OH#1 + #1                          [2.2565458253197113   1.91]
line: CH2O#1 <-> CH2O + #1                                   [  0.848   0.2200 ] 

new_line: CH2O#1 <-> CH2O + #1                                   [0.8781196614093937   0.22]
line: CH3OH#1 <-> CH3OH + #1                                 [ -0.79   -1.4200 ] 

new_line: CH3OH#1 <-> CH3OH + #1                                 [1.3165980752551054   -1.42]
line: CHO#1 + #1 <-> CH#1 + O#1                              [  0.22   -0.9300 ] 

new_line: CHO#1 + #1 <-> CH#1 + O#1                              [1.2947364209185528   -0.93]
line: CH2O#1 + #1 <-> CH2#1 + O#1                            [  1.08   -1.070  ] 

new_line: CH2O#1 + #1 <-> CH2#1 + O#1                            [0.5764189805808975   -1.07]
line: CH2O#1 + #2 <-> CH2#2 + O#1                            [  2.68    0.2900 ] 

new_line: CH2O#1 + #2 <-> CH2#2 + O#1                            [0.7069344337595196   0.29]
line: CHOH#1 + #1 <-> CH#1 + OH#1                            [  0.36   -1.1200 ] 

new_line: CHOH#1 + #1 <-> CH#1 + OH#1                            [0.2451883583817538   -1.12]
line: CH2OH#1 + #1 <-> CH2#1 + OH#1                          [  1.22   -2.4200 ] 

new_line: CH2OH#1 + #1 <-> CH2#1 + OH#1                          [1.0261530514287998   -2.42]
line: CH2OH#1 + #2 <-> CH2#2 + OH#1                          [  0.30   -1.0600 ] 

new_line: CH2OH#1 + #2 <-> CH2#2 + OH#1                          [1.4659209771934634   -1.06]
line: CH3O#1 + #1 <-> CH3#1 + O#1                            [  1.83   -0.5400 ] 

new_line: CH3O#1 + #1 <-> CH3#1 + O#1                            [0.3259257907579063   -0.54]
line: CH3O#1 + #2 <-> CH3#2 + O#1                            [  1.77   -0.5300 ] 

new_line: CH3O#1 + #2 <-> CH3#2 + O#1                            [0.8302957016394013   -0.53]
line: CH3OH#1 + #1 <-> CH3#1 + OH#1                          [  0.53   -2.2200 ] 

new_line: CH3OH#1 + #1 <-> CH3#1 + OH#1                          [1.0294737479125964   -2.22]
line: CH3OH#1 + #2 <-> CH3#2 + OH#1                          [  0.74   -2.2100 ] 

new_line: CH3OH#1 + #2 <-> CH3#2 + OH#1                          [0.17060844476659415   -2.21]
line: CH#1 + H#1 <-> CH2#1 + #1                              [  0.94   -0.460  ] 

new_line: CH#1 + H#1 <-> CH2#1 + #1                              [0.6333221039364659   -0.46]
line: CH#1 + OH#1 <-> CH2#1 + O#1                            [  0.53   -0.6900 ] 

new_line: CH#1 + OH#1 <-> CH2#1 + O#1                            [0.6141603532085711   -0.69]
line: CH2#1 + H#1 <-> CH3#1 + #1                             [  1.57    0.51   ] 

new_line: CH2#1 + H#1 <-> CH3#1 + #1                             [0.8233239089296445   0.51]
line: CH2#2 + H#1 <-> CH3#2 + #1                             [  0.55   -0.84   ] 

new_line: CH2#2 + H#1 <-> CH3#2 + #1                             [0.11448190034577886   -0.84]
line: CH2#2 + OH#1 <->CH3#2 + O#1                            [  0.74   -1.07   ] 

new_line: CH2#2 + OH#1 <->CH3#2 + O#1                            [0.27721884909609185   -1.07]
line: CH2#1 + OH#1 <->CH3#1 + O#1                            [  0.87    0.28   ] 

new_line: CH2#1 + OH#1 <->CH3#1 + O#1                            [1.7742949540156   0.28]
line: CH3#2 + H#2 <-> CH4 + #2 + #2                          [  1.15   -1.710  ] 

new_line: CH3#2 + H#2 <-> CH4 + #2 + #2                          [0.0479513003538   -1.71]
line: CH3#2 + OH#1 <-> CH4 + #2 + O#1                        [  0.75   -1.30   ] 

new_line: CH3#2 + OH#1 <-> CH4 + #2 + O#1                        [0.4369819690261155   -1.3]
line: CH3#2 + H#1 <-> CH4 + #1 + #2                          [  1.27   -1.07   ] 

new_line: CH3#2 + H#1 <-> CH4 + #1 + #2                          [0.09191336343620364   -1.07]
line: CH3#1 + H#2 <-> CH4 + #1 + #2                          [  1.11   -1.70   ] 

new_line: CH3#1 + H#2 <-> CH4 + #1 + #2                          [1.1573362836357601   -1.7]
line: CH3#1 + H#1 <-> CH4 + #1+ #1                           [  1.68   -1.06   ] 

new_line: CH3#1 + H#1 <-> CH4 + #1+ #1                           [0.3484129027574686   -1.06]
line: CH3#1 + OH#1 <-> CH4 + #1+ O#1                         [  0.79   -1.29   ] 

new_line: CH3#1 + OH#1 <-> CH4 + #1+ O#1                         [0.35168850862235773   -1.29]
line: CHO#1 + CO#1 <-> CH#1 + CO2#1                          [  1.14   -0.6300 ] 

new_line: CHO#1 + CO#1 <-> CH#1 + CO2#1                          [0.3971115131334946   -0.63]
line: CH2O#1 + CO#1 <-> CH2#1 + CO2#1                        [  1.930  -0.7800 ] 

new_line: CH2O#1 + CO#1 <-> CH2#1 + CO2#1                        [1.1525334768285607   -0.78]
line: CH3O#1 + CO#1 <-> CH3#1 + CO2#1                        [  2.59   -0.2500 ] 

new_line: CH3O#1 + CO#1 <-> CH3#1 + CO2#1                        [0.5967407953865701   -0.25]
line: CHO#1 + CO#2 <-> CH#1 + CO2#2                          [  2.35    0.3100 ] 

new_line: CHO#1 + CO#2 <-> CH#1 + CO2#2                          [0.5447708932993257   0.31]
line: CH2O#1 + CO#2 <-> CH2#1 + CO2#2                        [  2.55    0.1700 ] 

new_line: CH2O#1 + CO#2 <-> CH2#1 + CO2#2                        [0.44654617067960445   0.17]
line: CH3O#1 + CO#2 <-> CH3#1 + CO2#2                        [  3.32    0.7000 ] 

new_line: CH3O#1 + CO#2 <-> CH3#1 + CO2#2                        [1.0330661565194013   0.7]
line: CH2#1 + CO#2 <-> CH2CO#1 + #2                          [  0.50    0.2800 ] 

new_line: CH2#1 + CO#2 <-> CH2CO#1 + #2                          [0.3725144796682495   0.28]
line: CH2#1 + CO#1 <-> CH2CO#1 + #1                          [  0.88    0.4600 ] 

new_line: CH2#1 + CO#1 <-> CH2CO#1 + #1                          [1.881112676727351   0.46]
line: CH2#2 + CO#2 <-> CH2CO#2 +#2                           [  0.20   -0.6300 ] 

new_line: CH2#2 + CO#2 <-> CH2CO#2 +#2                           [0.9349421392403572   -0.63]
line: CH3#1 + CO#2 <-> CH3CO#1 + #2                          [  0.62    0.5000 ] 

new_line: CH3#1 + CO#2 <-> CH3CO#1 + #2                          [0.6722935970647386   0.5]
line: CH3#1 + CO#1 <-> CH3CO#1 + #1                          [  0.97    0.6700 ] 

new_line: CH3#1 + CO#1 <-> CH3CO#1 + #1                          [1.2445231302277429   0.67]
line: CH3#2 + CO#2 <-> CH3CO#2 +#2                           [  0.53   -0.1000 ] 

new_line: CH3#2 + CO#2 <-> CH3CO#2 +#2                           [0.7063909309642965   -0.1]
line: CH3CO#1 + #1 <-> CH2CO#1 + H#1                         [  0.21   -0.7300 ] 

new_line: CH3CO#1 + #1 <-> CH2CO#1 + H#1                         [0.2518928745659997   -0.73]
line: CH3CO#1 + O#1 <-> CH2CO#1 + OH#1                       [  0.00   -0.4000 ] 

new_line: CH3CO#1 + O#1 <-> CH2CO#1 + OH#1                       [0.3282865979345296   -0.4]
line: CH3CO#2 + #1 <-> CH2CO#2 + H#1                         [  1.89    0.3200 ] 

new_line: CH3CO#2 + #1 <-> CH2CO#2 + H#1                         [1.4467011109186945   0.32]
line: CH3CO#2 + O#1 <-> CH2CO#2 + OH#1                       [  2.31    0.5400 ] 

new_line: CH3CO#2 + O#1 <-> CH2CO#2 + OH#1                       [1.9557987516012285   0.54]
line: CH2CO#1 <-> CH2CO + #1                                 [ -0.093  -0.730  ] 

new_line: CH2CO#1 <-> CH2CO + #1                                 [0.5326185899987474   -0.73]
line: CH2CO#2 <-> CH2CO + #2                                 [ -0.575  -1.180  ] 

new_line: CH2CO#2 <-> CH2CO + #2                                 [0.8263166434514043   -1.18]
line: CO#2 + O#1 <-> CO2#1 + #2                              [  0.15    0.1200 ] 

new_line: CO#2 + O#1 <-> CO2#1 + #2                              [0.2487584992334041   0.12]
line: CO#2 + OH#1 <-> COOH#2 +#1                             [  1.7800  1.4800 ] 

new_line: CO#2 + OH#1 <-> COOH#2 +#1                             [2.36919231782067   1.48]
line: COOH#2 + O#1 <-> CO2#2 + OH#1                          [  0.280  -0.2400 ] 

new_line: COOH#2 + O#1 <-> CO2#2 + OH#1                          [0.762905609452929   -0.24]
line: COOH#2 + #1 <-> CO2#2 + H#1                            [  3.73   -0.4700 ] 

new_line: COOH#2 + #1 <-> CO2#2 + H#1                            [0.7212546282167942   -0.47]
line: H#1 + OH#1 <-> H2O#1 + #1                              [  1.89    1.8900 ] 

new_line: H#1 + OH#1 <-> H2O#1 + #1                              [2.569519460556926   1.89]
line: OH#1 + OH#1 <-> H2O#1 + O#1                            [  1.600   1.6400 ] 

new_line: OH#1 + OH#1 <-> H2O#1 + O#1                            [2.372374546380115   1.64]
line: H#2 + OH#1 <-> H2O#1 + #2                              [  1.96    1.2300 ] 

new_line: H#2 + OH#1 <-> H2O#1 + #2                              [2.571559264490337   1.23]
line: CO2#1 <-> CO2 + #1                                     [  0.329  -0.3100 ] 

new_line: CO2#1 <-> CO2 + #1                                     [0.01680864680679455   -0.31]
line: CO2#2 <-> CO2 + #2                                     [ -0.824  -1.4300 ] 

new_line: CO2#2 <-> CO2 + #2                                     [1.221586720074332   -1.43]
line: H2O#1 <-> H2O + #1                                     [ -0.227  -0.8400 ] 

224824
new_line: H2O#1 <-> H2O + #1                                     [0.9710544990449962   -0.84]
wait
C
R
C
R
C
R
C
R
C
R
C
R
C
R
R
R
R
Run log in the file : /home/hxyang/my_Code/matlab_NN/test_sasian/test_new/test_67/1.5/result_1/log25
last_line: Run log in the file : /home/hxyang/my_Code/matlab_NN/test_sasian/test_new/test_67/1.5/result_1/log25 log_n 25
line: CO + #1 <-> CO#1                                       [  0.626   0.7300 ] 

new_line: CO + #1 <-> CO#1                                       [1.505934815984478   0.73]
line: CO + #2 <-> CO#2                                       [  0.593   0.9100 ] 

new_line: CO + #2 <-> CO#2                                       [2.330550700305565   0.91]
line: H2 + #1 <-> H2#1                                       [  0.549   0.9500 ] 

new_line: H2 + #1 <-> H2#1                                       [1.4911520785356658   0.95]
line: H2#1 + #2 <-> H#1 + H#2                                [  0.430  -0.7100 ] 

new_line: H2#1 + #2 <-> H#1 + H#2                                [1.414742539686329   -0.71]
line: H#2 + #1 <-> H#1 + #2                                  [     0   -0.6400 ] 

new_line: H#2 + #1 <-> H#1 + #2                                  [1.3419947284790874   -0.64]
line: CO#1 + H#1 <-> CHO#1 + #1                              [  0.620   0.5900 ] 

new_line: CO#1 + H#1 <-> CHO#1 + #1                              [1.0758274102688372   0.59]
line: CO#1 + H#1 <-> COH#1 + #1                              [  2.220   1.9400 ] 

new_line: CO#1 + H#1 <-> COH#1 + #1                              [2.519007743322467   1.94]
line: CHO#1 + H#1 <-> CH2O#1 + #1                            [  0.290  -0.3200 ] 

new_line: CHO#1 + H#1 <-> CH2O#1 + #1                            [0.9559980998388922   -0.32]
line: CHO#1 + H#1 <-> CHOH#1 + #1                            [  1.42    0.4200 ] 

new_line: CHO#1 + H#1 <-> CHOH#1 + #1                            [1.2424831171924577   0.42]
line: CH2O#1 + H#1 <-> CH3O#1 + #1                           [  0.850  -0.0100 ] 

new_line: CH2O#1 + H#1 <-> CH3O#1 + #1                           [1.3120100439228177   -0.01]
line: CH2O#1 + H#1 <-> CH2OH#1 + #1                          [  2.71    1.5800 ] 

new_line: CH2O#1 + H#1 <-> CH2OH#1 + #1                          [2.7148971968935594   1.58]
line: COH#1 + H#1 <-> CHOH#1 + #1                            [  0.55   -0.9400 ] 

new_line: COH#1 + H#1 <-> CHOH#1 + #1                            [0.29062325991564336   -0.94]
line: CHOH#1 + H#1 <-> CH2OH#1 + #1                          [  1.66    0.8400 ] 

new_line: CHOH#1 + H#1 <-> CH2OH#1 + #1                          [1.8947772290483087   0.84]
line: CH2OH#1 + H#1 <-> CH3OH#1 + #1                         [  1.04    0.3100 ] 

new_line: CH2OH#1 + H#1 <-> CH3OH#1 + #1                         [0.913177013765111   0.31]
line: CH3O#1 + H#1 <-> CH3OH#1 + #1                          [  1.91    1.9100 ] 

new_line: CH3O#1 + H#1 <-> CH3OH#1 + #1                          [2.5625797725597264   1.91]
line: CH2O#1 <-> CH2O + #1                                   [  0.848   0.2200 ] 

new_line: CH2O#1 <-> CH2O + #1                                   [1.209905376813972   0.22]
line: CH3OH#1 <-> CH3OH + #1                                 [ -0.79   -1.4200 ] 

new_line: CH3OH#1 <-> CH3OH + #1                                 [1.3087080607300947   -1.42]
line: CHO#1 + #1 <-> CH#1 + O#1                              [  0.22   -0.9300 ] 

new_line: CHO#1 + #1 <-> CH#1 + O#1                              [0.41152506978060377   -0.93]
line: CH2O#1 + #1 <-> CH2#1 + O#1                            [  1.08   -1.070  ] 

new_line: CH2O#1 + #1 <-> CH2#1 + O#1                            [1.2331879405301316   -1.07]
line: CH2O#1 + #2 <-> CH2#2 + O#1                            [  2.68    0.2900 ] 

new_line: CH2O#1 + #2 <-> CH2#2 + O#1                            [0.5949446130598459   0.29]
line: CHOH#1 + #1 <-> CH#1 + OH#1                            [  0.36   -1.1200 ] 

new_line: CHOH#1 + #1 <-> CH#1 + OH#1                            [0.5726152608029889   -1.12]
line: CH2OH#1 + #1 <-> CH2#1 + OH#1                          [  1.22   -2.4200 ] 

new_line: CH2OH#1 + #1 <-> CH2#1 + OH#1                          [0.9755013245086337   -2.42]
line: CH2OH#1 + #2 <-> CH2#2 + OH#1                          [  0.30   -1.0600 ] 

new_line: CH2OH#1 + #2 <-> CH2#2 + OH#1                          [0.48366744004689266   -1.06]
line: CH3O#1 + #1 <-> CH3#1 + O#1                            [  1.83   -0.5400 ] 

new_line: CH3O#1 + #1 <-> CH3#1 + O#1                            [1.1141994770390655   -0.54]
line: CH3O#1 + #2 <-> CH3#2 + O#1                            [  1.77   -0.5300 ] 

new_line: CH3O#1 + #2 <-> CH3#2 + O#1                            [0.1956623252633551   -0.53]
line: CH3OH#1 + #1 <-> CH3#1 + OH#1                          [  0.53   -2.2200 ] 

new_line: CH3OH#1 + #1 <-> CH3#1 + OH#1                          [0.5628358673558629   -2.22]
line: CH3OH#1 + #2 <-> CH3#2 + OH#1                          [  0.74   -2.2100 ] 

new_line: CH3OH#1 + #2 <-> CH3#2 + OH#1                          [0.8562863950126165   -2.21]
line: CH#1 + H#1 <-> CH2#1 + #1                              [  0.94   -0.460  ] 

new_line: CH#1 + H#1 <-> CH2#1 + #1                              [1.153778174913938   -0.46]
line: CH#1 + OH#1 <-> CH2#1 + O#1                            [  0.53   -0.6900 ] 

new_line: CH#1 + OH#1 <-> CH2#1 + O#1                            [0.15830336478565488   -0.69]
line: CH2#1 + H#1 <-> CH3#1 + #1                             [  1.57    0.51   ] 

new_line: CH2#1 + H#1 <-> CH3#1 + #1                             [1.09863556885739   0.51]
line: CH2#2 + H#1 <-> CH3#2 + #1                             [  0.55   -0.84   ] 

new_line: CH2#2 + H#1 <-> CH3#2 + #1                             [0.9699751265882319   -0.84]
line: CH2#2 + OH#1 <->CH3#2 + O#1                            [  0.74   -1.07   ] 

new_line: CH2#2 + OH#1 <->CH3#2 + O#1                            [0.38194455845955133   -1.07]
line: CH2#1 + OH#1 <->CH3#1 + O#1                            [  0.87    0.28   ] 

new_line: CH2#1 + OH#1 <->CH3#1 + O#1                            [0.9833067389879235   0.28]
line: CH3#2 + H#2 <-> CH4 + #2 + #2                          [  1.15   -1.710  ] 

new_line: CH3#2 + H#2 <-> CH4 + #2 + #2                          [0.5900227918558321   -1.71]
line: CH3#2 + OH#1 <-> CH4 + #2 + O#1                        [  0.75   -1.30   ] 

new_line: CH3#2 + OH#1 <-> CH4 + #2 + O#1                        [1.1707848581304137   -1.3]
line: CH3#2 + H#1 <-> CH4 + #1 + #2                          [  1.27   -1.07   ] 

new_line: CH3#2 + H#1 <-> CH4 + #1 + #2                          [0.21032787360072236   -1.07]
line: CH3#1 + H#2 <-> CH4 + #1 + #2                          [  1.11   -1.70   ] 

new_line: CH3#1 + H#2 <-> CH4 + #1 + #2                          [1.2078012836238816   -1.7]
line: CH3#1 + H#1 <-> CH4 + #1+ #1                           [  1.68   -1.06   ] 

new_line: CH3#1 + H#1 <-> CH4 + #1+ #1                           [0.17451140105135057   -1.06]
line: CH3#1 + OH#1 <-> CH4 + #1+ O#1                         [  0.79   -1.29   ] 

new_line: CH3#1 + OH#1 <-> CH4 + #1+ O#1                         [0.48404727091948774   -1.29]
line: CHO#1 + CO#1 <-> CH#1 + CO2#1                          [  1.14   -0.6300 ] 

new_line: CHO#1 + CO#1 <-> CH#1 + CO2#1                          [0.966101197381884   -0.63]
line: CH2O#1 + CO#1 <-> CH2#1 + CO2#1                        [  1.930  -0.7800 ] 

new_line: CH2O#1 + CO#1 <-> CH2#1 + CO2#1                        [0.2882897471932913   -0.78]
line: CH3O#1 + CO#1 <-> CH3#1 + CO2#1                        [  2.59   -0.2500 ] 

new_line: CH3O#1 + CO#1 <-> CH3#1 + CO2#1                        [0.4701758957150558   -0.25]
line: CHO#1 + CO#2 <-> CH#1 + CO2#2                          [  2.35    0.3100 ] 

new_line: CHO#1 + CO#2 <-> CH#1 + CO2#2                          [0.4308230603393923   0.31]
line: CH2O#1 + CO#2 <-> CH2#1 + CO2#2                        [  2.55    0.1700 ] 

new_line: CH2O#1 + CO#2 <-> CH2#1 + CO2#2                        [1.1783576131457174   0.17]
line: 224825
CH3O#1 + CO#2 <-> CH3#1 + CO2#2                        [  3.32    0.7000 ] 

new_line: CH3O#1 + CO#2 <-> CH3#1 + CO2#2                        [1.4679898064007215   0.7]
line: CH2#1 + CO#2 <-> CH2CO#1 + #2                          [  0.50    0.2800 ] 

new_line: CH2#1 + CO#2 <-> CH2CO#1 + #2                          [1.4596805611456996   0.28]
line: CH2#1 + CO#1 <-> CH2CO#1 + #1                          [  0.88    0.4600 ] 

new_line: CH2#1 + CO#1 <-> CH2CO#1 + #1                          [1.5409764749920316   0.46]
line: CH2#2 + CO#2 <-> CH2CO#2 +#2                           [  0.20   -0.6300 ] 

new_line: CH2#2 + CO#2 <-> CH2CO#2 +#2                           [0.6721310721889026   -0.63]
line: CH3#1 + CO#2 <-> CH3CO#1 + #2                          [  0.62    0.5000 ] 

new_line: CH3#1 + CO#2 <-> CH3CO#1 + #2                          [0.9408076980776778   0.5]
line: CH3#1 + CO#1 <-> CH3CO#1 + #1                          [  0.97    0.6700 ] 

new_line: CH3#1 + CO#1 <-> CH3CO#1 + #1                          [2.0405247974219645   0.67]
line: CH3#2 + CO#2 <-> CH3CO#2 +#2                           [  0.53   -0.1000 ] 

new_line: CH3#2 + CO#2 <-> CH3CO#2 +#2                           [0.5840750960716683   -0.1]
line: CH3CO#1 + #1 <-> CH2CO#1 + H#1                         [  0.21   -0.7300 ] 

new_line: CH3CO#1 + #1 <-> CH2CO#1 + H#1                         [1.4628586028456756   -0.73]
line: CH3CO#1 + O#1 <-> CH2CO#1 + OH#1                       [  0.00   -0.4000 ] 

new_line: CH3CO#1 + O#1 <-> CH2CO#1 + OH#1                       [1.4731831094243066   -0.4]
line: CH3CO#2 + #1 <-> CH2CO#2 + H#1                         [  1.89    0.3200 ] 

new_line: CH3CO#2 + #1 <-> CH2CO#2 + H#1                         [1.635848115461844   0.32]
line: CH3CO#2 + O#1 <-> CH2CO#2 + OH#1                       [  2.31    0.5400 ] 

new_line: CH3CO#2 + O#1 <-> CH2CO#2 + OH#1                       [0.5779056154114558   0.54]
line: CH2CO#1 <-> CH2CO + #1                                 [ -0.093  -0.730  ] 

new_line: CH2CO#1 <-> CH2CO + #1                                 [0.5101796204121508   -0.73]
line: CH2CO#2 <-> CH2CO + #2                                 [ -0.575  -1.180  ] 

new_line: CH2CO#2 <-> CH2CO + #2                                 [0.9454669051242259   -1.18]
line: CO#2 + O#1 <-> CO2#1 + #2                              [  0.15    0.1200 ] 

new_line: CO#2 + O#1 <-> CO2#1 + #2                              [1.588609805360833   0.12]
line: CO#2 + OH#1 <-> COOH#2 +#1                             [  1.7800  1.4800 ] 

new_line: CO#2 + OH#1 <-> COOH#2 +#1                             [1.6365225336909432   1.48]
line: COOH#2 + O#1 <-> CO2#2 + OH#1                          [  0.280  -0.2400 ] 

new_line: COOH#2 + O#1 <-> CO2#2 + OH#1                          [0.5466057198441361   -0.24]
line: COOH#2 + #1 <-> CO2#2 + H#1                            [  3.73   -0.4700 ] 

new_line: COOH#2 + #1 <-> CO2#2 + H#1                            [0.23735869531013037   -0.47]
line: H#1 + OH#1 <-> H2O#1 + #1                              [  1.89    1.8900 ] 

new_line: H#1 + OH#1 <-> H2O#1 + #1                              [2.07091014189573   1.89]
line: OH#1 + OH#1 <-> H2O#1 + O#1                            [  1.600   1.6400 ] 

new_line: OH#1 + OH#1 <-> H2O#1 + O#1                            [2.9976535414446275   1.64]
line: H#2 + OH#1 <-> H2O#1 + #2                              [  1.96    1.2300 ] 

new_line: H#2 + OH#1 <-> H2O#1 + #2                              [2.4066276705636103   1.23]
line: CO2#1 <-> CO2 + #1                                     [  0.329  -0.3100 ] 

new_line: CO2#1 <-> CO2 + #1                                     [0.6709708450327565   -0.31]
line: CO2#2 <-> CO2 + #2                                     [ -0.824  -1.4300 ] 

new_line: CO2#2 <-> CO2 + #2                                     [1.1075395253646845   -1.43]
line: H2O#1 <-> H2O + #1                                     [ -0.227  -0.8400 ] 

new_line: H2O#1 <-> H2O + #1                                     [1.264812326895119   -0.84]
wait
C
R
C
R
C
R
C
R
C
R
C
R
R
R
R
R
R
Run log in the file : /home/hxyang/my_Code/matlab_NN/test_sasian/test_new/test_67/1.5/result_1/log26
last_line: Run log in the file : /home/hxyang/my_Code/matlab_NN/test_sasian/test_new/test_67/1.5/result_1/log26 log_n 26
line: CO + #1 <-> CO#1                                       [  0.626   0.7300 ] 

new_line: CO + #1 <-> CO#1                                       [2.0773673001951587   0.73]
line: CO + #2 <-> CO#2                                       [  0.593   0.9100 ] 

new_line: CO + #2 <-> CO#2                                       [1.5132058135646886   0.91]
line: H2 + #1 <-> H2#1                                       [  0.549   0.9500 ] 

new_line: H2 + #1 <-> H2#1                                       [1.8835543469309692   0.95]
line: H2#1 + #2 <-> H#1 + H#2                                [  0.430  -0.7100 ] 

new_line: H2#1 + #2 <-> H#1 + H#2                                [1.0446893963449204   -0.71]
line: H#2 + #1 <-> H#1 + #2                                  [     0   -0.6400 ] 

new_line: H#2 + #1 <-> H#1 + #2                                  [0.6664520246401949   -0.64]
line: CO#1 + H#1 <-> CHO#1 + #1                              [  0.620   0.5900 ] 

new_line: CO#1 + H#1 <-> CHO#1 + #1                              [0.9239511017224299   0.59]
line: CO#1 + H#1 <-> COH#1 + #1                              [  2.220   1.9400 ] 

new_line: CO#1 + H#1 <-> COH#1 + #1                              [2.2822864755078154   1.94]
line: CHO#1 + H#1 <-> CH2O#1 + #1                            [  0.290  -0.3200 ] 

new_line: CHO#1 + H#1 <-> CH2O#1 + #1                            [0.34981624418990354   -0.32]
line: CHO#1 + H#1 <-> CHOH#1 + #1                            [  1.42    0.4200 ] 

new_line: CHO#1 + H#1 <-> CHOH#1 + #1                            [1.6025619589685212   0.42]
line: CH2O#1 + H#1 <-> CH3O#1 + #1                           [  0.850  -0.0100 ] 

new_line: CH2O#1 + H#1 <-> CH3O#1 + #1                           [1.4392811055947248   -0.01]
line: CH2O#1 + H#1 <-> CH2OH#1 + #1                          [  2.71    1.5800 ] 

new_line: CH2O#1 + H#1 <-> CH2OH#1 + #1                          [2.365591356238498   1.58]
line: COH#1 + H#1 <-> CHOH#1 + #1                            [  0.55   -0.9400 ] 

new_line: COH#1 + H#1 <-> CHOH#1 + #1                            [1.450753890175874   -0.94]
line: CHOH#1 + H#1 <-> CH2OH#1 + #1                          [  1.66    0.8400 ] 

new_line: CHOH#1 + H#1 <-> CH2OH#1 + #1                          [1.3436522539944291   0.84]
line: CH2OH#1 + H#1 <-> CH3OH#1 + #1                         [  1.04    0.3100 ] 

new_line: CH2OH#1 + H#1 <-> CH3OH#1 + #1                         [1.7419839539118125   0.31]
line: CH3O#1 + H#1 <-> CH3OH#1 + #1                          [  1.91    1.9100 ] 

new_line: CH3O#1 + H#1 <-> CH3OH#1 + #1                          [2.870530778931108   1.91]
line: CH2O#1 <-> CH2O + #1                                   [  0.848   0.2200 ] 

new_line: CH2O#1 <-> CH2O + #1                                   [0.48370062378823875   0.22]
line: CH3OH#1 <-> CH3OH + #1                                 [ -0.79   -1.4200 ] 

new_line: CH3OH#1 <-> CH3OH + #1                                 [0.9730464871484479   -1.42]
line: CHO#1 + #1 <-> CH#1 + O#1                              [  0.22   -0.9300 ] 

new_line: CHO#1 + #1 <-> CH#1 + O#1                              [0.03876788653711667   -0.93]
line: CH2O#1 + #1 <-> CH2#1 + O#1                            [  1.08   -1.070  ] 

new_line: CH2O#1 + #1 <-> CH2#1 + O#1                            [1.1150268325869515   -1.07]
line: CH2O#1 + #2 <-> CH2#2 + O#1                            [  2.68    0.2900 ] 

new_line: CH2O#1 + #2 <-> CH2#2 + O#1                            [1.5310706244622936   0.29]
line: CHOH#1 + #1 <-> CH#1 + OH#1                            [  0.36   -1.1200 ] 

new_line: CHOH#1 + #1 <-> CH#1 + OH#1                            [0.9494764930049412   -1.12]
line: CH2OH#1 + #1 <-> CH2#1 + OH#1                          [  1.22   -2.4200 ] 

new_line: CH2OH#1 + #1 <-> CH2#1 + OH#1                          [1.3741360711775843   -2.42]
224828
line: CH2OH#1 + #2 <-> CH2#2 + OH#1                          [  0.30   -1.0600 ] 

new_line: CH2OH#1 + #2 <-> CH2#2 + OH#1                          [1.349214056594341   -1.06]
line: CH3O#1 + #1 <-> CH3#1 + O#1                            [  1.83   -0.5400 ] 

new_line: CH3O#1 + #1 <-> CH3#1 + O#1                            [0.8250574287835111   -0.54]
line: CH3O#1 + #2 <-> CH3#2 + O#1                            [  1.77   -0.5300 ] 

new_line: CH3O#1 + #2 <-> CH3#2 + O#1                            [0.8204032490980964   -0.53]
line: CH3OH#1 + #1 <-> CH3#1 + OH#1                          [  0.53   -2.2200 ] 

new_line: CH3OH#1 + #1 <-> CH3#1 + OH#1                          [0.22855896282500843   -2.22]
line: CH3OH#1 + #2 <-> CH3#2 + OH#1                          [  0.74   -2.2100 ] 

new_line: CH3OH#1 + #2 <-> CH3#2 + OH#1                          [0.643485201330499   -2.21]
line: CH#1 + H#1 <-> CH2#1 + #1                              [  0.94   -0.460  ] 

new_line: CH#1 + H#1 <-> CH2#1 + #1                              [0.2911431535629307   -0.46]
line: CH#1 + OH#1 <-> CH2#1 + O#1                            [  0.53   -0.6900 ] 

new_line: CH#1 + OH#1 <-> CH2#1 + O#1                            [1.091861058769622   -0.69]
line: CH2#1 + H#1 <-> CH3#1 + #1                             [  1.57    0.51   ] 

new_line: CH2#1 + H#1 <-> CH3#1 + #1                             [0.8991968700561086   0.51]
line: CH2#2 + H#1 <-> CH3#2 + #1                             [  0.55   -0.84   ] 

new_line: CH2#2 + H#1 <-> CH3#2 + #1                             [0.509066406067003   -0.84]
line: CH2#2 + OH#1 <->CH3#2 + O#1                            [  0.74   -1.07   ] 

new_line: CH2#2 + OH#1 <->CH3#2 + O#1                            [0.12454443216884468   -1.07]
line: CH2#1 + OH#1 <->CH3#1 + O#1                            [  0.87    0.28   ] 

new_line: CH2#1 + OH#1 <->CH3#1 + O#1                            [0.3220222099274091   0.28]
line: CH3#2 + H#2 <-> CH4 + #2 + #2                          [  1.15   -1.710  ] 

new_line: CH3#2 + H#2 <-> CH4 + #2 + #2                          [1.0814241193073184   -1.71]
line: CH3#2 + OH#1 <-> CH4 + #2 + O#1                        [  0.75   -1.30   ] 

new_line: CH3#2 + OH#1 <-> CH4 + #2 + O#1                        [1.2322705627886752   -1.3]
line: CH3#2 + H#1 <-> CH4 + #1 + #2                          [  1.27   -1.07   ] 

new_line: CH3#2 + H#1 <-> CH4 + #1 + #2                          [1.2239403761002947   -1.07]
line: CH3#1 + H#2 <-> CH4 + #1 + #2                          [  1.11   -1.70   ] 

new_line: CH3#1 + H#2 <-> CH4 + #1 + #2                          [0.9084575694912973   -1.7]
line: CH3#1 + H#1 <-> CH4 + #1+ #1                           [  1.68   -1.06   ] 

new_line: CH3#1 + H#1 <-> CH4 + #1+ #1                           [1.0579051141668743   -1.06]
line: CH3#1 + OH#1 <-> CH4 + #1+ O#1                         [  0.79   -1.29   ] 

new_line: CH3#1 + OH#1 <-> CH4 + #1+ O#1                         [1.3599386985757875   -1.29]
line: CHO#1 + CO#1 <-> CH#1 + CO2#1                          [  1.14   -0.6300 ] 

new_line: CHO#1 + CO#1 <-> CH#1 + CO2#1                          [1.364615190557852   -0.63]
line: CH2O#1 + CO#1 <-> CH2#1 + CO2#1                        [  1.930  -0.7800 ] 

new_line: CH2O#1 + CO#1 <-> CH2#1 + CO2#1                        [1.2174098790177825   -0.78]
line: CH3O#1 + CO#1 <-> CH3#1 + CO2#1                        [  2.59   -0.2500 ] 

new_line: CH3O#1 + CO#1 <-> CH3#1 + CO2#1                        [0.5058062318822134   -0.25]
line: CHO#1 + CO#2 <-> CH#1 + CO2#2                          [  2.35    0.3100 ] 

new_line: CHO#1 + CO#2 <-> CH#1 + CO2#2                          [1.1269293102309093   0.31]
line: CH2O#1 + CO#2 <-> CH2#1 + CO2#2                        [  2.55    0.1700 ] 

new_line: CH2O#1 + CO#2 <-> CH2#1 + CO2#2                        [0.28064043530733107   0.17]
line: CH3O#1 + CO#2 <-> CH3#1 + CO2#2                        [  3.32    0.7000 ] 

new_line: CH3O#1 + CO#2 <-> CH3#1 + CO2#2                        [1.1301584870209347   0.7]
line: CH2#1 + CO#2 <-> CH2CO#1 + #2                          [  0.50    0.2800 ] 

new_line: CH2#1 + CO#2 <-> CH2CO#1 + #2                          [0.6992096181093292   0.28]
line: CH2#1 + CO#1 <-> CH2CO#1 + #1                          [  0.88    0.4600 ] 

new_line: CH2#1 + CO#1 <-> CH2CO#1 + #1                          [1.2913647633066798   0.46]
line: CH2#2 + CO#2 <-> CH2CO#2 +#2                           [  0.20   -0.6300 ] 

new_line: CH2#2 + CO#2 <-> CH2CO#2 +#2                           [1.4260274132088224   -0.63]
line: CH3#1 + CO#2 <-> CH3CO#1 + #2                          [  0.62    0.5000 ] 

new_line: CH3#1 + CO#2 <-> CH3CO#1 + #2                          [0.5254148084329048   0.5]
line: CH3#1 + CO#1 <-> CH3CO#1 + #1                          [  0.97    0.6700 ] 

new_line: CH3#1 + CO#1 <-> CH3CO#1 + #1                          [1.6121943515732995   0.67]
line: CH3#2 + CO#2 <-> CH3CO#2 +#2                           [  0.53   -0.1000 ] 

new_line: CH3#2 + CO#2 <-> CH3CO#2 +#2                           [1.0561552995368828   -0.1]
line: CH3CO#1 + #1 <-> CH2CO#1 + H#1                         [  0.21   -0.7300 ] 

new_line: CH3CO#1 + #1 <-> CH2CO#1 + H#1                         [0.2922764697330241   -0.73]
line: CH3CO#1 + O#1 <-> CH2CO#1 + OH#1                       [  0.00   -0.4000 ] 

new_line: CH3CO#1 + O#1 <-> CH2CO#1 + OH#1                       [0.8984217531956614   -0.4]
line: CH3CO#2 + #1 <-> CH2CO#2 + H#1                         [  1.89    0.3200 ] 

new_line: CH3CO#2 + #1 <-> CH2CO#2 + H#1                         [1.4715458205405307   0.32]
line: CH3CO#2 + O#1 <-> CH2CO#2 + OH#1                       [  2.31    0.5400 ] 

new_line: CH3CO#2 + O#1 <-> CH2CO#2 + OH#1                       [0.8347132141533086   0.54]
line: CH2CO#1 <-> CH2CO + #1                                 [ -0.093  -0.730  ] 

new_line: CH2CO#1 <-> CH2CO + #1                                 [0.8940340598901981   -0.73]
line: CH2CO#2 <-> CH2CO + #2                                 [ -0.575  -1.180  ] 

new_line: CH2CO#2 <-> CH2CO + #2                                 [0.01036717814603595   -1.18]
line: CO#2 + O#1 <-> CO2#1 + #2                              [  0.15    0.1200 ] 

new_line: CO#2 + O#1 <-> CO2#1 + #2                              [0.692879128126357   0.12]
line: CO#2 + OH#1 <-> COOH#2 +#1                             [  1.7800  1.4800 ] 

new_line: CO#2 + OH#1 <-> COOH#2 +#1                             [2.7936947348112784   1.48]
line: COOH#2 + O#1 <-> CO2#2 + OH#1                          [  0.280  -0.2400 ] 

new_line: COOH#2 + O#1 <-> CO2#2 + OH#1                          [0.7027679492966579   -0.24]
line: COOH#2 + #1 <-> CO2#2 + H#1                            [  3.73   -0.4700 ] 

new_line: COOH#2 + #1 <-> CO2#2 + H#1                            [1.3638952801566164   -0.47]
line: H#1 + OH#1 <-> H2O#1 + #1                              [  1.89    1.8900 ] 

new_line: H#1 + OH#1 <-> H2O#1 + #1                              [2.4660448013092156   1.89]
line: OH#1 + OH#1 <-> H2O#1 + O#1                            [  1.600   1.6400 ] 

new_line: OH#1 + OH#1 <-> H2O#1 + O#1                            [2.5998358463926534   1.64]
line: H#2 + OH#1 <-> H2O#1 + #2                              [  1.96    1.2300 ] 

new_line: H#2 + OH#1 <-> H2O#1 + #2                              [1.2797959467991655   1.23]
line: CO2#1 <-> CO2 + #1                                     [  0.329  -0.3100 ] 

new_line: CO2#1 <-> CO2 + #1                                     [0.7586380872323927   -0.31]
line: CO2#2 <-> CO2 + #2                                     [ -0.824  -1.4300 ] 

new_line: CO2#2 <-> CO2 + #2                                     [0.8279187400817348   -1.43]
line: H2O#1 <-> H2O + #1                                     [ -0.227  -0.8400 ] 

new_line: H2O#1 <-> H2O + #1                                     [0.25207467011898804   -0.84]
wait
C
R
C
R
C
R
C
R
C
R
C
R
C
R
R
R
R
Run log in the file : /home/hxyang/my_Code/matlab_NN/test_sasian/test_new/test_67/1.5/result_1/log27
last_line: Run log in the file : /home/hxyang/my_Code/matlab_NN/test_sasian/test_new/test_67/1.5/result_1/log27 log_n 27
line: CO + #1 <-> CO#1                                       [  0.626   0.7300 ] 

new_line: CO + #1 <-> CO#1                                       [2.0173862639087354   0.73]
line: CO + #2 <-> CO#2                                       [  0.593   0.9100 ] 

new_line: CO + #2 <-> CO#2                                       [1.0383411981611865   0.91]
line: H2 + #1 <-> H2#1                                       [  0.549   0.9500 ] 

new_line: H2 + #1 <-> H2#1                                       [1.0877429447437175   0.95]
line: H2#1 + #2 <-> H#1 + H#2                                [  0.430  -0.7100 ] 

new_line: H2#1 + #2 <-> H#1 + H#2                                [0.6730724075966745   -0.71]
line: H#2 + #1 <-> H#1 + #2                                  [     0   -0.6400 ] 

new_line: H#2 + #1 <-> H#1 + #2                                  [1.3129082870408473   -0.64]
line: CO#1 + H#1 <-> CHO#1 + #1                              [  0.620   0.5900 ] 

new_line: CO#1 + H#1 <-> CHO#1 + #1                              [1.9555435746607128   0.59]
line: CO#1 + H#1 <-> COH#1 + #1                              [  2.220   1.9400 ] 

new_line: CO#1 + H#1 <-> COH#1 + #1                              [2.6443675218824376   1.94]
line: CHO#1 + H#1 <-> CH2O#1 + #1                            [  0.290  -0.3200 ] 

new_line: CHO#1 + H#1 <-> CH2O#1 + #1                            [1.0135502579521694   -0.32]
line: CHO#1 + H#1 <-> CHOH#1 + #1                            [  1.42    0.4200 ] 

new_line: CHO#1 + H#1 <-> CHOH#1 + #1                            [1.4263536459640145   0.42]
line: CH2O#1 + H#1 <-> CH3O#1 + #1                           [  0.850  -0.0100 ] 

new_line: CH2O#1 + H#1 <-> CH3O#1 + #1                           [0.0028566505358126313   -0.01]
line: CH2O#1 + H#1 <-> CH2OH#1 + #1                          [  2.71    1.5800 ] 

new_line: CH2O#1 + H#1 <-> CH2OH#1 + #1                          [2.790835255150257   1.58]
line: COH#1 + H#1 <-> CHOH#1 + #1                            [  0.55   -0.9400 ] 

new_line: COH#1 + H#1 <-> CHOH#1 + #1                            [0.5154941972310749   -0.94]
line: CHOH#1 + H#1 <-> CH2OH#1 + #1                          [  1.66    0.8400 ] 

new_line: CHOH#1 + H#1 <-> CH2OH#1 + #1                          [1.4730787026114265   0.84]
line: CH2OH#1 + H#1 <-> CH3OH#1 + #1                         [  1.04    0.3100 ] 

new_line: CH2OH#1 + H#1 <-> CH3OH#1 + #1                         [1.5563900521759815   0.31]
line: CH3O#1 + H#1 <-> CH3OH#1 + #1                          [  1.91    1.9100 ] 

new_line: CH3O#1 + H#1 <-> CH3OH#1 + #1                          [2.006500422714397   1.91]
line: CH2O#1 <-> CH2O + #1                                   [  0.848   0.2200 ] 

new_line: CH2O#1 <-> CH2O + #1                                   [0.8965680383944066   0.22]
line: CH3OH#1 <-> CH3OH + #1                                 [ -0.79   -1.4200 ] 

new_line: CH3OH#1 <-> CH3OH + #1                                 [0.6268970936374084   -1.42]
line: CHO#1 + #1 <-> CH#1 + O#1                              [  0.22   -0.9300 ] 

new_line: CHO#1 + #1 <-> CH#1 + O#1                              [0.21863001652490094   -0.93]
line: CH2O#1 + #1 <-> CH2#1 + O#1                            [  1.08   -1.070  ] 

new_line: CH2O#1 + #1 <-> CH2#1 + O#1                            [0.07904224913300735   -1.07]
line: CH2O#1 + #2 <-> CH2#2 + O#1                            [  2.68    0.2900 ] 

new_line: CH2O#1 + #2 <-> CH2#2 + O#1                            [1.7100127126286162   0.29]
line: CHOH#1 + #1 <-> CH#1 + OH#1                            [  0.36   -1.1200 ] 

new_line: CHOH#1 + #1 <-> CH#1 + OH#1                            [1.3321639763384032   -1.12]
line: CH2OH#1 + #1 <-> CH2#1 + OH#1                          [  1.22   -2.4200 ] 

new_line: CH2OH#1 + #1 <-> CH2#1 + OH#1                          [0.8841746005336943   -2.42]
line: CH2OH#1 + #2 <-> CH2#2 + OH#1                          [  0.30   -1.0600 ] 

new_line: CH2OH#1 + #2 <-> CH2#2 + OH#1                          [0.3229689797722528   -1.06]
line: CH3O#1 + #1 <-> CH3#1 + O#1                            [  1.83   -0.5400 ] 

new_line: CH3O#1 + #1 <-> CH3#1 + O#1                            [0.6163306210421257   -0.54]
line: CH3O#1 + #2 <-> CH3#2 + O#1                            [  1.77   -0.5300 ] 

new_line: CH3O#1 + #2 <-> CH3#2 + O#1                            [0.30643551932513124   -0.53]
line: CH3OH#1 + #1 <-> CH3#1 + OH#1                          [  0.53   -2.2200 ] 

new_line: CH3OH#1 + #1 <-> CH3#1 + OH#1                          [0.2464023661294858   -2.22]
line: CH3OH#1 + #2 <-> CH3#2 + OH#1                          [  0.74   -2.2100 ] 

new_line: CH3OH#1 + #2 <-> CH3#2 + OH#1                          [0.24602633638511684   -2.21]
line: CH#1 + H#1 <-> CH2#1 + #1                              [  0.94   -0.460  ] 

new_line: CH#1 + H#1 <-> CH2#1 + #1                              [0.4909555336550425   -0.46]
line: CH#1 + OH#1 <-> CH2#1 + O#1                            [  0.53   -0.6900 ] 

new_line: CH#1 + OH#1 <-> CH2#1 + O#1                            [0.041573303598385805   -0.69]
line: CH2#1 + H#1 <-> CH3#1 + #1                             [  1.57    0.51   ] 

new_line: CH2#1 + H#1 <-> CH3#1 + #1                             [1.1771245496137692   0.51]
line: CH2#2 + H#1 <-> CH3#2 + #1                             [  0.55   -0.84   ] 

new_line: CH2#2 + H#1 <-> CH3#2 + #1                             [0.4098114239405319   -0.84]
line: CH2#2 + OH#1 <->CH3#2 + O#1                            [  0.74   -1.07   ] 

new_line: CH2#2 + OH#1 <->CH3#2 + O#1                            [1.3650777720470861   -1.07]
line: CH2#1 + OH#1 <->CH3#1 + O#1                            [  0.87    0.28   ] 

new_line: CH2#1 + OH#1 <->CH3#1 + O#1                            [1.646504184137352   0.28]
line: CH3#2 + H#2 <-> CH4 + #2 + #2                          [  1.15   -1.710  ] 

new_line: CH3#2 + H#2 <-> CH4 + #2 + #2                          [0.8057519323901561   -1.71]
line: CH3#2 + OH#1 <-> CH4 + #2 + O#1                        [  0.75   -1.30   ] 

new_line: CH3#2 + OH#1 <-> CH4 + #2 + O#1                        [0.04701559604506949   -1.3]
line: CH3#2 + H#1 <-> CH4 + #1 + #2                          [  1.27   -1.07   ] 

new_line: CH3#2 + H#1 <-> CH4 + #1 + #2                          [0.06387721739413939   -1.07]
line: CH3#1 + H#2 <-> CH4 + #1 + #2                          [  1.11   -1.70   ] 

new_line: CH3#1 + H#2 <-> CH4 + #1 + #2                          [0.07211162957983909   -1.7]
line: CH3#1 + H#1 <-> CH4 + #1+ #1                           [  1.68   -1.06   ] 

new_line: CH3#1 + H#1 <-> CH4 + #1+ #1                           [1.1647790903062423   -1.06]
line: CH3#1 + OH#1 <-> CH4 + #1+ O#1                         [  0.79   -1.29   ] 

new_line: CH3#1 + OH#1 <-> CH4 + #1+ O#1                         [0.10467523593152112   -1.29]
line: CHO#1 + CO#1 <-> CH#1 + CO2#1                          [  1.14   -0.6300 ] 

new_line: CHO#1 + CO#1 <-> CH#1 + CO2#1                          [1.4703298132864608   -0.63]
line: CH2O#1 + CO#1 <-> CH2#1 + CO2#1                        [  1.930  -0.7800 ] 

new_line: CH2O#1 + CO#1 <-> CH2#1 + CO2#1                        [0.5941201777904693   -0.78]
line: CH3O#1 + CO#1 <-> CH3#1 + CO2#1                        [  2.59   -0.2500 ] 

new_line: CH3O#1 + CO#1 <-> CH3#1 + CO2#1                        [0.2830875089541349   -0.25]
line: CHO#1 + CO#2 <-> CH#1 + CO2#2                          [  2.35    0.3100 ] 

new_line: CHO#1 + CO#2 <-> CH#1 + CO2#2                          [1.365978043409305   0.31]
line: CH2O#1 + CO#2 <-> CH2#1 + CO2#2                        [  2.55    0.1700 ] 

new_line: CH2O#1 + CO#2 <-> CH2#1 + CO2#2                        [1.483466913836366   0.17]
line: CH3O#1 + CO#2 <-> CH3#1 + CO2#2                        [  3.32    0.7000 ] 

new_line: CH3O#1 + CO#2 <-> CH3#1 + CO2#2                        [1.585572178858819   0.7]
line: CH2#1 + CO#2 <-> CH2CO#1 + #2                          [  0.50    0.2800 ] 

new_line: 224829
CH2#1 + CO#2 <-> CH2CO#1 + #2                          [0.8682373406702322   0.28]
line: CH2#1 + CO#1 <-> CH2CO#1 + #1                          [  0.88    0.4600 ] 

new_line: CH2#1 + CO#1 <-> CH2CO#1 + #1                          [1.7880179512908798   0.46]
line: CH2#2 + CO#2 <-> CH2CO#2 +#2                           [  0.20   -0.6300 ] 

new_line: CH2#2 + CO#2 <-> CH2CO#2 +#2                           [1.1876033010573532   -0.63]
line: CH3#1 + CO#2 <-> CH3CO#1 + #2                          [  0.62    0.5000 ] 

new_line: CH3#1 + CO#2 <-> CH3CO#1 + #2                          [0.9839832543465379   0.5]
line: CH3#1 + CO#1 <-> CH3CO#1 + #1                          [  0.97    0.6700 ] 

new_line: CH3#1 + CO#1 <-> CH3CO#1 + #1                          [1.6625484242275679   0.67]
line: CH3#2 + CO#2 <-> CH3CO#2 +#2                           [  0.53   -0.1000 ] 

new_line: CH3#2 + CO#2 <-> CH3CO#2 +#2                           [1.1023922729742186   -0.1]
line: CH3CO#1 + #1 <-> CH2CO#1 + H#1                         [  0.21   -0.7300 ] 

new_line: CH3CO#1 + #1 <-> CH2CO#1 + H#1                         [1.3569416547274993   -0.73]
line: CH3CO#1 + O#1 <-> CH2CO#1 + OH#1                       [  0.00   -0.4000 ] 

new_line: CH3CO#1 + O#1 <-> CH2CO#1 + OH#1                       [1.1442813301190953   -0.4]
line: CH3CO#2 + #1 <-> CH2CO#2 + H#1                         [  1.89    0.3200 ] 

new_line: CH3CO#2 + #1 <-> CH2CO#2 + H#1                         [0.814338042911922   0.32]
line: CH3CO#2 + O#1 <-> CH2CO#2 + OH#1                       [  2.31    0.5400 ] 

new_line: CH3CO#2 + O#1 <-> CH2CO#2 + OH#1                       [1.4009176392922411   0.54]
line: CH2CO#1 <-> CH2CO + #1                                 [ -0.093  -0.730  ] 

new_line: CH2CO#1 <-> CH2CO + #1                                 [1.3342579368283292   -0.73]
line: CH2CO#2 <-> CH2CO + #2                                 [ -0.575  -1.180  ] 

new_line: CH2CO#2 <-> CH2CO + #2                                 [0.585647696439874   -1.18]
line: CO#2 + O#1 <-> CO2#1 + #2                              [  0.15    0.1200 ] 

new_line: CO#2 + O#1 <-> CO2#1 + #2                              [0.8198260359234505   0.12]
line: CO#2 + OH#1 <-> COOH#2 +#1                             [  1.7800  1.4800 ] 

new_line: CO#2 + OH#1 <-> COOH#2 +#1                             [2.7813748951687303   1.48]
line: COOH#2 + O#1 <-> CO2#2 + OH#1                          [  0.280  -0.2400 ] 

new_line: COOH#2 + O#1 <-> CO2#2 + OH#1                          [0.07766664729386347   -0.24]
line: COOH#2 + #1 <-> CO2#2 + H#1                            [  3.73   -0.4700 ] 

new_line: COOH#2 + #1 <-> CO2#2 + H#1                            [0.013654122801805026   -0.47]
line: H#1 + OH#1 <-> H2O#1 + #1                              [  1.89    1.8900 ] 

new_line: H#1 + OH#1 <-> H2O#1 + #1                              [2.1489018108558517   1.89]
line: OH#1 + OH#1 <-> H2O#1 + O#1                            [  1.600   1.6400 ] 

new_line: OH#1 + OH#1 <-> H2O#1 + O#1                            [2.087606437972036   1.64]
line: H#2 + OH#1 <-> H2O#1 + #2                              [  1.96    1.2300 ] 

new_line: H#2 + OH#1 <-> H2O#1 + #2                              [1.9172856702598535   1.23]
line: CO2#1 <-> CO2 + #1                                     [  0.329  -0.3100 ] 

new_line: CO2#1 <-> CO2 + #1                                     [0.3430253491798197   -0.31]
line: CO2#2 <-> CO2 + #2                                     [ -0.824  -1.4300 ] 

new_line: CO2#2 <-> CO2 + #2                                     [0.7609663215276627   -1.43]
line: H2O#1 <-> H2O + #1                                     [ -0.227  -0.8400 ] 

new_line: H2O#1 <-> H2O + #1                                     [0.5186463501978825   -0.84]
wait
C
R
C
R
C
R
C
R
C
R
C
R
R
R
R
R
Run log in the file : /home/hxyang/my_Code/matlab_NN/test_sasian/test_new/test_67/1.5/result_1/log28
last_line: Run log in the file : /home/hxyang/my_Code/matlab_NN/test_sasian/test_new/test_67/1.5/result_1/log28 log_n 28
line: CO + #1 <-> CO#1                                       [  0.626   0.7300 ] 

new_line: CO + #1 <-> CO#1                                       [1.5764873909836288   0.73]
line: CO + #2 <-> CO#2                                       [  0.593   0.9100 ] 

new_line: CO + #2 <-> CO#2                                       [1.4706795002647413   0.91]
line: H2 + #1 <-> H2#1                                       [  0.549   0.9500 ] 

new_line: H2 + #1 <-> H2#1                                       [1.372332443464445   0.95]
line: H2#1 + #2 <-> H#1 + H#2                                [  0.430  -0.7100 ] 

new_line: H2#1 + #2 <-> H#1 + H#2                                [1.258485390872929   -0.71]
line: H#2 + #1 <-> H#1 + #2                                  [     0   -0.6400 ] 

new_line: H#2 + #1 <-> H#1 + #2                                  [0.19766305508905624   -0.64]
line: CO#1 + H#1 <-> CHO#1 + #1                              [  0.620   0.5900 ] 

new_line: CO#1 + H#1 <-> CHO#1 + #1                              [0.9920916880481716   0.59]
line: CO#1 + H#1 <-> COH#1 + #1                              [  2.220   1.9400 ] 

new_line: CO#1 + H#1 <-> COH#1 + #1                              [2.464369377790343   1.94]
line: CHO#1 + H#1 <-> CH2O#1 + #1                            [  0.290  -0.3200 ] 

new_line: CHO#1 + H#1 <-> CH2O#1 + #1                            [0.9915048958413775   -0.32]
line: CHO#1 + H#1 <-> CHOH#1 + #1                            [  1.42    0.4200 ] 

new_line: CHO#1 + H#1 <-> CHOH#1 + #1                            [1.6435339000482236   0.42]
line: CH2O#1 + H#1 <-> CH3O#1 + #1                           [  0.850  -0.0100 ] 

new_line: CH2O#1 + H#1 <-> CH3O#1 + #1                           [0.06599120126592159   -0.01]
line: CH2O#1 + H#1 <-> CH2OH#1 + #1                          [  2.71    1.5800 ] 

new_line: CH2O#1 + H#1 <-> CH2OH#1 + #1                          [1.7436548591297356   1.58]
line: COH#1 + H#1 <-> CHOH#1 + #1                            [  0.55   -0.9400 ] 

new_line: COH#1 + H#1 <-> CHOH#1 + #1                            [1.0979765492093359   -0.94]
line: CHOH#1 + H#1 <-> CH2OH#1 + #1                          [  1.66    0.8400 ] 

new_line: CHOH#1 + H#1 <-> CH2OH#1 + #1                          [2.2107209137433945   0.84]
line: CH2OH#1 + H#1 <-> CH3OH#1 + #1                         [  1.04    0.3100 ] 

new_line: CH2OH#1 + H#1 <-> CH3OH#1 + #1                         [1.1996987465558218   0.31]
line: CH3O#1 + H#1 <-> CH3OH#1 + #1                          [  1.91    1.9100 ] 

new_line: CH3O#1 + H#1 <-> CH3OH#1 + #1                          [3.206957699476863   1.91]
line: CH2O#1 <-> CH2O + #1                                   [  0.848   0.2200 ] 

new_line: CH2O#1 <-> CH2O + #1                                   [1.615073675873698   0.22]
line: CH3OH#1 <-> CH3OH + #1                                 [ -0.79   -1.4200 ] 

new_line: CH3OH#1 <-> CH3OH + #1                                 [0.08425980327545719   -1.42]
line: CHO#1 + #1 <-> CH#1 + O#1                              [  0.22   -0.9300 ] 

new_line: CHO#1 + #1 <-> CH#1 + O#1                              [1.106477074763915   -0.93]
line: CH2O#1 + #1 <-> CH2#1 + O#1                            [  1.08   -1.070  ] 

new_line: CH2O#1 + #1 <-> CH2#1 + O#1                            [0.9832854300333389   -1.07]
line: CH2O#1 + #2 <-> CH2#2 + O#1                            [  2.68    0.2900 ] 

new_line: CH2O#1 + #2 <-> CH2#2 + O#1                            [1.5187901826452173   0.29]
line: CHOH#1 + #1 <-> CH#1 + OH#1                            [  0.36   -1.1200 ] 

new_line: CHOH#1 + #1 <-> CH#1 + OH#1                            [0.7996029898019605   -1.12]
line: CH2OH#1 + #1 <-> CH2#1 + OH#1                          [  1.22   -2.4200 ] 

new_line: CH2OH#1 + #1 <-> CH2#1 + OH#1                          [1.1386119260519196   -2.42]
line: CH2OH#1 + #2 <-> CH2#2 + OH#1                          [  0.30   -1.0600 ] 

new_line: CH2OH#1 + #2 <-> CH2#2 + OH#1                          [0.6488045246230907   -1.06]
line: CH3O#1 + #1 <-> CH3#1 + O#1                            [  1.83   -0.5400 ] 

224830
new_line: CH3O#1 + #1 <-> CH3#1 + O#1                            [0.7458864812927997   -0.54]
line: CH3O#1 + #2 <-> CH3#2 + O#1                            [  1.77   -0.5300 ] 

new_line: CH3O#1 + #2 <-> CH3#2 + O#1                            [1.3947533158912282   -0.53]
line: CH3OH#1 + #1 <-> CH3#1 + OH#1                          [  0.53   -2.2200 ] 

new_line: CH3OH#1 + #1 <-> CH3#1 + OH#1                          [0.78998045392915   -2.22]
line: CH3OH#1 + #2 <-> CH3#2 + OH#1                          [  0.74   -2.2100 ] 

new_line: CH3OH#1 + #2 <-> CH3#2 + OH#1                          [0.5265775731188491   -2.21]
line: CH#1 + H#1 <-> CH2#1 + #1                              [  0.94   -0.460  ] 

new_line: CH#1 + H#1 <-> CH2#1 + #1                              [1.4759274574395969   -0.46]
line: CH#1 + OH#1 <-> CH2#1 + O#1                            [  0.53   -0.6900 ] 

new_line: CH#1 + OH#1 <-> CH2#1 + O#1                            [1.216083984019401   -0.69]
line: CH2#1 + H#1 <-> CH3#1 + #1                             [  1.57    0.51   ] 

new_line: CH2#1 + H#1 <-> CH3#1 + #1                             [1.0496239777402236   0.51]
line: CH2#2 + H#1 <-> CH3#2 + #1                             [  0.55   -0.84   ] 

new_line: CH2#2 + H#1 <-> CH3#2 + #1                             [1.3847277020479831   -0.84]
line: CH2#2 + OH#1 <->CH3#2 + O#1                            [  0.74   -1.07   ] 

new_line: CH2#2 + OH#1 <->CH3#2 + O#1                            [0.7909090243244914   -1.07]
line: CH2#1 + OH#1 <->CH3#1 + O#1                            [  0.87    0.28   ] 

new_line: CH2#1 + OH#1 <->CH3#1 + O#1                            [0.4287736159832758   0.28]
line: CH3#2 + H#2 <-> CH4 + #2 + #2                          [  1.15   -1.710  ] 

new_line: CH3#2 + H#2 <-> CH4 + #2 + #2                          [1.1502590455480524   -1.71]
line: CH3#2 + OH#1 <-> CH4 + #2 + O#1                        [  0.75   -1.30   ] 

new_line: CH3#2 + OH#1 <-> CH4 + #2 + O#1                        [1.0177741518399142   -1.3]
line: CH3#2 + H#1 <-> CH4 + #1 + #2                          [  1.27   -1.07   ] 

new_line: CH3#2 + H#1 <-> CH4 + #1 + #2                          [1.3894131957456513   -1.07]
line: CH3#1 + H#2 <-> CH4 + #1 + #2                          [  1.11   -1.70   ] 

new_line: CH3#1 + H#2 <-> CH4 + #1 + #2                          [0.012008203909319039   -1.7]
line: CH3#1 + H#1 <-> CH4 + #1+ #1                           [  1.68   -1.06   ] 

new_line: CH3#1 + H#1 <-> CH4 + #1+ #1                           [0.3270153888332118   -1.06]
line: CH3#1 + OH#1 <-> CH4 + #1+ O#1                         [  0.79   -1.29   ] 

new_line: CH3#1 + OH#1 <-> CH4 + #1+ O#1                         [0.0694295487197789   -1.29]
line: CHO#1 + CO#1 <-> CH#1 + CO2#1                          [  1.14   -0.6300 ] 

new_line: CHO#1 + CO#1 <-> CH#1 + CO2#1                          [0.9111833446462458   -0.63]
line: CH2O#1 + CO#1 <-> CH2#1 + CO2#1                        [  1.930  -0.7800 ] 

new_line: CH2O#1 + CO#1 <-> CH2#1 + CO2#1                        [0.5411590679218653   -0.78]
line: CH3O#1 + CO#1 <-> CH3#1 + CO2#1                        [  2.59   -0.2500 ] 

new_line: CH3O#1 + CO#1 <-> CH3#1 + CO2#1                        [1.0521091448837185   -0.25]
line: CHO#1 + CO#2 <-> CH#1 + CO2#2                          [  2.35    0.3100 ] 

new_line: CHO#1 + CO#2 <-> CH#1 + CO2#2                          [1.743404515082983   0.31]
line: CH2O#1 + CO#2 <-> CH2#1 + CO2#2                        [  2.55    0.1700 ] 

new_line: CH2O#1 + CO#2 <-> CH2#1 + CO2#2                        [1.1389987386542293   0.17]
line: CH3O#1 + CO#2 <-> CH3#1 + CO2#2                        [  3.32    0.7000 ] 

new_line: CH3O#1 + CO#2 <-> CH3#1 + CO2#2                        [0.7654780703954468   0.7]
line: CH2#1 + CO#2 <-> CH2CO#1 + #2                          [  0.50    0.2800 ] 

new_line: CH2#1 + CO#2 <-> CH2CO#1 + #2                          [1.2390201010624657   0.28]
line: CH2#1 + CO#1 <-> CH2CO#1 + #1                          [  0.88    0.4600 ] 

new_line: CH2#1 + CO#1 <-> CH2CO#1 + #1                          [0.8008128550867863   0.46]
line: CH2#2 + CO#2 <-> CH2CO#2 +#2                           [  0.20   -0.6300 ] 

new_line: CH2#2 + CO#2 <-> CH2CO#2 +#2                           [0.24703942874075738   -0.63]
line: CH3#1 + CO#2 <-> CH3CO#1 + #2                          [  0.62    0.5000 ] 

new_line: CH3#1 + CO#2 <-> CH3CO#1 + #2                          [1.94765318678009   0.5]
line: CH3#1 + CO#1 <-> CH3CO#1 + #1                          [  0.97    0.6700 ] 

new_line: CH3#1 + CO#1 <-> CH3CO#1 + #1                          [1.4346608365592046   0.67]
line: CH3#2 + CO#2 <-> CH3CO#2 +#2                           [  0.53   -0.1000 ] 

new_line: CH3#2 + CO#2 <-> CH3CO#2 +#2                           [0.3906887176850525   -0.1]
line: CH3CO#1 + #1 <-> CH2CO#1 + H#1                         [  0.21   -0.7300 ] 

new_line: CH3CO#1 + #1 <-> CH2CO#1 + H#1                         [0.32173544682623273   -0.73]
line: CH3CO#1 + O#1 <-> CH2CO#1 + OH#1                       [  0.00   -0.4000 ] 

new_line: CH3CO#1 + O#1 <-> CH2CO#1 + OH#1                       [0.4597895025662719   -0.4]
line: CH3CO#2 + #1 <-> CH2CO#2 + H#1                         [  1.89    0.3200 ] 

new_line: CH3CO#2 + #1 <-> CH2CO#2 + H#1                         [1.4335446426357952   0.32]
line: CH3CO#2 + O#1 <-> CH2CO#2 + OH#1                       [  2.31    0.5400 ] 

new_line: CH3CO#2 + O#1 <-> CH2CO#2 + OH#1                       [0.695487439275513   0.54]
line: CH2CO#1 <-> CH2CO + #1                                 [ -0.093  -0.730  ] 

new_line: CH2CO#1 <-> CH2CO + #1                                 [0.120913148380817   -0.73]
line: CH2CO#2 <-> CH2CO + #2                                 [ -0.575  -1.180  ] 

new_line: CH2CO#2 <-> CH2CO + #2                                 [0.15108537141619732   -1.18]
line: CO#2 + O#1 <-> CO2#1 + #2                              [  0.15    0.1200 ] 

new_line: CO#2 + O#1 <-> CO2#1 + #2                              [1.1498959662994293   0.12]
line: CO#2 + OH#1 <-> COOH#2 +#1                             [  1.7800  1.4800 ] 

new_line: CO#2 + OH#1 <-> COOH#2 +#1                             [2.532048827588846   1.48]
line: COOH#2 + O#1 <-> CO2#2 + OH#1                          [  0.280  -0.2400 ] 

new_line: COOH#2 + O#1 <-> CO2#2 + OH#1                          [0.2876259867839084   -0.24]
line: COOH#2 + #1 <-> CO2#2 + H#1                            [  3.73   -0.4700 ] 

new_line: COOH#2 + #1 <-> CO2#2 + H#1                            [1.2186651652122575   -0.47]
line: H#1 + OH#1 <-> H2O#1 + #1                              [  1.89    1.8900 ] 

new_line: H#1 + OH#1 <-> H2O#1 + #1                              [3.3121772674761822   1.89]
line: OH#1 + OH#1 <-> H2O#1 + O#1                            [  1.600   1.6400 ] 

new_line: OH#1 + OH#1 <-> H2O#1 + O#1                            [2.5743122304889523   1.64]
line: H#2 + OH#1 <-> H2O#1 + #2                              [  1.96    1.2300 ] 

new_line: H#2 + OH#1 <-> H2O#1 + #2                              [1.6222685308372846   1.23]
line: CO2#1 <-> CO2 + #1                                     [  0.329  -0.3100 ] 

new_line: CO2#1 <-> CO2 + #1                                     [1.423597233839775   -0.31]
line: CO2#2 <-> CO2 + #2                                     [ -0.824  -1.4300 ] 

new_line: CO2#2 <-> CO2 + #2                                     [0.7014953598340956   -1.43]
line: H2O#1 <-> H2O + #1                                     [ -0.227  -0.8400 ] 

new_line: H2O#1 <-> H2O + #1                                     [0.14509431255328648   -0.84]
wait
C
R
C
R
C
R
C
R
C
R
C
R
R
R
Run log in the file : /home/hxyang/my_Code/matlab_NN/test_sasian/test_new/test_67/1.5/result_1/log29
last_line: Run log in the file : /home/hxyang/my_Code/matlab_NN/test_sasian/test_new/test_67/1.5/result_1/log29 log_n 29
line: CO + #1 <-> CO#1                                       [  0.626   0.7300 ] 

new_line: CO + #1 <-> CO#1                                       [0.9811429138254955   0.73]
line: CO + #2 <-> CO#2                                       [  0.593   0.9100 ] 

new_line: CO + #2 <-> CO#2                                       [1.628447733795906   0.91]
line: H2 + #1 <-> H2#1                                       [  0.549   0.9500 ] 

new_line: H2 + #1 <-> H2#1                                       [2.2586222522667443   0.95]
line: H2#1 + #2 <-> H#1 + H#2                                [  0.430  -0.7100 ] 

new_line: H2#1 + #2 <-> H#1 + H#2                                [0.3628773968629218   -0.71]
line: H#2 + #1 <-> H#1 + #2                                  [     0   -0.6400 ] 

new_line: H#2 + #1 <-> H#1 + #2                                  [0.2263606438420955   -0.64]
line: CO#1 + H#1 <-> CHO#1 + #1                              [  0.620   0.5900 ] 

new_line: CO#1 + H#1 <-> CHO#1 + #1                              [0.7413345409143364   0.59]
line: CO#1 + H#1 <-> COH#1 + #1                              [  2.220   1.9400 ] 

new_line: CO#1 + H#1 <-> COH#1 + #1                              [3.2853685761873153   1.94]
line: CHO#1 + H#1 <-> CH2O#1 + #1                            [  0.290  -0.3200 ] 

new_line: CHO#1 + H#1 <-> CH2O#1 + #1                            [0.6947264232048473   -0.32]
line: CHO#1 + H#1 <-> CHOH#1 + #1                            [  1.42    0.4200 ] 

new_line: CHO#1 + H#1 <-> CHOH#1 + #1                            [1.3943520057086505   0.42]
line: CH2O#1 + H#1 <-> CH3O#1 + #1                           [  0.850  -0.0100 ] 

new_line: CH2O#1 + H#1 <-> CH3O#1 + #1                           [1.4223967087143108   -0.01]
line: CH2O#1 + H#1 <-> CH2OH#1 + #1                          [  2.71    1.5800 ] 

new_line: CH2O#1 + H#1 <-> CH2OH#1 + #1                          [2.9625240608587218   1.58]
line: COH#1 + H#1 <-> CHOH#1 + #1                            [  0.55   -0.9400 ] 

new_line: COH#1 + H#1 <-> CHOH#1 + #1                            [0.24510557077757067   -0.94]
line: CHOH#1 + H#1 <-> CH2OH#1 + #1                          [  1.66    0.8400 ] 

new_line: CHOH#1 + H#1 <-> CH2OH#1 + #1                          [1.9115886136847644   0.84]
line: CH2OH#1 + H#1 <-> CH3OH#1 + #1                         [  1.04    0.3100 ] 

new_line: CH2OH#1 + H#1 <-> CH3OH#1 + #1                         [1.6893715891743957   0.31]
line: CH3O#1 + H#1 <-> CH3OH#1 + #1                          [  1.91    1.9100 ] 

new_line: CH3O#1 + H#1 <-> CH3OH#1 + #1                          [2.316012861004358   1.91]
line: CH2O#1 <-> CH2O + #1                                   [  0.848   0.2200 ] 

new_line: CH2O#1 <-> CH2O + #1                                   [0.8567710566345632   0.22]
line: CH3OH#1 <-> CH3OH + #1                                 [ -0.79   -1.4200 ] 

new_line: CH3OH#1 <-> CH3OH + #1                                 [0.6785310817802447   -1.42]
line: CHO#1 + #1 <-> CH#1 + O#1                              [  0.22   -0.9300 ] 

new_line: CHO#1 + #1 <-> CH#1 + O#1                              [1.2845553937612613   -0.93]
line: CH2O#1 + #1 <-> CH2#1 + O#1                            [  1.08   -1.070  ] 

new_line: CH2O#1 + #1 <-> CH2#1 + O#1                            [1.1442143194046903   -1.07]
line: CH2O#1 + #2 <-> CH2#2 + O#1                            [  2.68    0.2900 ] 

new_line: CH2O#1 + #2 <-> CH2#2 + O#1                            [1.0097491382866828   0.29]
line: CHOH#1 + #1 <-> CH#1 + OH#1                            [  0.36   -1.1200 ] 

new_line: CHOH#1 + #1 <-> CH#1 + OH#1                            [0.3022591763641345   -1.12]
line: CH2OH#1 + #1 <-> CH2#1 + OH#1                          [  1.22   -2.4200 ] 

new_line: CH2OH#1 + #1 <-> CH2#1 + OH#1                          [0.06710665675252694   -2.42]
line: CH2OH#1 + #2 <-> CH2#2 + OH#1                          [  0.30   -1.0600 ] 

new_line: CH2OH#1 + #2 <-> CH2#2 + OH#1                          [0.6016592149519147   -1.06]
line: CH3O#1 + #1 <-> CH3#1 + O#1                            [  1.83   -0.5400 ] 

new_line: CH3O#1 + #1 <-> CH3#1 + O#1                            [1.1435572177512237   -0.54]
line: CH3O#1 + #2 <-> CH3#2 + O#1                            [  1.77   -0.5300 ] 

new_line: CH3O#1 + #2 <-> CH3#2 + O#1                            [1.0169505889594537   -0.53]
line: CH3OH#1 + #1 <-> CH3#1 + OH#1                          [  0.53   -2.2200 ] 

new_line: CH3OH#1 + #1 <-> CH3#1 + OH#1                          [0.5087210479352197   -2.22]
line: CH3OH#1 + #2 <-> CH3#2 + OH#1                          [  0.74   -2.2100 ] 

new_line: CH3OH#1 + #2 <-> CH3#2 + OH#1                          [0.7956901388840003   -2.21]
line: CH#1 + H#1 <-> CH2#1 + #1                              [  0.94   -0.460  ] 

new_line: CH#1 + H#1 <-> CH2#1 + #1                              [1.2239922392318985   -0.46]
line: CH#1 + OH#1 <-> CH2#1 + O#1                            [  0.53   -0.6900 ] 

new_line: CH#1 + OH#1 <-> CH2#1 + O#1                            [0.1943991941637344   -0.69]
line: CH2#1 + H#1 <-> CH3#1 + #1                             [  1.57    0.51   ] 

new_line: CH2#1 + H#1 <-> CH3#1 + #1                             [1.542833644181068   0.51]
line: CH2#2 + H#1 <-> CH3#2 + #1                             [  0.55   -0.84   ] 

new_line: CH2#2 + H#1 <-> CH3#2 + #1                             [0.8241333868311884   -0.84]
line: CH2#2 + OH#1 <->CH3#2 + O#1                            [  0.74   -1.07   ] 

new_line: CH2#2 + OH#1 <->CH3#2 + O#1                            [0.9224246306257353   -1.07]
line: CH2#1 + OH#1 <->CH3#1 + O#1                            [  0.87    0.28   ] 

new_line: CH2#1 + OH#1 <->CH3#1 + O#1                            [1.0541102050496005   0.28]
line: CH3#2 + H#2 <-> CH4 + #2 + #2                          [  1.15   -1.710  ] 

new_line: CH3#2 + H#2 <-> CH4 + #2 + #2                          [0.06165062277393141   -1.71]
line: CH3#2 + OH#1 <-> CH4 + #2 + O#1                        [  0.75   -1.30   ] 

new_line: CH3#2 + OH#1 <-> CH4 + #2 + O#1                        [0.15067265022058107   -1.3]
line: CH3#2 + H#1 <-> CH4 + #1 + #2                          [  1.27   -1.07   ] 

new_line: CH3#2 + H#1 <-> CH4 + #1 + #2                          [0.3139416773030224   -1.07]
line: CH3#1 + H#2 <-> CH4 + #1 + #2                          [  1.11   -1.70   ] 

new_line: CH3#1 + H#2 <-> CH4 + #1 + #2                          [0.2613128875855001   -1.7]
line: CH3#1 + H#1 <-> CH4 + #1+ #1                           [  1.68   -1.06   ] 

new_line: CH3#1 + H#1 <-> CH4 + #1+ #1                           [0.4284630237880481   -1.06]
line: CH3#1 + OH#1 <-> CH4 + #1+ O#1                         [  0.79   -1.29   ] 

new_line: CH3#1 + OH#1 <-> CH4 + #1+ O#1                         [0.7602805944265041   -1.29]
line: CHO#1 + CO#1 <-> CH#1 + CO2#1                          [  1.14   -0.6300 ] 

new_line: CHO#1 + CO#1 <-> CH#1 + CO2#1                          [0.04191500724587176   -0.63]
line: CH2O#1 + CO#1 <-> CH2#1 + CO2#1                        [  1.930  -0.7800 ] 

new_line: CH2O#1 + CO#1 <-> CH2#1 + CO2#1                        [0.96042720350638   -0.78]
line: CH3O#1 + CO#1 <-> CH3#1 + CO2#1                        [  2.59   -0.2500 ] 

new_line: CH3O#1 + CO#1 <-> CH3#1 + CO2#1                        [0.11554982686862174   -0.25]
line: CHO#1 + CO#2 <-> CH#1 + CO2#2                          [  2.35    0.3100 ] 

new_line: CHO#1 + CO#2 <-> CH#1 + CO2#2                          [0.6935563212722047   0.31]
line: CH2O#1 + CO#2 <-> CH2#1 + CO2#2                        [  2.55    0.1700 ] 

new_line: CH2O#1 + CO#2 <-> CH2#1 + CO2#2                        [0.7099044580984425   0.17]
line: CH3O#1 + CO#2 <-> CH3#1 + CO2#2                        [  3.32    0.7000 ] 

new_line: CH3O#1 + CO#2 <-> CH3#1 + CO2#2                        [1.1570819817066833   0.7]
line: CH2#1 + CO#2 <-> CH2CO#1 + #2                          [  0.50    0.2800 ] 

new_line: CH2#1 + CO#2 <-> CH2CO#1 + #2                          [1.3616578938727946   0.28]
line: CH2#1 + CO#1 <-> CH2CO#1 + #1                          [  0.88    0.4600 ] 

new_line: CH2#1 + CO#1 <-> CH2CO#1 + #1                          [0.9938698976521068   0.46]
line: CH2#2 + CO#2 <-> CH2CO#2 +#2                           [  0.20   -0.6300 ] 

new_line: 224831
CH2#2 + CO#2 <-> CH2CO#2 +#2                           [1.0358907338788308   -0.63]
line: CH3#1 + CO#2 <-> CH3CO#1 + #2                          [  0.62    0.5000 ] 

new_line: CH3#1 + CO#2 <-> CH3CO#1 + #2                          [1.2065310184585374   0.5]
line: CH3#1 + CO#1 <-> CH3CO#1 + #1                          [  0.97    0.6700 ] 

new_line: CH3#1 + CO#1 <-> CH3CO#1 + #1                          [1.586816451543831   0.67]
line: CH3#2 + CO#2 <-> CH3CO#2 +#2                           [  0.53   -0.1000 ] 

new_line: CH3#2 + CO#2 <-> CH3CO#2 +#2                           [0.9510704802931238   -0.1]
line: CH3CO#1 + #1 <-> CH2CO#1 + H#1                         [  0.21   -0.7300 ] 

new_line: CH3CO#1 + #1 <-> CH2CO#1 + H#1                         [1.2512808292799726   -0.73]
line: CH3CO#1 + O#1 <-> CH2CO#1 + OH#1                       [  0.00   -0.4000 ] 

new_line: CH3CO#1 + O#1 <-> CH2CO#1 + OH#1                       [0.5617756891769884   -0.4]
line: CH3CO#2 + #1 <-> CH2CO#2 + H#1                         [  1.89    0.3200 ] 

new_line: CH3CO#2 + #1 <-> CH2CO#2 + H#1                         [1.751213570808931   0.32]
line: CH3CO#2 + O#1 <-> CH2CO#2 + OH#1                       [  2.31    0.5400 ] 

new_line: CH3CO#2 + O#1 <-> CH2CO#2 + OH#1                       [2.011831357710304   0.54]
line: CH2CO#1 <-> CH2CO + #1                                 [ -0.093  -0.730  ] 

new_line: CH2CO#1 <-> CH2CO + #1                                 [0.6490877637569447   -0.73]
line: CH2CO#2 <-> CH2CO + #2                                 [ -0.575  -1.180  ] 

new_line: CH2CO#2 <-> CH2CO + #2                                 [0.9314619929800364   -1.18]
line: CO#2 + O#1 <-> CO2#1 + #2                              [  0.15    0.1200 ] 

new_line: CO#2 + O#1 <-> CO2#1 + #2                              [0.7113015168039604   0.12]
line: CO#2 + OH#1 <-> COOH#2 +#1                             [  1.7800  1.4800 ] 

new_line: CO#2 + OH#1 <-> COOH#2 +#1                             [2.338354473862467   1.48]
line: COOH#2 + O#1 <-> CO2#2 + OH#1                          [  0.280  -0.2400 ] 

new_line: COOH#2 + O#1 <-> CO2#2 + OH#1                          [0.7364068505567459   -0.24]
line: COOH#2 + #1 <-> CO2#2 + H#1                            [  3.73   -0.4700 ] 

new_line: COOH#2 + #1 <-> CO2#2 + H#1                            [0.07372602482151489   -0.47]
line: H#1 + OH#1 <-> H2O#1 + #1                              [  1.89    1.8900 ] 

new_line: H#1 + OH#1 <-> H2O#1 + #1                              [2.0817146930557766   1.89]
line: OH#1 + OH#1 <-> H2O#1 + O#1                            [  1.600   1.6400 ] 

new_line: OH#1 + OH#1 <-> H2O#1 + O#1                            [2.398310223505765   1.64]
line: H#2 + OH#1 <-> H2O#1 + #2                              [  1.96    1.2300 ] 

new_line: H#2 + OH#1 <-> H2O#1 + #2                              [2.6107521427780322   1.23]
line: CO2#1 <-> CO2 + #1                                     [  0.329  -0.3100 ] 

new_line: CO2#1 <-> CO2 + #1                                     [0.7404786985295833   -0.31]
line: CO2#2 <-> CO2 + #2                                     [ -0.824  -1.4300 ] 

new_line: CO2#2 <-> CO2 + #2                                     [0.2923359245901071   -1.43]
line: H2O#1 <-> H2O + #1                                     [ -0.227  -0.8400 ] 

new_line: H2O#1 <-> H2O + #1                                     [0.20801228013021453   -0.84]
wait
C
R
C
R
C
R
C
R
C
R
C
R
R
R
R
R
Run log in the file : /home/hxyang/my_Code/matlab_NN/test_sasian/test_new/test_67/1.5/result_1/log30
last_line: Run log in the file : /home/hxyang/my_Code/matlab_NN/test_sasian/test_new/test_67/1.5/result_1/log30 log_n 30
line: CO + #1 <-> CO#1                                       [  0.626   0.7300 ] 

new_line: CO + #1 <-> CO#1                                       [1.073296009971795   0.73]
line: CO + #2 <-> CO#2                                       [  0.593   0.9100 ] 

new_line: CO + #2 <-> CO#2                                       [1.2349957875077064   0.91]
line: H2 + #1 <-> H2#1                                       [  0.549   0.9500 ] 

new_line: H2 + #1 <-> H2#1                                       [2.1130706428260346   0.95]
line: H2#1 + #2 <-> H#1 + H#2                                [  0.430  -0.7100 ] 

new_line: H2#1 + #2 <-> H#1 + H#2                                [1.4397965024339774   -0.71]
line: H#2 + #1 <-> H#1 + #2                                  [     0   -0.6400 ] 

new_line: H#2 + #1 <-> H#1 + #2                                  [0.41199614757013403   -0.64]
line: CO#1 + H#1 <-> CHO#1 + #1                              [  0.620   0.5900 ] 

new_line: CO#1 + H#1 <-> CHO#1 + #1                              [0.870460386427333   0.59]
line: CO#1 + H#1 <-> COH#1 + #1                              [  2.220   1.9400 ] 

new_line: CO#1 + H#1 <-> COH#1 + #1                              [2.578391922357665   1.94]
line: CHO#1 + H#1 <-> CH2O#1 + #1                            [  0.290  -0.3200 ] 

new_line: CHO#1 + H#1 <-> CH2O#1 + #1                            [1.4639559303641434   -0.32]
line: CHO#1 + H#1 <-> CHOH#1 + #1                            [  1.42    0.4200 ] 

new_line: CHO#1 + H#1 <-> CHOH#1 + #1                            [0.7805109385440024   0.42]
line: CH2O#1 + H#1 <-> CH3O#1 + #1                           [  0.850  -0.0100 ] 

new_line: CH2O#1 + H#1 <-> CH3O#1 + #1                           [0.9560179132912605   -0.01]
line: CH2O#1 + H#1 <-> CH2OH#1 + #1                          [  2.71    1.5800 ] 

new_line: CH2O#1 + H#1 <-> CH2OH#1 + #1                          [2.835355449891839   1.58]
line: COH#1 + H#1 <-> CHOH#1 + #1                            [  0.55   -0.9400 ] 

new_line: COH#1 + H#1 <-> CHOH#1 + #1                            [0.37880551898672765   -0.94]
line: CHOH#1 + H#1 <-> CH2OH#1 + #1                          [  1.66    0.8400 ] 

new_line: CHOH#1 + H#1 <-> CH2OH#1 + #1                          [1.8697126437019387   0.84]
line: CH2OH#1 + H#1 <-> CH3OH#1 + #1                         [  1.04    0.3100 ] 

new_line: CH2OH#1 + H#1 <-> CH3OH#1 + #1                         [0.4700590221647495   0.31]
line: CH3O#1 + H#1 <-> CH3OH#1 + #1                          [  1.91    1.9100 ] 

new_line: CH3O#1 + H#1 <-> CH3OH#1 + #1                          [3.3516245695188305   1.91]
line: CH2O#1 <-> CH2O + #1                                   [  0.848   0.2200 ] 

new_line: CH2O#1 <-> CH2O + #1                                   [1.2568616852814272   0.22]
line: CH3OH#1 <-> CH3OH + #1                                 [ -0.79   -1.4200 ] 

new_line: CH3OH#1 <-> CH3OH + #1                                 [1.0230561945119185   -1.42]
line: CHO#1 + #1 <-> CH#1 + O#1                              [  0.22   -0.9300 ] 

new_line: CHO#1 + #1 <-> CH#1 + O#1                              [0.12037387029311494   -0.93]
line: CH2O#1 + #1 <-> CH2#1 + O#1                            [  1.08   -1.070  ] 

new_line: CH2O#1 + #1 <-> CH2#1 + O#1                            [0.1300160447168041   -1.07]
line: CH2O#1 + #2 <-> CH2#2 + O#1                            [  2.68    0.2900 ] 

new_line: CH2O#1 + #2 <-> CH2#2 + O#1                            [0.8060894161913787   0.29]
line: CHOH#1 + #1 <-> CH#1 + OH#1                            [  0.36   -1.1200 ] 

new_line: CHOH#1 + #1 <-> CH#1 + OH#1                            [0.6218278975257452   -1.12]
line: CH2OH#1 + #1 <-> CH2#1 + OH#1                          [  1.22   -2.4200 ] 

new_line: CH2OH#1 + #1 <-> CH2#1 + OH#1                          [1.3487504229177174   -2.42]
line: CH2OH#1 + #2 <-> CH2#2 + OH#1                          [  0.30   -1.0600 ] 

new_line: CH2OH#1 + #2 <-> CH2#2 + OH#1                          [0.23606226398905944   -1.06]
line: CH3O#1 + #1 <-> CH3#1 + O#1                            [  1.83   -0.5400 ] 

new_line: CH3O#1 + #1 <-> CH3#1 + O#1                            [0.7740637159698411   -0.54]
line: CH3O#1 + #2 <-> CH3#2 + O#1                            [  1.77   -0.5300 ] 

new_line: CH3O#1 + #2 <-> CH3#2 + O#1                            [0.4819185829422444   -0.53]
line: CH3OH#1 + #1 <-> CH3#1 + OH#1                          [  0.53   -2.2200 ] 

224832
new_line: CH3OH#1 + #1 <-> CH3#1 + OH#1                          [0.759704270340434   -2.22]
line: CH3OH#1 + #2 <-> CH3#2 + OH#1                          [  0.74   -2.2100 ] 

new_line: CH3OH#1 + #2 <-> CH3#2 + OH#1                          [0.889909347502796   -2.21]
line: CH#1 + H#1 <-> CH2#1 + #1                              [  0.94   -0.460  ] 

new_line: CH#1 + H#1 <-> CH2#1 + #1                              [1.0747729671216448   -0.46]
line: CH#1 + OH#1 <-> CH2#1 + O#1                            [  0.53   -0.6900 ] 

new_line: CH#1 + OH#1 <-> CH2#1 + O#1                            [0.38624398092424095   -0.69]
line: CH2#1 + H#1 <-> CH3#1 + #1                             [  1.57    0.51   ] 

new_line: CH2#1 + H#1 <-> CH3#1 + #1                             [1.4951300270175203   0.51]
line: CH2#2 + H#1 <-> CH3#2 + #1                             [  0.55   -0.84   ] 

new_line: CH2#2 + H#1 <-> CH3#2 + #1                             [1.2631506733834683   -0.84]
line: CH2#2 + OH#1 <->CH3#2 + O#1                            [  0.74   -1.07   ] 

new_line: CH2#2 + OH#1 <->CH3#2 + O#1                            [0.022517501863057593   -1.07]
line: CH2#1 + OH#1 <->CH3#1 + O#1                            [  0.87    0.28   ] 

new_line: CH2#1 + OH#1 <->CH3#1 + O#1                            [0.44722590167880283   0.28]
line: CH3#2 + H#2 <-> CH4 + #2 + #2                          [  1.15   -1.710  ] 

new_line: CH3#2 + H#2 <-> CH4 + #2 + #2                          [0.007686268048376467   -1.71]
line: CH3#2 + OH#1 <-> CH4 + #2 + O#1                        [  0.75   -1.30   ] 

new_line: CH3#2 + OH#1 <-> CH4 + #2 + O#1                        [0.7171647219138602   -1.3]
line: CH3#2 + H#1 <-> CH4 + #1 + #2                          [  1.27   -1.07   ] 

new_line: CH3#2 + H#1 <-> CH4 + #1 + #2                          [0.7423591837834179   -1.07]
line: CH3#1 + H#2 <-> CH4 + #1 + #2                          [  1.11   -1.70   ] 

new_line: CH3#1 + H#2 <-> CH4 + #1 + #2                          [0.052785161544510836   -1.7]
line: CH3#1 + H#1 <-> CH4 + #1+ #1                           [  1.68   -1.06   ] 

new_line: CH3#1 + H#1 <-> CH4 + #1+ #1                           [1.1535390466396496   -1.06]
line: CH3#1 + OH#1 <-> CH4 + #1+ O#1                         [  0.79   -1.29   ] 

new_line: CH3#1 + OH#1 <-> CH4 + #1+ O#1                         [0.9267516311239563   -1.29]
line: CHO#1 + CO#1 <-> CH#1 + CO2#1                          [  1.14   -0.6300 ] 

new_line: CHO#1 + CO#1 <-> CH#1 + CO2#1                          [1.3864741322622582   -0.63]
line: CH2O#1 + CO#1 <-> CH2#1 + CO2#1                        [  1.930  -0.7800 ] 

new_line: CH2O#1 + CO#1 <-> CH2#1 + CO2#1                        [0.5046421852548435   -0.78]
line: CH3O#1 + CO#1 <-> CH3#1 + CO2#1                        [  2.59   -0.2500 ] 

new_line: CH3O#1 + CO#1 <-> CH3#1 + CO2#1                        [0.6156995633031084   -0.25]
line: CHO#1 + CO#2 <-> CH#1 + CO2#2                          [  2.35    0.3100 ] 

new_line: CHO#1 + CO#2 <-> CH#1 + CO2#2                          [1.0491681338844425   0.31]
line: CH2O#1 + CO#2 <-> CH2#1 + CO2#2                        [  2.55    0.1700 ] 

new_line: CH2O#1 + CO#2 <-> CH2#1 + CO2#2                        [0.7244089550775908   0.17]
line: CH3O#1 + CO#2 <-> CH3#1 + CO2#2                        [  3.32    0.7000 ] 

new_line: CH3O#1 + CO#2 <-> CH3#1 + CO2#2                        [1.9412839189691848   0.7]
line: CH2#1 + CO#2 <-> CH2CO#1 + #2                          [  0.50    0.2800 ] 

new_line: CH2#1 + CO#2 <-> CH2CO#1 + #2                          [1.6901828394320333   0.28]
line: CH2#1 + CO#1 <-> CH2CO#1 + #1                          [  0.88    0.4600 ] 

new_line: CH2#1 + CO#1 <-> CH2CO#1 + #1                          [1.3567893188606264   0.46]
line: CH2#2 + CO#2 <-> CH2CO#2 +#2                           [  0.20   -0.6300 ] 

new_line: CH2#2 + CO#2 <-> CH2CO#2 +#2                           [0.6486965056670524   -0.63]
line: CH3#1 + CO#2 <-> CH3CO#1 + #2                          [  0.62    0.5000 ] 

new_line: CH3#1 + CO#2 <-> CH3CO#1 + #2                          [1.911175803787101   0.5]
line: CH3#1 + CO#1 <-> CH3CO#1 + #1                          [  0.97    0.6700 ] 

new_line: CH3#1 + CO#1 <-> CH3CO#1 + #1                          [1.4557321115960096   0.67]
line: CH3#2 + CO#2 <-> CH3CO#2 +#2                           [  0.53   -0.1000 ] 

new_line: CH3#2 + CO#2 <-> CH3CO#2 +#2                           [0.6036670017275654   -0.1]
line: CH3CO#1 + #1 <-> CH2CO#1 + H#1                         [  0.21   -0.7300 ] 

new_line: CH3CO#1 + #1 <-> CH2CO#1 + H#1                         [0.6044288312177764   -0.73]
line: CH3CO#1 + O#1 <-> CH2CO#1 + OH#1                       [  0.00   -0.4000 ] 

new_line: CH3CO#1 + O#1 <-> CH2CO#1 + OH#1                       [0.495997218690835   -0.4]
line: CH3CO#2 + #1 <-> CH2CO#2 + H#1                         [  1.89    0.3200 ] 

new_line: CH3CO#2 + #1 <-> CH2CO#2 + H#1                         [1.2960426577398898   0.32]
line: CH3CO#2 + O#1 <-> CH2CO#2 + OH#1                       [  2.31    0.5400 ] 

new_line: CH3CO#2 + O#1 <-> CH2CO#2 + OH#1                       [0.6674140858939146   0.54]
line: CH2CO#1 <-> CH2CO + #1                                 [ -0.093  -0.730  ] 

new_line: CH2CO#1 <-> CH2CO + #1                                 [1.3090890308727334   -0.73]
line: CH2CO#2 <-> CH2CO + #2                                 [ -0.575  -1.180  ] 

new_line: CH2CO#2 <-> CH2CO + #2                                 [0.7161475273735355   -1.18]
line: CO#2 + O#1 <-> CO2#1 + #2                              [  0.15    0.1200 ] 

new_line: CO#2 + O#1 <-> CO2#1 + #2                              [1.5610914307375827   0.12]
line: CO#2 + OH#1 <-> COOH#2 +#1                             [  1.7800  1.4800 ] 

new_line: CO#2 + OH#1 <-> COOH#2 +#1                             [2.6479873922203527   1.48]
line: COOH#2 + O#1 <-> CO2#2 + OH#1                          [  0.280  -0.2400 ] 

new_line: COOH#2 + O#1 <-> CO2#2 + OH#1                          [0.8714418114815661   -0.24]
line: COOH#2 + #1 <-> CO2#2 + H#1                            [  3.73   -0.4700 ] 

new_line: COOH#2 + #1 <-> CO2#2 + H#1                            [1.3188519808653245   -0.47]
line: H#1 + OH#1 <-> H2O#1 + #1                              [  1.89    1.8900 ] 

new_line: H#1 + OH#1 <-> H2O#1 + #1                              [2.172876733454485   1.89]
line: OH#1 + OH#1 <-> H2O#1 + O#1                            [  1.600   1.6400 ] 

new_line: OH#1 + OH#1 <-> H2O#1 + O#1                            [1.9867310096973674   1.64]
line: H#2 + OH#1 <-> H2O#1 + #2                              [  1.96    1.2300 ] 

new_line: H#2 + OH#1 <-> H2O#1 + #2                              [2.1146947117775996   1.23]
line: CO2#1 <-> CO2 + #1                                     [  0.329  -0.3100 ] 

new_line: CO2#1 <-> CO2 + #1                                     [0.14026126272204273   -0.31]
line: CO2#2 <-> CO2 + #2                                     [ -0.824  -1.4300 ] 

new_line: CO2#2 <-> CO2 + #2                                     [1.3976886059373936   -1.43]
line: H2O#1 <-> H2O + #1                                     [ -0.227  -0.8400 ] 

new_line: H2O#1 <-> H2O + #1                                     [0.02222986911313987   -0.84]
wait
C
R
C
R
C
R
C
R
C
R
C
R
R
R
R
R
Run log in the file : /home/hxyang/my_Code/matlab_NN/test_sasian/test_new/test_67/1.5/result_1/log31
last_line: Run log in the file : /home/hxyang/my_Code/matlab_NN/test_sasian/test_new/test_67/1.5/result_1/log31 log_n 31
line: CO + #1 <-> CO#1                                       [  0.626   0.7300 ] 

new_line: CO + #1 <-> CO#1                                       [1.2058938740045178   0.73]
line: CO + #2 <-> CO#2                                       [  0.593   0.9100 ] 

new_line: CO + #2 <-> CO#2                                       [2.392548047297824   0.91]
line: H2 + #1 <-> H2#1                                       [  0.549   0.9500 ] 

new_line: H2 + #1 <-> H2#1                                       [1.7498820182500596   0.95]
line: H2#1 + #2 <-> H#1 + H#2                                [  0.430  -0.7100 ] 

new_line: H2#1 + #2 <-> H#1 + H#2                                [0.6173645152491307   -0.71]
line: H#2 + #1 <-> H#1 + #2                                  [     0   -0.6400 ] 

new_line: H#2 + #1 <-> H#1 + #2                                  [1.1781639781108093   -0.64]
line: CO#1 + H#1 <-> CHO#1 + #1                              [  0.620   0.5900 ] 

new_line: CO#1 + H#1 <-> CHO#1 + #1                              [1.2461504870928188   0.59]
line: CO#1 + H#1 <-> COH#1 + #1                              [  2.220   1.9400 ] 

new_line: CO#1 + H#1 <-> COH#1 + #1                              [3.0525514455446707   1.94]
line: CHO#1 + H#1 <-> CH2O#1 + #1                            [  0.290  -0.3200 ] 

new_line: CHO#1 + H#1 <-> CH2O#1 + #1                            [0.6136180175117385   -0.32]
line: CHO#1 + H#1 <-> CHOH#1 + #1                            [  1.42    0.4200 ] 

new_line: CHO#1 + H#1 <-> CHOH#1 + #1                            [1.1435792643302336   0.42]
line: CH2O#1 + H#1 <-> CH3O#1 + #1                           [  0.850  -0.0100 ] 

new_line: CH2O#1 + H#1 <-> CH3O#1 + #1                           [1.2062333098984284   -0.01]
line: CH2O#1 + H#1 <-> CH2OH#1 + #1                          [  2.71    1.5800 ] 

new_line: CH2O#1 + H#1 <-> CH2OH#1 + #1                          [2.0625666782257683   1.58]
line: COH#1 + H#1 <-> CHOH#1 + #1                            [  0.55   -0.9400 ] 

new_line: COH#1 + H#1 <-> CHOH#1 + #1                            [0.19227747494264155   -0.94]
line: CHOH#1 + H#1 <-> CH2OH#1 + #1                          [  1.66    0.8400 ] 

new_line: CHOH#1 + H#1 <-> CH2OH#1 + #1                          [1.6658840083127258   0.84]
line: CH2OH#1 + H#1 <-> CH3OH#1 + #1                         [  1.04    0.3100 ] 

new_line: CH2OH#1 + H#1 <-> CH3OH#1 + #1                         [0.43625755601426075   0.31]
line: CH3O#1 + H#1 <-> CH3OH#1 + #1                          [  1.91    1.9100 ] 

new_line: CH3O#1 + H#1 <-> CH3OH#1 + #1                          [2.3250490560713066   1.91]
line: CH2O#1 <-> CH2O + #1                                   [  0.848   0.2200 ] 

new_line: CH2O#1 <-> CH2O + #1                                   [1.7167468887405288   0.22]
line: CH3OH#1 <-> CH3OH + #1                                 [ -0.79   -1.4200 ] 

new_line: CH3OH#1 <-> CH3OH + #1                                 [0.5195472211650445   -1.42]
line: CHO#1 + #1 <-> CH#1 + O#1                              [  0.22   -0.9300 ] 

new_line: CHO#1 + #1 <-> CH#1 + O#1                              [0.699981425386707   -0.93]
line: CH2O#1 + #1 <-> CH2#1 + O#1                            [  1.08   -1.070  ] 

new_line: CH2O#1 + #1 <-> CH2#1 + O#1                            [0.05241487243039871   -1.07]
line: CH2O#1 + #2 <-> CH2#2 + O#1                            [  2.68    0.2900 ] 

new_line: CH2O#1 + #2 <-> CH2#2 + O#1                            [0.3124153998588742   0.29]
line: CHOH#1 + #1 <-> CH#1 + OH#1                            [  0.36   -1.1200 ] 

new_line: CHOH#1 + #1 <-> CH#1 + OH#1                            [0.6079078544681054   -1.12]
line: CH2OH#1 + #1 <-> CH2#1 + OH#1                          [  1.22   -2.4200 ] 

new_line: CH2OH#1 + #1 <-> CH2#1 + OH#1                          [0.8549200645464314   -2.42]
line: CH2OH#1 + #2 <-> CH2#2 + OH#1                          [  0.30   -1.0600 ] 

new_line: CH2OH#1 + #2 <-> CH2#2 + OH#1                          [0.011215783670097526   -1.06]
line: CH3O#1 + #1 <-> CH3#1 + O#1                            [  1.83   -0.5400 ] 

new_line: CH3O#1 + #1 <-> CH3#1 + O#1                            [1.0331210652511438   -0.54]
line: CH3O#1 + #2 <-> CH3#2 + O#1                            [  1.77   -0.5300 ] 

new_line: CH3O#1 + #2 <-> CH3#2 + O#1                            [0.3963644367824144   -0.53]
line: CH3OH#1 + #1 <-> CH3#1 + OH#1                          [  0.53   -2.2200 ] 

new_line: CH3OH#1 + #1 <-> CH3#1 + OH#1                          [0.06272580639507525   -2.22]
line: CH3OH#1 + #2 <-> CH3#2 + OH#1                          [  0.74   -2.2100 ] 

new_line: CH3OH#1 + #2 <-> CH3#2 + OH#1                          [1.4666686312340893   -2.21]
line: CH#1 + H#1 <-> CH2#1 + #1                              [  0.94   -0.460  ] 

new_line: CH#1 + H#1 <-> CH2#1 + #1                              [0.6529937095318923   -0.46]
line: CH#1 + OH#1 <-> CH2#1 + O#1                            [  0.53   -0.6900 ] 

new_line: CH#1 + OH#1 <-> CH2#1 + O#1                            [0.4159277998698691   -0.69]
line: CH2#1 + H#1 <-> CH3#1 + #1                             [  1.57    0.51   ] 

new_line: CH2#1 + H#1 <-> CH3#1 + #1                             [0.9779581745687689   0.51]
line: CH2#2 + H#1 <-> CH3#2 + #1                             [  0.55   -0.84   ] 

new_line: CH2#2 + H#1 <-> CH3#2 + #1                             [0.8533647339089505   -0.84]
line: CH2#2 + OH#1 <->CH3#2 + O#1                            [  0.74   -1.07   ] 

new_line: CH2#2 + OH#1 <->CH3#2 + O#1                            [0.46938250827628814   -1.07]
line: CH2#1 + OH#1 <->CH3#1 + O#1                            [  0.87    0.28   ] 

new_line: CH2#1 + OH#1 <->CH3#1 + O#1                            [0.7030052189686725   0.28]
line: CH3#2 + H#2 <-> CH4 + #2 + #2                          [  1.15   -1.710  ] 

new_line: CH3#2 + H#2 <-> CH4 + #2 + #2                          [1.1181469532207908   -1.71]
line: CH3#2 + OH#1 <-> CH4 + #2 + O#1                        [  0.75   -1.30   ] 

new_line: CH3#2 + OH#1 <-> CH4 + #2 + O#1                        [0.1095570739918772   -1.3]
line: CH3#2 + H#1 <-> CH4 + #1 + #2                          [  1.27   -1.07   ] 

new_line: CH3#2 + H#1 <-> CH4 + #1 + #2                          [1.333276031902997   -1.07]
line: CH3#1 + H#2 <-> CH4 + #1 + #2                          [  1.11   -1.70   ] 

new_line: CH3#1 + H#2 <-> CH4 + #1 + #2                          [0.41758192965069507   -1.7]
line: CH3#1 + H#1 <-> CH4 + #1+ #1                           [  1.68   -1.06   ] 

new_line: CH3#1 + H#1 <-> CH4 + #1+ #1                           [1.26369935884555   -1.06]
line: CH3#1 + OH#1 <-> CH4 + #1+ O#1                         [  0.79   -1.29   ] 

new_line: CH3#1 + OH#1 <-> CH4 + #1+ O#1                         [0.04514256318756618   -1.29]
line: CHO#1 + CO#1 <-> CH#1 + CO2#1                          [  1.14   -0.6300 ] 

new_line: CHO#1 + CO#1 <-> CH#1 + CO2#1                          [1.283878607590353   -0.63]
line: CH2O#1 + CO#1 <-> CH2#1 + CO2#1                        [  1.930  -0.7800 ] 

new_line: CH2O#1 + CO#1 <-> CH2#1 + CO2#1                        [0.4345770437238883   -0.78]
line: CH3O#1 + CO#1 <-> CH3#1 + CO2#1                        [  2.59   -0.2500 ] 

new_line: CH3O#1 + CO#1 <-> CH3#1 + CO2#1                        [0.889517043787893   -0.25]
line: CHO#1 + CO#2 <-> CH#1 + CO2#2                          [  2.35    0.3100 ] 

new_line: CHO#1 + CO#2 <-> CH#1 + CO2#2                          [0.7576395225347241   0.31]
line: CH2O#1 + CO#2 <-> CH2#1 + CO2#2                        [  2.55    0.1700 ] 

new_line: CH2O#1 + CO#2 <-> CH2#1 + CO2#2                        [1.3241283239091253   0.17]
line: CH3O#1 + CO#2 <-> CH3#1 + CO2#2                        [  3.32    0.7000 ] 

new_line: CH3O#1 + CO#2 <-> CH3#1 + CO2#2                        [1.9918447913759083   0.7]
line: CH2#1 + CO#2 <-> CH2CO#1 + #2                          [  0.50    0.2800 ] 

new_line: CH2#1 + CO#2 <-> CH2CO#1 + #2                          [1.2589055596445822   0.28]
line: CH2#1 + CO#1 <-> CH2CO#1 + #1                          [  0.88    0.4600 ] 

new_line: CH2#1 + CO#1 <-> CH2CO#1 + #1                          [1.5238823474742171   0.46]
line: CH2#2 + CO#2 <-> CH2CO#2 +#2                           [  0.20   -0.6300 ] 

new_line: CH2#2 + CO#2 <-> CH2CO#2 +#2                           [0.6195935228703029   -0.63]
line: CH3#1 + CO#2 <-> CH3CO#1 + #2                          [  0.62    0.5000 ] 

new_line: CH3#1 + CO#2 <-> CH3CO#1 + #2                          [1.5159982372453653   0.5]
line: 224839
CH3#1 + CO#1 <-> CH3CO#1 + #1                          [  0.97    0.6700 ] 

new_line: CH3#1 + CO#1 <-> CH3CO#1 + #1                          [0.8885981994899725   0.67]
line: CH3#2 + CO#2 <-> CH3CO#2 +#2                           [  0.53   -0.1000 ] 

new_line: CH3#2 + CO#2 <-> CH3CO#2 +#2                           [0.13986202096729672   -0.1]
line: CH3CO#1 + #1 <-> CH2CO#1 + H#1                         [  0.21   -0.7300 ] 

new_line: CH3CO#1 + #1 <-> CH2CO#1 + H#1                         [0.4978140829934947   -0.73]
line: CH3CO#1 + O#1 <-> CH2CO#1 + OH#1                       [  0.00   -0.4000 ] 

new_line: CH3CO#1 + O#1 <-> CH2CO#1 + OH#1                       [0.19242105515517643   -0.4]
line: CH3CO#2 + #1 <-> CH2CO#2 + H#1                         [  1.89    0.3200 ] 

new_line: CH3CO#2 + #1 <-> CH2CO#2 + H#1                         [0.833280717187356   0.32]
line: CH3CO#2 + O#1 <-> CH2CO#2 + OH#1                       [  2.31    0.5400 ] 

new_line: CH3CO#2 + O#1 <-> CH2CO#2 + OH#1                       [0.6890932919995099   0.54]
line: CH2CO#1 <-> CH2CO + #1                                 [ -0.093  -0.730  ] 

new_line: CH2CO#1 <-> CH2CO + #1                                 [1.4485842782470284   -0.73]
line: CH2CO#2 <-> CH2CO + #2                                 [ -0.575  -1.180  ] 

new_line: CH2CO#2 <-> CH2CO + #2                                 [0.16919096629444136   -1.18]
line: CO#2 + O#1 <-> CO2#1 + #2                              [  0.15    0.1200 ] 

new_line: CO#2 + O#1 <-> CO2#1 + #2                              [1.2681395701096827   0.12]
line: CO#2 + OH#1 <-> COOH#2 +#1                             [  1.7800  1.4800 ] 

new_line: CO#2 + OH#1 <-> COOH#2 +#1                             [2.306248401538708   1.48]
line: COOH#2 + O#1 <-> CO2#2 + OH#1                          [  0.280  -0.2400 ] 

new_line: COOH#2 + O#1 <-> CO2#2 + OH#1                          [0.5310026503507908   -0.24]
line: COOH#2 + #1 <-> CO2#2 + H#1                            [  3.73   -0.4700 ] 

new_line: COOH#2 + #1 <-> CO2#2 + H#1                            [0.9429651035734545   -0.47]
line: H#1 + OH#1 <-> H2O#1 + #1                              [  1.89    1.8900 ] 

new_line: H#1 + OH#1 <-> H2O#1 + #1                              [3.2788975472778388   1.89]
line: OH#1 + OH#1 <-> H2O#1 + O#1                            [  1.600   1.6400 ] 

new_line: OH#1 + OH#1 <-> H2O#1 + O#1                            [3.009708919499003   1.64]
line: H#2 + OH#1 <-> H2O#1 + #2                              [  1.96    1.2300 ] 

new_line: H#2 + OH#1 <-> H2O#1 + #2                              [1.9304730267962746   1.23]
line: CO2#1 <-> CO2 + #1                                     [  0.329  -0.3100 ] 

new_line: CO2#1 <-> CO2 + #1                                     [0.7769815391878208   -0.31]
line: CO2#2 <-> CO2 + #2                                     [ -0.824  -1.4300 ] 

new_line: CO2#2 <-> CO2 + #2                                     [1.132674370028301   -1.43]
line: H2O#1 <-> H2O + #1                                     [ -0.227  -0.8400 ] 

new_line: H2O#1 <-> H2O + #1                                     [1.2299757010737875   -0.84]
wait
C
R
C
R
C
R
C
R
C
R
C
R
R
R
R
R
Run log in the file : /home/hxyang/my_Code/matlab_NN/test_sasian/test_new/test_67/1.5/result_1/log32
last_line: Run log in the file : /home/hxyang/my_Code/matlab_NN/test_sasian/test_new/test_67/1.5/result_1/log32 log_n 32
line: CO + #1 <-> CO#1                                       [  0.626   0.7300 ] 

new_line: CO + #1 <-> CO#1                                       [0.7643183179988244   0.73]
line: CO + #2 <-> CO#2                                       [  0.593   0.9100 ] 

new_line: CO + #2 <-> CO#2                                       [0.9260870160252063   0.91]
line: H2 + #1 <-> H2#1                                       [  0.549   0.9500 ] 

new_line: H2 + #1 <-> H2#1                                       [1.3043372367291557   0.95]
line: H2#1 + #2 <-> H#1 + H#2                                [  0.430  -0.7100 ] 

new_line: H2#1 + #2 <-> H#1 + H#2                                [0.7652736772918928   -0.71]
line: H#2 + #1 <-> H#1 + #2                                  [     0   -0.6400 ] 

new_line: H#2 + #1 <-> H#1 + #2                                  [0.2749374417956405   -0.64]
line: CO#1 + H#1 <-> CHO#1 + #1                              [  0.620   0.5900 ] 

new_line: CO#1 + H#1 <-> CHO#1 + #1                              [2.0058485192621536   0.59]
line: CO#1 + H#1 <-> COH#1 + #1                              [  2.220   1.9400 ] 

new_line: CO#1 + H#1 <-> COH#1 + #1                              [3.1999737531884036   1.94]
line: CHO#1 + H#1 <-> CH2O#1 + #1                            [  0.290  -0.3200 ] 

new_line: CHO#1 + H#1 <-> CH2O#1 + #1                            [1.209716829709984   -0.32]
line: CHO#1 + H#1 <-> CHOH#1 + #1                            [  1.42    0.4200 ] 

new_line: CHO#1 + H#1 <-> CHOH#1 + #1                            [1.596400846094107   0.42]
line: CH2O#1 + H#1 <-> CH3O#1 + #1                           [  0.850  -0.0100 ] 

new_line: CH2O#1 + H#1 <-> CH3O#1 + #1                           [1.1593228244158553   -0.01]
line: CH2O#1 + H#1 <-> CH2OH#1 + #1                          [  2.71    1.5800 ] 

new_line: CH2O#1 + H#1 <-> CH2OH#1 + #1                          [1.9048017115424911   1.58]
line: COH#1 + H#1 <-> CHOH#1 + #1                            [  0.55   -0.9400 ] 

new_line: COH#1 + H#1 <-> CHOH#1 + #1                            [1.394999369774803   -0.94]
line: CHOH#1 + H#1 <-> CH2OH#1 + #1                          [  1.66    0.8400 ] 

new_line: CHOH#1 + H#1 <-> CH2OH#1 + #1                          [1.7799322758976182   0.84]
line: CH2OH#1 + H#1 <-> CH3OH#1 + #1                         [  1.04    0.3100 ] 

new_line: CH2OH#1 + H#1 <-> CH3OH#1 + #1                         [0.7032441669108241   0.31]
line: CH3O#1 + H#1 <-> CH3OH#1 + #1                          [  1.91    1.9100 ] 

new_line: CH3O#1 + H#1 <-> CH3OH#1 + #1                          [2.9188430284969344   1.91]
line: CH2O#1 <-> CH2O + #1                                   [  0.848   0.2200 ] 

new_line: CH2O#1 <-> CH2O + #1                                   [1.0045309160804003   0.22]
line: CH3OH#1 <-> CH3OH + #1                                 [ -0.79   -1.4200 ] 

new_line: CH3OH#1 <-> CH3OH + #1                                 [1.417750342235451   -1.42]
line: CHO#1 + #1 <-> CH#1 + O#1                              [  0.22   -0.9300 ] 

new_line: CHO#1 + #1 <-> CH#1 + O#1                              [0.6862284977282245   -0.93]
line: CH2O#1 + #1 <-> CH2#1 + O#1                            [  1.08   -1.070  ] 

new_line: CH2O#1 + #1 <-> CH2#1 + O#1                            [0.8512612695472028   -1.07]
line: CH2O#1 + #2 <-> CH2#2 + O#1                            [  2.68    0.2900 ] 

new_line: CH2O#1 + #2 <-> CH2#2 + O#1                            [1.6134442269223568   0.29]
line: CHOH#1 + #1 <-> CH#1 + OH#1                            [  0.36   -1.1200 ] 

new_line: CHOH#1 + #1 <-> CH#1 + OH#1                            [0.6602640128607076   -1.12]
line: CH2OH#1 + #1 <-> CH2#1 + OH#1                          [  1.22   -2.4200 ] 

new_line: CH2OH#1 + #1 <-> CH2#1 + OH#1                          [0.31966724885723863   -2.42]
line: CH2OH#1 + #2 <-> CH2#2 + OH#1                          [  0.30   -1.0600 ] 

new_line: CH2OH#1 + #2 <-> CH2#2 + OH#1                          [0.9839059145891377   -1.06]
line: CH3O#1 + #1 <-> CH3#1 + O#1                            [  1.83   -0.5400 ] 

new_line: CH3O#1 + #1 <-> CH3#1 + O#1                            [0.9611485057440091   -0.54]
line: CH3O#1 + #2 <-> CH3#2 + O#1                            [  1.77   -0.5300 ] 

new_line: CH3O#1 + #2 <-> CH3#2 + O#1                            [0.0643699813112048   -0.53]
line: CH3OH#1 + #1 <-> CH3#1 + OH#1                          [  0.53   -2.2200 ] 

new_line: CH3OH#1 + #1 <-> CH3#1 + OH#1                          [0.02430667780088586   -2.22]
line: CH3OH#1 + #2 <-> CH3#2 + OH#1                          [  0.74   -2.2100 ] 

new_line: CH3OH#1 + #2 <-> CH3#2 + OH#1                          [1.4436217889818461   -2.21]224840

line: CH#1 + H#1 <-> CH2#1 + #1                              [  0.94   -0.460  ] 

new_line: CH#1 + H#1 <-> CH2#1 + #1                              [1.200557636153794   -0.46]
line: CH#1 + OH#1 <-> CH2#1 + O#1                            [  0.53   -0.6900 ] 

new_line: CH#1 + OH#1 <-> CH2#1 + O#1                            [0.7761724525090872   -0.69]
line: CH2#1 + H#1 <-> CH3#1 + #1                             [  1.57    0.51   ] 

new_line: CH2#1 + H#1 <-> CH3#1 + #1                             [1.6596503918607317   0.51]
line: CH2#2 + H#1 <-> CH3#2 + #1                             [  0.55   -0.84   ] 

new_line: CH2#2 + H#1 <-> CH3#2 + #1                             [0.33877296200021045   -0.84]
line: CH2#2 + OH#1 <->CH3#2 + O#1                            [  0.74   -1.07   ] 

new_line: CH2#2 + OH#1 <->CH3#2 + O#1                            [1.3887924318062062   -1.07]
line: CH2#1 + OH#1 <->CH3#1 + O#1                            [  0.87    0.28   ] 

new_line: CH2#1 + OH#1 <->CH3#1 + O#1                            [0.7860314891067979   0.28]
line: CH3#2 + H#2 <-> CH4 + #2 + #2                          [  1.15   -1.710  ] 

new_line: CH3#2 + H#2 <-> CH4 + #2 + #2                          [0.25927863040395727   -1.71]
line: CH3#2 + OH#1 <-> CH4 + #2 + O#1                        [  0.75   -1.30   ] 

new_line: CH3#2 + OH#1 <-> CH4 + #2 + O#1                        [0.13936990407518052   -1.3]
line: CH3#2 + H#1 <-> CH4 + #1 + #2                          [  1.27   -1.07   ] 

new_line: CH3#2 + H#1 <-> CH4 + #1 + #2                          [0.7290771546561272   -1.07]
line: CH3#1 + H#2 <-> CH4 + #1 + #2                          [  1.11   -1.70   ] 

new_line: CH3#1 + H#2 <-> CH4 + #1 + #2                          [0.6584798723002967   -1.7]
line: CH3#1 + H#1 <-> CH4 + #1+ #1                           [  1.68   -1.06   ] 

new_line: CH3#1 + H#1 <-> CH4 + #1+ #1                           [0.8125281578186576   -1.06]
line: CH3#1 + OH#1 <-> CH4 + #1+ O#1                         [  0.79   -1.29   ] 

new_line: CH3#1 + OH#1 <-> CH4 + #1+ O#1                         [1.2546425945766406   -1.29]
line: CHO#1 + CO#1 <-> CH#1 + CO2#1                          [  1.14   -0.6300 ] 

new_line: CHO#1 + CO#1 <-> CH#1 + CO2#1                          [1.4558029253656646   -0.63]
line: CH2O#1 + CO#1 <-> CH2#1 + CO2#1                        [  1.930  -0.7800 ] 

new_line: CH2O#1 + CO#1 <-> CH2#1 + CO2#1                        [1.364368401060369   -0.78]
line: CH3O#1 + CO#1 <-> CH3#1 + CO2#1                        [  2.59   -0.2500 ] 

new_line: CH3O#1 + CO#1 <-> CH3#1 + CO2#1                        [0.19477255926854384   -0.25]
line: CHO#1 + CO#2 <-> CH#1 + CO2#2                          [  2.35    0.3100 ] 

new_line: CHO#1 + CO#2 <-> CH#1 + CO2#2                          [0.48095935594966377   0.31]
line: CH2O#1 + CO#2 <-> CH2#1 + CO2#2                        [  2.55    0.1700 ] 

new_line: CH2O#1 + CO#2 <-> CH2#1 + CO2#2                        [1.3447454100582852   0.17]
line: CH3O#1 + CO#2 <-> CH3#1 + CO2#2                        [  3.32    0.7000 ] 

new_line: CH3O#1 + CO#2 <-> CH3#1 + CO2#2                        [1.8477520083223424   0.7]
line: CH2#1 + CO#2 <-> CH2CO#1 + #2                          [  0.50    0.2800 ] 

new_line: CH2#1 + CO#2 <-> CH2CO#1 + #2                          [0.67877238796775   0.28]
line: CH2#1 + CO#1 <-> CH2CO#1 + #1                          [  0.88    0.4600 ] 

new_line: CH2#1 + CO#1 <-> CH2CO#1 + #1                          [0.6031882266896278   0.46]
line: CH2#2 + CO#2 <-> CH2CO#2 +#2                           [  0.20   -0.6300 ] 

new_line: CH2#2 + CO#2 <-> CH2CO#2 +#2                           [1.3445365981709814   -0.63]
line: CH3#1 + CO#2 <-> CH3CO#1 + #2                          [  0.62    0.5000 ] 

new_line: CH3#1 + CO#2 <-> CH3CO#1 + #2                          [1.7862054009785138   0.5]
line: CH3#1 + CO#1 <-> CH3CO#1 + #1                          [  0.97    0.6700 ] 

new_line: CH3#1 + CO#1 <-> CH3CO#1 + #1                          [0.6727204330750232   0.67]
line: CH3#2 + CO#2 <-> CH3CO#2 +#2                           [  0.53   -0.1000 ] 

new_line: CH3#2 + CO#2 <-> CH3CO#2 +#2                           [0.559013657582599   -0.1]
line: CH3CO#1 + #1 <-> CH2CO#1 + H#1                         [  0.21   -0.7300 ] 

new_line: CH3CO#1 + #1 <-> CH2CO#1 + H#1                         [1.162765121049623   -0.73]
line: CH3CO#1 + O#1 <-> CH2CO#1 + OH#1                       [  0.00   -0.4000 ] 

new_line: CH3CO#1 + O#1 <-> CH2CO#1 + OH#1                       [0.21029370948872467   -0.4]
line: CH3CO#2 + #1 <-> CH2CO#2 + H#1                         [  1.89    0.3200 ] 

new_line: CH3CO#2 + #1 <-> CH2CO#2 + H#1                         [1.367000774067564   0.32]
line: CH3CO#2 + O#1 <-> CH2CO#2 + OH#1                       [  2.31    0.5400 ] 

new_line: CH3CO#2 + O#1 <-> CH2CO#2 + OH#1                       [1.6285721537106723   0.54]
line: CH2CO#1 <-> CH2CO + #1                                 [ -0.093  -0.730  ] 

new_line: CH2CO#1 <-> CH2CO + #1                                 [0.2482233556383277   -0.73]
line: CH2CO#2 <-> CH2CO + #2                                 [ -0.575  -1.180  ] 

new_line: CH2CO#2 <-> CH2CO + #2                                 [1.2855406217297929   -1.18]
line: CO#2 + O#1 <-> CO2#1 + #2                              [  0.15    0.1200 ] 

new_line: CO#2 + O#1 <-> CO2#1 + #2                              [1.1528417103796684   0.12]
line: CO#2 + OH#1 <-> COOH#2 +#1                             [  1.7800  1.4800 ] 

new_line: CO#2 + OH#1 <-> COOH#2 +#1                             [1.6585886975330928   1.48]
line: COOH#2 + O#1 <-> CO2#2 + OH#1                          [  0.280  -0.2400 ] 

new_line: COOH#2 + O#1 <-> CO2#2 + OH#1                          [0.4111692368278531   -0.24]
line: COOH#2 + #1 <-> CO2#2 + H#1                            [  3.73   -0.4700 ] 

new_line: COOH#2 + #1 <-> CO2#2 + H#1                            [1.046801169643174   -0.47]
line: H#1 + OH#1 <-> H2O#1 + #1                              [  1.89    1.8900 ] 

new_line: H#1 + OH#1 <-> H2O#1 + #1                              [3.0209129792982456   1.89]
line: OH#1 + OH#1 <-> H2O#1 + O#1                            [  1.600   1.6400 ] 

new_line: OH#1 + OH#1 <-> H2O#1 + O#1                            [1.93031225719726   1.64]
line: H#2 + OH#1 <-> H2O#1 + #2                              [  1.96    1.2300 ] 

new_line: H#2 + OH#1 <-> H2O#1 + #2                              [2.5523013285149654   1.23]
line: CO2#1 <-> CO2 + #1                                     [  0.329  -0.3100 ] 

new_line: CO2#1 <-> CO2 + #1                                     [0.3670601544995312   -0.31]
line: CO2#2 <-> CO2 + #2                                     [ -0.824  -1.4300 ] 

new_line: CO2#2 <-> CO2 + #2                                     [1.0493066547677645   -1.43]
line: H2O#1 <-> H2O + #1                                     [ -0.227  -0.8400 ] 

new_line: H2O#1 <-> H2O + #1                                     [1.1496662650292795   -0.84]
wait
C
R
C
R
C
R
C
R
C
R
C
R
R
R
Run log in the file : /home/hxyang/my_Code/matlab_NN/test_sasian/test_new/test_67/1.5/result_1/log33
last_line: Run log in the file : /home/hxyang/my_Code/matlab_NN/test_sasian/test_new/test_67/1.5/result_1/log33 log_n 33
line: CO + #1 <-> CO#1                                       [  0.626   0.7300 ] 

new_line: CO + #1 <-> CO#1                                       [1.3643321431232733   0.73]
line: CO + #2 <-> CO#2                                       [  0.593   0.9100 ] 

new_line: CO + #2 <-> CO#2                                       [1.7844465329103718   0.91]
line: H2 + #1 <-> H2#1                                       [  0.549   0.9500 ] 

new_line: H2 + #1 <-> H2#1                                       [1.8378135784216783   0.95]
line: H2#1 + #2 <-> H#1 + H#2                                [  0.430  -0.7100 ] 

new_line: H2#1 + #2 <-> H#1 + H#2                                [0.20812064630877108   -0.71]
line: H#2 + #1 <-> H#1 + #2                                  [     0   -0.6400 ] 

new_line: H#2 + #1 <-> H#1 + #2                                  [1.4339309787496857   -0.64]
line: CO#1 + H#1 <-> CHO#1 + #1                              [  0.620   0.5900 ] 

new_line: CO#1 + H#1 <-> CHO#1 + #1                              [0.5921107821875726   0.59]
line: CO#1 + H#1 <-> COH#1 + #1                              [  2.220   1.9400 ] 

new_line: CO#1 + H#1 <-> COH#1 + #1                              [3.1936704691968507   1.94]
line: CHO#1 + H#1 <-> CH2O#1 + #1                            [  0.290  -0.3200 ] 

new_line: CHO#1 + H#1 <-> CH2O#1 + #1                            [0.6528548217009218   -0.32]
line: CHO#1 + H#1 <-> CHOH#1 + #1                            [  1.42    0.4200 ] 

new_line: CHO#1 + H#1 <-> CHOH#1 + #1                            [0.49329008350593545   0.42]
line: CH2O#1 + H#1 <-> CH3O#1 + #1                           [  0.850  -0.0100 ] 

new_line: CH2O#1 + H#1 <-> CH3O#1 + #1                           [0.6449613824302132   -0.01]
line: CH2O#1 + H#1 <-> CH2OH#1 + #1                          [  2.71    1.5800 ] 

new_line: CH2O#1 + H#1 <-> CH2OH#1 + #1                          [2.8497569325043184   1.58]
line: COH#1 + H#1 <-> CHOH#1 + #1                            [  0.55   -0.9400 ] 

new_line: COH#1 + H#1 <-> CHOH#1 + #1                            [0.39684132292154717   -0.94]
line: CHOH#1 + H#1 <-> CH2OH#1 + #1                          [  1.66    0.8400 ] 

new_line: CHOH#1 + H#1 <-> CH2OH#1 + #1                          [1.5222160794547168   0.84]
line: CH2OH#1 + H#1 <-> CH3OH#1 + #1                         [  1.04    0.3100 ] 

new_line: CH2OH#1 + H#1 <-> CH3OH#1 + #1                         [1.244478301259948   0.31]
line: CH3O#1 + H#1 <-> CH3OH#1 + #1                          [  1.91    1.9100 ] 

new_line: CH3O#1 + H#1 <-> CH3OH#1 + #1                          [1.9348428556002344   1.91]
line: CH2O#1 <-> CH2O + #1                                   [  0.848   0.2200 ] 

new_line: CH2O#1 <-> CH2O + #1                                   [0.608660205862639   0.22]
line: CH3OH#1 <-> CH3OH + #1                                 [ -0.79   -1.4200 ] 

new_line: CH3OH#1 <-> CH3OH + #1                                 [1.4846273980678484   -1.42]
line: CHO#1 + #1 <-> CH#1 + O#1                              [  0.22   -0.9300 ] 

new_line: CHO#1 + #1 <-> CH#1 + O#1                              [0.477447547863959   -0.93]
line: CH2O#1 + #1 <-> CH2#1 + O#1                            [  1.08   -1.070  ] 

new_line: CH2O#1 + #1 <-> CH2#1 + O#1                            [0.9603508727089292   -1.07]
line: CH2O#1 + #2 <-> CH2#2 + O#1                            [  2.68    0.2900 ] 

new_line: CH2O#1 + #2 <-> CH2#2 + O#1                            [0.9433882977820263   0.29]
line: CHOH#1 + #1 <-> CH#1 + OH#1                            [  0.36   -1.1200 ] 

new_line: CHOH#1 + #1 <-> CH#1 + OH#1                            [1.0568299903929985   -1.12]
line: CH2OH#1 + #1 <-> CH2#1 + OH#1                          [  1.22   -2.4200 ] 

new_line: CH2OH#1 + #1 <-> CH2#1 + OH#1                          [0.05481037243033391   -2.42]
line: CH2OH#1 + #2 <-> CH2#2 + OH#1                          [  0.30   -1.0600 ] 

new_line: CH2OH#1 + #2 <-> CH2#2 + OH#1                          [1.358471791462841   -1.06]
line: CH3O#1 + #1 <-> CH3#1 + O#1                            [  1.83   -0.5400 ] 

new_line: CH3O#1 + #1 <-> CH3#1 + O#1                            [0.5690013058613802   -0.54]
line: CH3O#1 + #2 <-> CH3#2 + O#1                            [  1.77   -0.5300 ] 

new_line: CH3O#1 + #2 <-> CH3#2 + O#1                            [1.211747454382202   -0.53]
line: CH3OH#1 + #1 <-> CH3#1 + OH#1                          [  0.53   -2.2200 ] 

new_line: CH3OH#1 + #1 <-> CH3#1 + OH#1                          [0.8545239973523651   -2.22]
line: CH3OH#1 + #2 <-> CH3#2 + OH#1                          [  0.74   -2.2100 ] 

new_line: CH3OH#1 + #2 <-> CH3#2 + OH#1                          [0.15773234567128935   -2.21]
line: CH#1 + H#1 <-> CH2#1 + #1                              [  0.94   -0.460  ] 

new_line: CH#1 + H#1 <-> CH2#1 + #1                              [0.11470986548041023   -0.46]
line: CH#1 + OH#1 <-> CH2#1 + O#1                            [  0.53   -0.6900 ] 

new_line: CH#1 + OH#1 <-> CH2#1 + O#1                            [1.307454496605748   -0.69]
line: CH2#1 + H#1 <-> CH3#1 + #1                             [  1.57    0.51   ] 

new_line: CH2#1 + H#1 <-> CH3#1 + #1                             [0.7576125104880428   0.51]
line: CH2#2 + H#1 <-> CH3#2 + #1                             [  0.55   -0.84   ] 

new_line: CH2#2 + H#1 <-> CH3#2 + #1                             [0.22302166882878094   -0.84]
line: CH2#2 + OH#1 <->CH3#2 + O#1                            [  0.74   -1.07   ] 

new_line: CH2#2 + OH#1 <->CH3#2 + O#1                            [0.6404528754891946   -1.07]
line: CH2#1 + OH#1 <->CH3#1 + O#1                            [  0.87    0.28   ] 

new_line: CH2#1 + OH#1 <->CH3#1 + O#1                            [1.395354569527963   0.28]
line: CH3#2 + H#2 <-> CH4 + #2 + #2                          [  1.15   -1.710  ] 

new_line: CH3#2 + H#2 <-> CH4 + #2 + #2                          [1.405140373076191   -1.71]
line: CH3#2 + OH#1 <-> CH4 + #2 + O#1                        [  0.75   -1.30   ] 

new_line: CH3#2 + OH#1 <-> CH4 + #2 + O#1                        [0.2865506556287735   -1.3]
line: CH3#2 + H#1 <-> CH4 + #1 + #2                          [  1.27   -1.07   ] 

new_line: CH3#2 + H#1 <-> CH4 + #1 + #2                          [0.8038246191284388   -1.07]
line: CH3#1 + H#2 <-> CH4 + #1 + #2                          [  1.11   -1.70   ] 

new_line: CH3#1 + H#2 <-> CH4 + #1 + #2                          [0.7859234655371894   -1.7]
line: CH3#1 + H#1 <-> CH4 + #1+ #1                           [  1.68   -1.06   ] 

new_line: CH3#1 + H#1 <-> CH4 + #1+ #1                           [1.0090368541611512   -1.06]
line: CH3#1 + OH#1 <-> CH4 + #1+ O#1                         [  0.79   -1.29   ] 

new_line: CH3#1 + OH#1 <-> CH4 + #1+ O#1                         [0.8988238448424986   -1.29]
line: CHO#1 + CO#1 <-> CH#1 + CO2#1                          [  1.14   -0.6300 ] 

new_line: CHO#1 + CO#1 <-> CH#1 + CO2#1                          [0.8747043094406917   -0.63]
line: CH2O#1 + CO#1 <-> CH2#1 + CO2#1                        [  1.930  -0.7800 ] 

new_line: CH2O#1 + CO#1 <-> CH2#1 + CO2#1                        [0.328763509212526   -0.78]
line: CH3O#1 + CO#1 <-> CH3#1 + CO2#1                        [  2.59   -0.2500 ] 

new_line: CH3O#1 + CO#1 <-> CH3#1 + CO2#1                        [1.216400569072999   -0.25]
line: CHO#1 + CO#2 <-> CH#1 + CO2#2                          [  2.35    0.3100 ] 

new_line: CHO#1 + CO#2 <-> CH#1 + CO2#2                          [0.37942024675451813   0.31]
line: CH2O#1 + CO#2 <-> CH2#1 + CO2#2                        [  2.55    0.1700 ] 

new_line: CH2O#1 + CO#2 <-> CH2#1 + CO2#2                        [1.3828237065949591   0.17]
line: CH3O#1 + CO#2 <-> CH3#1 + CO2#2                        [  3.32    0.7000 ] 

new_line: CH3O#1 + CO#2 <-> CH3#1 + CO2#2                        [1.505745580371511   0.7]
line: CH2#1 + CO#2 <-> CH2CO#1 + #2                          [  0.50    0.2800 ] 

new_line: CH2#1 + CO#2 <-> CH2CO#1 + #2                          [1.4058204016248332   0.28]
line: CH2#1 + CO#1 <-> CH2CO#1 + #1                          [  0.88    0.4600 ] 

new_line: CH2#1 + CO#1 <-> CH2CO#1 + #1                          [1.6224865963579962   0.46]
line: CH2#2 + CO#2 <-> CH2CO#2 +#2                           [  0.20   -0.6300 ] 

new_line: CH2#2 + CO#2 <-> CH2CO#2 +#2                           [1.1444452956596138   -0.63]
line: CH3#1 + CO#2 <-> CH3CO#1 + #2                          [  0.62    0.5000 ] 

new_line: CH3#1 + CO#2 <-> CH3CO#1 + #2                          [1.8760999741772286   0.5]
line: CH3#1 + CO#1 <-> CH3CO#1 + #1                          [  0.97    0.6700 ] 

new_line: CH3#1 + CO#1 <-> CH3CO#1 + #1                          [1.954680572341715   0.67]
line: CH3#2 + CO#2 <-> CH3CO#2 +#2                           [  0.53   -0.1000 ] 

new_line: CH3#2 + CO#2 <-> CH3CO#2 +#2                           [1.153285404019369   -0.1]
line: 224841
CH3CO#1 + #1 <-> CH2CO#1 + H#1                         [  0.21   -0.7300 ] 

new_line: CH3CO#1 + #1 <-> CH2CO#1 + H#1                         [0.7271664872332199   -0.73]
line: CH3CO#1 + O#1 <-> CH2CO#1 + OH#1                       [  0.00   -0.4000 ] 

new_line: CH3CO#1 + O#1 <-> CH2CO#1 + OH#1                       [1.022143256438228   -0.4]
line: CH3CO#2 + #1 <-> CH2CO#2 + H#1                         [  1.89    0.3200 ] 

new_line: CH3CO#2 + #1 <-> CH2CO#2 + H#1                         [1.5132381893549651   0.32]
line: CH3CO#2 + O#1 <-> CH2CO#2 + OH#1                       [  2.31    0.5400 ] 

new_line: CH3CO#2 + O#1 <-> CH2CO#2 + OH#1                       [1.43359046979939   0.54]
line: CH2CO#1 <-> CH2CO + #1                                 [ -0.093  -0.730  ] 

new_line: CH2CO#1 <-> CH2CO + #1                                 [1.3681961587573281   -0.73]
line: CH2CO#2 <-> CH2CO + #2                                 [ -0.575  -1.180  ] 

new_line: CH2CO#2 <-> CH2CO + #2                                 [0.09935437622767129   -1.18]
line: CO#2 + O#1 <-> CO2#1 + #2                              [  0.15    0.1200 ] 

new_line: CO#2 + O#1 <-> CO2#1 + #2                              [1.485273537500638   0.12]
line: CO#2 + OH#1 <-> COOH#2 +#1                             [  1.7800  1.4800 ] 

new_line: CO#2 + OH#1 <-> COOH#2 +#1                             [2.4534984494836496   1.48]
line: COOH#2 + O#1 <-> CO2#2 + OH#1                          [  0.280  -0.2400 ] 

new_line: COOH#2 + O#1 <-> CO2#2 + OH#1                          [1.0677905475441039   -0.24]
line: COOH#2 + #1 <-> CO2#2 + H#1                            [  3.73   -0.4700 ] 

new_line: COOH#2 + #1 <-> CO2#2 + H#1                            [0.1287300114733567   -0.47]
line: H#1 + OH#1 <-> H2O#1 + #1                              [  1.89    1.8900 ] 

new_line: H#1 + OH#1 <-> H2O#1 + #1                              [3.1089608489511016   1.89]
line: OH#1 + OH#1 <-> H2O#1 + O#1                            [  1.600   1.6400 ] 

new_line: OH#1 + OH#1 <-> H2O#1 + O#1                            [2.3233696277048956   1.64]
line: H#2 + OH#1 <-> H2O#1 + #2                              [  1.96    1.2300 ] 

new_line: H#2 + OH#1 <-> H2O#1 + #2                              [2.0044786123508254   1.23]
line: CO2#1 <-> CO2 + #1                                     [  0.329  -0.3100 ] 

new_line: CO2#1 <-> CO2 + #1                                     [0.13026364448475564   -0.31]
line: CO2#2 <-> CO2 + #2                                     [ -0.824  -1.4300 ] 

new_line: CO2#2 <-> CO2 + #2                                     [0.35691442882738367   -1.43]
line: H2O#1 <-> H2O + #1                                     [ -0.227  -0.8400 ] 

new_line: H2O#1 <-> H2O + #1                                     [0.9898462461906183   -0.84]
wait
C
R
C
R
C
R
C
R
C
R
C
R
R
R
R
Run log in the file : /home/hxyang/my_Code/matlab_NN/test_sasian/test_new/test_67/1.5/result_1/log34
last_line: Run log in the file : /home/hxyang/my_Code/matlab_NN/test_sasian/test_new/test_67/1.5/result_1/log34 log_n 34
line: CO + #1 <-> CO#1                                       [  0.626   0.7300 ] 

new_line: CO + #1 <-> CO#1                                       [1.8279567777899792   0.73]
line: CO + #2 <-> CO#2                                       [  0.593   0.9100 ] 

new_line: CO + #2 <-> CO#2                                       [2.3773643880087154   0.91]
line: H2 + #1 <-> H2#1                                       [  0.549   0.9500 ] 

new_line: H2 + #1 <-> H2#1                                       [2.2137036138815973   0.95]
line: H2#1 + #2 <-> H#1 + H#2                                [  0.430  -0.7100 ] 

new_line: H2#1 + #2 <-> H#1 + H#2                                [1.091790242119258   -0.71]
line: H#2 + #1 <-> H#1 + #2                                  [     0   -0.6400 ] 

new_line: H#2 + #1 <-> H#1 + #2                                  [1.2560973203906867   -0.64]
line: CO#1 + H#1 <-> CHO#1 + #1                              [  0.620   0.5900 ] 

new_line: CO#1 + H#1 <-> CHO#1 + #1                              [1.5228294471842059   0.59]
line: CO#1 + H#1 <-> COH#1 + #1                              [  2.220   1.9400 ] 

new_line: CO#1 + H#1 <-> COH#1 + #1                              [3.255805258547115   1.94]
line: CHO#1 + H#1 <-> CH2O#1 + #1                            [  0.290  -0.3200 ] 

new_line: CHO#1 + H#1 <-> CH2O#1 + #1                            [0.14971540549588708   -0.32]
line: CHO#1 + H#1 <-> CHOH#1 + #1                            [  1.42    0.4200 ] 

new_line: CHO#1 + H#1 <-> CHOH#1 + #1                            [0.6742225781182267   0.42]
line: CH2O#1 + H#1 <-> CH3O#1 + #1                           [  0.850  -0.0100 ] 

new_line: CH2O#1 + H#1 <-> CH3O#1 + #1                           [0.16201623556425107   -0.01]
line: CH2O#1 + H#1 <-> CH2OH#1 + #1                          [  2.71    1.5800 ] 

new_line: CH2O#1 + H#1 <-> CH2OH#1 + #1                          [2.9000556275682254   1.58]
line: COH#1 + H#1 <-> CHOH#1 + #1                            [  0.55   -0.9400 ] 

new_line: COH#1 + H#1 <-> CHOH#1 + #1                            [0.6088221430738213   -0.94]
line: CHOH#1 + H#1 <-> CH2OH#1 + #1                          [  1.66    0.8400 ] 

new_line: CHOH#1 + H#1 <-> CH2OH#1 + #1                          [1.2200799379376988   0.84]
line: CH2OH#1 + H#1 <-> CH3OH#1 + #1                         [  1.04    0.3100 ] 

new_line: CH2OH#1 + H#1 <-> CH3OH#1 + #1                         [1.506241347078683   0.31]
line: CH3O#1 + H#1 <-> CH3OH#1 + #1                          [  1.91    1.9100 ] 

new_line: CH3O#1 + H#1 <-> CH3OH#1 + #1                          [2.1356969305327724   1.91]
line: CH2O#1 <-> CH2O + #1                                   [  0.848   0.2200 ] 

new_line: CH2O#1 <-> CH2O + #1                                   [0.7151374761257602   0.22]
line: CH3OH#1 <-> CH3OH + #1                                 [ -0.79   -1.4200 ] 

new_line: CH3OH#1 <-> CH3OH + #1                                 [1.0016726348374678   -1.42]
line: CHO#1 + #1 <-> CH#1 + O#1                              [  0.22   -0.9300 ] 

new_line: CHO#1 + #1 <-> CH#1 + O#1                              [0.43211090434875044   -0.93]
line: CH2O#1 + #1 <-> CH2#1 + O#1                            [  1.08   -1.070  ] 

new_line: CH2O#1 + #1 <-> CH2#1 + O#1                            [1.086235596347521   -1.07]
line: CH2O#1 + #2 <-> CH2#2 + O#1                            [  2.68    0.2900 ] 

new_line: CH2O#1 + #2 <-> CH2#2 + O#1                            [1.7585387639087324   0.29]
line: CHOH#1 + #1 <-> CH#1 + OH#1                            [  0.36   -1.1200 ] 

new_line: CHOH#1 + #1 <-> CH#1 + OH#1                            [1.3158425629101989   -1.12]
line: CH2OH#1 + #1 <-> CH2#1 + OH#1                          [  1.22   -2.4200 ] 

new_line: CH2OH#1 + #1 <-> CH2#1 + OH#1                          [1.1573475232175174   -2.42]
line: CH2OH#1 + #2 <-> CH2#2 + OH#1                          [  0.30   -1.0600 ] 

new_line: CH2OH#1 + #2 <-> CH2#2 + OH#1                          [0.7680358375439695   -1.06]
line: CH3O#1 + #1 <-> CH3#1 + O#1                            [  1.83   -0.5400 ] 

new_line: CH3O#1 + #1 <-> CH3#1 + O#1                            [0.5875201829474445   -0.54]
line: CH3O#1 + #2 <-> CH3#2 + O#1                            [  1.77   -0.5300 ] 

new_line: CH3O#1 + #2 <-> CH3#2 + O#1                            [0.018666843630710587   -0.53]
line: CH3OH#1 + #1 <-> CH3#1 + OH#1                          [  0.53   -2.2200 ] 

new_line: CH3OH#1 + #1 <-> CH3#1 + OH#1                          [1.17389389023647   -2.22]
line: CH3OH#1 + #2 <-> CH3#2 + OH#1                          [  0.74   -2.2100 ] 

new_line: CH3OH#1 + #2 <-> CH3#2 + OH#1                          [1.0394113452826903   -2.21]
line: CH#1 + H#1 <-> CH2#1 + #1                              [  0.94   -0.460  ] 

new_line: CH#1 + H#1 <-> CH2#1 + #1                              [1.024576239741657   -0.46]
line: CH#1 + OH#1 <-> CH2#1 + O#1                            [  0.53   -0.6900 ] 

new_line: CH#1 + OH#1 <-> CH2#1 + O#1                            [0.549518406076886   -0.69]
224842
line: CH2#1 + H#1 <-> CH3#1 + #1                             [  1.57    0.51   ] 

new_line: CH2#1 + H#1 <-> CH3#1 + #1                             [1.473729296208572   0.51]
line: CH2#2 + H#1 <-> CH3#2 + #1                             [  0.55   -0.84   ] 

new_line: CH2#2 + H#1 <-> CH3#2 + #1                             [0.02281974131937068   -0.84]
line: CH2#2 + OH#1 <->CH3#2 + O#1                            [  0.74   -1.07   ] 

new_line: CH2#2 + OH#1 <->CH3#2 + O#1                            [0.3644100727776777   -1.07]
line: CH2#1 + OH#1 <->CH3#1 + O#1                            [  0.87    0.28   ] 

new_line: CH2#1 + OH#1 <->CH3#1 + O#1                            [0.851084707652577   0.28]
line: CH3#2 + H#2 <-> CH4 + #2 + #2                          [  1.15   -1.710  ] 

new_line: CH3#2 + H#2 <-> CH4 + #2 + #2                          [0.43831666560827576   -1.71]
line: CH3#2 + OH#1 <-> CH4 + #2 + O#1                        [  0.75   -1.30   ] 

new_line: CH3#2 + OH#1 <-> CH4 + #2 + O#1                        [0.9919901322516885   -1.3]
line: CH3#2 + H#1 <-> CH4 + #1 + #2                          [  1.27   -1.07   ] 

new_line: CH3#2 + H#1 <-> CH4 + #1 + #2                          [1.13725282778231   -1.07]
line: CH3#1 + H#2 <-> CH4 + #1 + #2                          [  1.11   -1.70   ] 

new_line: CH3#1 + H#2 <-> CH4 + #1 + #2                          [1.132959290148377   -1.7]
line: CH3#1 + H#1 <-> CH4 + #1+ #1                           [  1.68   -1.06   ] 

new_line: CH3#1 + H#1 <-> CH4 + #1+ #1                           [1.3364147407409623   -1.06]
line: CH3#1 + OH#1 <-> CH4 + #1+ O#1                         [  0.79   -1.29   ] 

new_line: CH3#1 + OH#1 <-> CH4 + #1+ O#1                         [0.1821325441986335   -1.29]
line: CHO#1 + CO#1 <-> CH#1 + CO2#1                          [  1.14   -0.6300 ] 

new_line: CHO#1 + CO#1 <-> CH#1 + CO2#1                          [0.7330805488179297   -0.63]
line: CH2O#1 + CO#1 <-> CH2#1 + CO2#1                        [  1.930  -0.7800 ] 

new_line: CH2O#1 + CO#1 <-> CH2#1 + CO2#1                        [0.48671583110300903   -0.78]
line: CH3O#1 + CO#1 <-> CH3#1 + CO2#1                        [  2.59   -0.2500 ] 

new_line: CH3O#1 + CO#1 <-> CH3#1 + CO2#1                        [1.4764711383882712   -0.25]
line: CHO#1 + CO#2 <-> CH#1 + CO2#2                          [  2.35    0.3100 ] 

new_line: CHO#1 + CO#2 <-> CH#1 + CO2#2                          [1.5158596044998862   0.31]
line: CH2O#1 + CO#2 <-> CH2#1 + CO2#2                        [  2.55    0.1700 ] 

new_line: CH2O#1 + CO#2 <-> CH2#1 + CO2#2                        [1.0287603115672233   0.17]
line: CH3O#1 + CO#2 <-> CH3#1 + CO2#2                        [  3.32    0.7000 ] 

new_line: CH3O#1 + CO#2 <-> CH3#1 + CO2#2                        [1.0697975563243793   0.7]
line: CH2#1 + CO#2 <-> CH2CO#1 + #2                          [  0.50    0.2800 ] 

new_line: CH2#1 + CO#2 <-> CH2CO#1 + #2                          [0.3480594192054702   0.28]
line: CH2#1 + CO#1 <-> CH2CO#1 + #1                          [  0.88    0.4600 ] 

new_line: CH2#1 + CO#1 <-> CH2CO#1 + #1                          [1.9245540323068313   0.46]
line: CH2#2 + CO#2 <-> CH2CO#2 +#2                           [  0.20   -0.6300 ] 

new_line: CH2#2 + CO#2 <-> CH2CO#2 +#2                           [0.47515613045207195   -0.63]
line: CH3#1 + CO#2 <-> CH3CO#1 + #2                          [  0.62    0.5000 ] 

new_line: CH3#1 + CO#2 <-> CH3CO#1 + #2                          [1.6328387881656485   0.5]
line: CH3#1 + CO#1 <-> CH3CO#1 + #1                          [  0.97    0.6700 ] 

new_line: CH3#1 + CO#1 <-> CH3CO#1 + #1                          [1.7642561545892321   0.67]
line: CH3#2 + CO#2 <-> CH3CO#2 +#2                           [  0.53   -0.1000 ] 

new_line: CH3#2 + CO#2 <-> CH3CO#2 +#2                           [0.8635336840302918   -0.1]
line: CH3CO#1 + #1 <-> CH2CO#1 + H#1                         [  0.21   -0.7300 ] 

new_line: CH3CO#1 + #1 <-> CH2CO#1 + H#1                         [0.7958851574460873   -0.73]
line: CH3CO#1 + O#1 <-> CH2CO#1 + OH#1                       [  0.00   -0.4000 ] 

new_line: CH3CO#1 + O#1 <-> CH2CO#1 + OH#1                       [0.2945224785969196   -0.4]
line: CH3CO#2 + #1 <-> CH2CO#2 + H#1                         [  1.89    0.3200 ] 

new_line: CH3CO#2 + #1 <-> CH2CO#2 + H#1                         [1.6806857935708226   0.32]
line: CH3CO#2 + O#1 <-> CH2CO#2 + OH#1                       [  2.31    0.5400 ] 

new_line: CH3CO#2 + O#1 <-> CH2CO#2 + OH#1                       [1.7203147995456627   0.54]
line: CH2CO#1 <-> CH2CO + #1                                 [ -0.093  -0.730  ] 

new_line: CH2CO#1 <-> CH2CO + #1                                 [1.4655663855782435   -0.73]
line: CH2CO#2 <-> CH2CO + #2                                 [ -0.575  -1.180  ] 

new_line: CH2CO#2 <-> CH2CO + #2                                 [0.7839274031570072   -1.18]
line: CO#2 + O#1 <-> CO2#1 + #2                              [  0.15    0.1200 ] 

new_line: CO#2 + O#1 <-> CO2#1 + #2                              [0.18206224312215252   0.12]
line: CO#2 + OH#1 <-> COOH#2 +#1                             [  1.7800  1.4800 ] 

new_line: CO#2 + OH#1 <-> COOH#2 +#1                             [2.7476323306961405   1.48]
line: COOH#2 + O#1 <-> CO2#2 + OH#1                          [  0.280  -0.2400 ] 

new_line: COOH#2 + O#1 <-> CO2#2 + OH#1                          [0.0017954535572845343   -0.24]
line: COOH#2 + #1 <-> CO2#2 + H#1                            [  3.73   -0.4700 ] 

new_line: COOH#2 + #1 <-> CO2#2 + H#1                            [1.3907723807522494   -0.47]
line: H#1 + OH#1 <-> H2O#1 + #1                              [  1.89    1.8900 ] 

new_line: H#1 + OH#1 <-> H2O#1 + #1                              [2.2282461676584084   1.89]
line: OH#1 + OH#1 <-> H2O#1 + O#1                            [  1.600   1.6400 ] 

new_line: OH#1 + OH#1 <-> H2O#1 + O#1                            [2.2249601710040934   1.64]
line: H#2 + OH#1 <-> H2O#1 + #2                              [  1.96    1.2300 ] 

new_line: H#2 + OH#1 <-> H2O#1 + #2                              [1.2888423107455818   1.23]
line: CO2#1 <-> CO2 + #1                                     [  0.329  -0.3100 ] 

new_line: CO2#1 <-> CO2 + #1                                     [0.8672849968679854   -0.31]
line: CO2#2 <-> CO2 + #2                                     [ -0.824  -1.4300 ] 

new_line: CO2#2 <-> CO2 + #2                                     [0.4107316628312053   -1.43]
line: H2O#1 <-> H2O + #1                                     [ -0.227  -0.8400 ] 

new_line: H2O#1 <-> H2O + #1                                     [1.3579135678884482   -0.84]
wait
C
R
C
R
C
R
C
R
C
R
C
R
C
R
R
R
R
R
Run log in the file : /home/hxyang/my_Code/matlab_NN/test_sasian/test_new/test_67/1.5/result_1/log35
last_line: Run log in the file : /home/hxyang/my_Code/matlab_NN/test_sasian/test_new/test_67/1.5/result_1/log35 log_n 35
line: CO + #1 <-> CO#1                                       [  0.626   0.7300 ] 

new_line: CO + #1 <-> CO#1                                       [0.9545429237587619   0.73]
line: CO + #2 <-> CO#2                                       [  0.593   0.9100 ] 

new_line: CO + #2 <-> CO#2                                       [1.3850405208719305   0.91]
line: H2 + #1 <-> H2#1                                       [  0.549   0.9500 ] 

new_line: H2 + #1 <-> H2#1                                       [1.5557280385733367   0.95]
line: H2#1 + #2 <-> H#1 + H#2                                [  0.430  -0.7100 ] 

new_line: H2#1 + #2 <-> H#1 + H#2                                [0.49096720055839416   -0.71]
line: H#2 + #1 <-> H#1 + #2                                  [     0   -0.6400 ] 

new_line: H#2 + #1 <-> H#1 + #2                                  [0.09537787743311571   -0.64]
line: CO#1 + H#1 <-> CHO#1 + #1                              [  0.620   0.5900 ] 

new_line: CO#1 + H#1 <-> CHO#1 + #1                              [0.7666365225459577   0.59]
line: CO#1 + H#1 <-> COH#1 + #1                              [  2.220   1.9400 ] 

new_line: CO#1 + H#1 <-> COH#1 + #1                              [2.3648969946104446   1.94]
line: CHO#1 + H#1 <-> CH2O#1 + #1                            [  0.290  -0.3200 ] 

new_line: CHO#1 + H#1 <-> CH2O#1 + #1                            [0.8397535193422567   -0.32]
line: CHO#1 + H#1 <-> CHOH#1 + #1                            [  1.42    0.4200 ] 

new_line: CHO#1 + H#1 <-> CHOH#1 + #1                            [0.687183234738608   0.42]
line: CH2O#1 + H#1 <-> CH3O#1 + #1                           [  0.850  -0.0100 ] 

new_line: CH2O#1 + H#1 <-> CH3O#1 + #1                           [1.0967245468470115   -0.01]
line: CH2O#1 + H#1 <-> CH2OH#1 + #1                          [  2.71    1.5800 ] 

new_line: CH2O#1 + H#1 <-> CH2OH#1 + #1                          [2.292333375763328   1.58]
line: COH#1 + H#1 <-> CHOH#1 + #1                            [  0.55   -0.9400 ] 

new_line: COH#1 + H#1 <-> CHOH#1 + #1                            [1.0048015526218999   -0.94]
line: CHOH#1 + H#1 <-> CH2OH#1 + #1                          [  1.66    0.8400 ] 

new_line: CHOH#1 + H#1 <-> CH2OH#1 + #1                          [1.0702738403467742   0.84]
line: CH2OH#1 + H#1 <-> CH3OH#1 + #1                         [  1.04    0.3100 ] 

new_line: CH2OH#1 + H#1 <-> CH3OH#1 + #1                         [1.4545468290689862   0.31]
line: CH3O#1 + H#1 <-> CH3OH#1 + #1                          [  1.91    1.9100 ] 

new_line: CH3O#1 + H#1 <-> CH3OH#1 + #1                          [2.8261130169325166   1.91]
line: CH2O#1 <-> CH2O + #1                                   [  0.848   0.2200 ] 

new_line: CH2O#1 <-> CH2O + #1                                   [1.125862885263202   0.22]
line: CH3OH#1 <-> CH3OH + #1                                 [ -0.79   -1.4200 ] 

new_line: CH3OH#1 <-> CH3OH + #1                                 [0.9417459637558873   -1.42]
line: CHO#1 + #1 <-> CH#1 + O#1                              [  0.22   -0.9300 ] 

new_line: CHO#1 + #1 <-> CH#1 + O#1                              [1.1461856763449383   -0.93]
line: CH2O#1 + #1 <-> CH2#1 + O#1                            [  1.08   -1.070  ] 

new_line: CH2O#1 + #1 <-> CH2#1 + O#1                            [0.6636740251601929   -1.07]
line: CH2O#1 + #2 <-> CH2#2 + O#1                            [  2.68    0.2900 ] 

new_line: CH2O#1 + #2 <-> CH2#2 + O#1                            [1.3846241381675397   0.29]
line: CHOH#1 + #1 <-> CH#1 + OH#1                            [  0.36   -1.1200 ] 

new_line: CHOH#1 + #1 <-> CH#1 + OH#1                            [1.1301908119202313   -1.12]
line: CH2OH#1 + #1 <-> CH2#1 + OH#1                          [  1.22   -2.4200 ] 

new_line: CH2OH#1 + #1 <-> CH2#1 + OH#1                          [0.3631721714138463   -2.42]
line: CH2OH#1 + #2 <-> CH2#2 + OH#1                          [  0.30   -1.0600 ] 

new_line: CH2OH#1 + #2 <-> CH2#2 + OH#1                          [0.2464670395774711   -1.06]
line: CH3O#1 + #1 <-> CH3#1 + O#1                            [  1.83   -0.5400 ] 

new_line: CH3O#1 + #1 <-> CH3#1 + O#1                            [0.8059428028714541   -0.54]
line: CH3O#1 + #2 <-> CH3#2 + O#1                            [  1.77   -0.5300 ] 

new_line: CH3O#1 + #2 <-> CH3#2 + O#1                            [0.12448201670491063   -0.53]
line: CH3OH#1 + #1 <-> CH3#1 + OH#1                          [  0.53   -2.2200 ] 

new_line: CH3OH#1 + #1 <-> CH3#1 + OH#1                          [0.39420175141882685   -2.22]
line: CH3OH#1 + #2 <-> CH3#2 + OH#1                          [  0.74   -2.2100 ] 

new_line: CH3OH#1 + #2 <-> CH3#2 + OH#1                          [1.2603803059349459   -2.21]
line: CH#1 + H#1 <-> CH2#1 + #1                              [  0.94   -0.460  ] 

new_line: CH#1 + H#1 <-> CH2#1 + #1                              [0.5840007527327868   -0.46]
line: CH#1 + OH#1 <-> CH2#1 + O#1                            [  0.53   -0.6900 ] 

new_line: CH#1 + OH#1 <-> CH2#1 + O#1                            [1.2339381246054288   -0.69]
line: CH2#1 + H#1 <-> CH3#1 + #1                             [  1.57    0.51   ] 

new_line: CH2#1 + H#1 <-> CH3#1 + #1                             [0.6343725282095685   0.51]
line: CH2#2 + H#1 <-> CH3#2 + #1                             [  0.55   -0.84   ] 

new_line: CH2#2 + H#1 <-> CH3#2 + #1                             [1.1585888850957156   -0.84]
line: CH2#2 + OH#1 <->CH3#2 + O#1                            [  0.74   -1.07   ] 

new_line: CH2#2 + OH#1 <->CH3#2 + O#1                            [0.9496113244935845   -1.07]
line: CH2#1 + OH#1 <->CH3#1 + O#1                            [  0.87    0.28   ] 

new_line: CH2#1 + OH#1 <->CH3#1 + O#1                            [0.4917921960108086   0.28]
line: CH3#2 + H#2 <-> CH4 + #2 + #2                          [  1.15   -1.710  ] 

new_line: CH3#2 + H#2 <-> CH4 + #2 + #2                          [0.5561446397649041   -1.71]
line: CH3#2 + OH#1 <-> CH4 + #2 + O#1                        [  0.75   -1.30   ] 

new_line: CH3#2 + OH#1 <-> CH4 + #2 + O#1                        [1.320267809729092   -1.3]
line: CH3#2 + H#1 <-> CH4 + #1 + #2                          [  1.27   -1.07   ] 

new_line: CH3#2 + H#1 <-> CH4 + #1 + #2                          [0.024623985514099028   -1.07]
line: CH3#1 + H#2 <-> CH4 + #1 + #2                          [  1.11   -1.70   ] 

new_line: CH3#1 + H#2 <-> CH4 + #1 + #2                          [0.691776290178625   -1.7]
line: CH3#1 + H#1 <-> CH4 + #1+ #1                           [  1.68   -1.06   ] 

new_line: CH3#1 + H#1 <-> CH4 + #1+ #1                           [1.1842968463297168   -1.06]
line: CH3#1 + OH#1 <-> CH4 + #1+ O#1                         [  0.79   -1.29   ] 

new_line: CH3#1 + OH#1 <-> CH4 + #1+ O#1                         [0.027213557953520484   -1.29]
line: CHO#1 + CO#1 <-> CH#1 + CO2#1                          [  1.14   -0.6300 ] 

new_line: CHO#1 + CO#1 <-> CH#1 + CO2#1                          [0.9416861910845188   -0.63]
line: CH2O#1 + CO#1 <-> CH2#1 + CO2#1                        [  1.930  -0.7800 ] 

new_line: CH2O#1 + CO#1 <-> CH2#1 + CO2#1                        [0.456580583736928   -0.78]
line: CH3O#1 + CO#1 <-> CH3#1 + CO2#1                        [  2.59   -0.2500 ] 

new_line: CH3O#1 + CO#1 <-> CH3#1 + CO2#1                        [1.2593285080103986   -0.25]
line: CHO#1 + CO#2 <-> CH#1 + CO2#2                          [  2.35    0.3100 ] 

new_line: CHO#1 + CO#2 <-> CH#1 + CO2#2                          [0.8883412262875399   0.31]
line: CH2O#1 + CO#2 <-> CH2#1 + CO2#2                        [  2.55    0.1700 ] 

new_line: CH2O#1 + CO#2 <-> CH2#1 + CO2#2                        [1.6525534599608986   0.17]
line: CH3O#1 + CO#2 <-> CH3#1 + CO2#2                        [  3.32    0.7000 ] 

new_line: CH3O#1 + CO#2 <-> CH3#1 + CO2#2                        [1.4705574468807638   0.7]
line: CH2#1 + CO#2 <-> CH2CO#1 + #2                          [  0.50    0.2800 ] 

new_line: CH2#1 + CO#2 <-> CH2CO#1 + #2                          [0.48044776551134794   0.28]
line: CH2#1 + CO#1 <-> CH2CO#1 + #1                          [  0.88    0.4600 ] 

new_line: CH2#1 + CO#1 <-> CH2CO#1 + #1                          [1.805390633009541   0.46]
line: CH2#2 + CO#2 <-> CH2CO#2 +#2                           [  0.20   -0.6300 ] 

new_line: CH2#2 + CO#2 <-> CH2CO#2 +#2                           [1.300148691107793   -0.63]
line: CH3#1 + CO#2 <-> CH3CO#1 + #2                          [  0.62    0.5000 ] 

new_line: CH3#1 + CO#2 <-> CH3CO#1 + #2                          [0.6268652107109443   0.5]
line: CH3#1 + CO#1 <-> CH3CO#1 + #1                          [  0.97    0.6700 ] 

new_line: CH3#1 + CO#1 <-> CH3CO#1 + #1                          [1.7448234913078933   0.67]
line: CH3#2 + CO#2 <-> CH3CO#2 +#2                           [  0.53   -0.1000 ] 

new_line: CH3#2 + CO#2 <-> CH3CO#2 +#2                           [0.028102215968736702   -0.1]
line: CH3CO#1 + #1 <-> CH2CO#1 + H#1                         [  0.21   -0.7300 ] 

new_line: CH3CO#1 + #1 <-> CH2CO#1 + H#1                         [1.4942200814959299   -0.73]
line: CH3CO#1 + O#1 <-> CH2CO#1 + OH#1                       [  0.00   -0.4000 ] 

new_line: 224843
CH3CO#1 + O#1 <-> CH2CO#1 + OH#1                       [0.386687280543595   -0.4]
line: CH3CO#2 + #1 <-> CH2CO#2 + H#1                         [  1.89    0.3200 ] 

new_line: CH3CO#2 + #1 <-> CH2CO#2 + H#1                         [0.991265699503276   0.32]
line: CH3CO#2 + O#1 <-> CH2CO#2 + OH#1                       [  2.31    0.5400 ] 

new_line: CH3CO#2 + O#1 <-> CH2CO#2 + OH#1                       [1.314778727467548   0.54]
line: CH2CO#1 <-> CH2CO + #1                                 [ -0.093  -0.730  ] 

new_line: CH2CO#1 <-> CH2CO + #1                                 [1.4021712356843885   -0.73]
line: CH2CO#2 <-> CH2CO + #2                                 [ -0.575  -1.180  ] 

new_line: CH2CO#2 <-> CH2CO + #2                                 [1.3310229305880972   -1.18]
line: CO#2 + O#1 <-> CO2#1 + #2                              [  0.15    0.1200 ] 

new_line: CO#2 + O#1 <-> CO2#1 + #2                              [0.9939955038964264   0.12]
line: CO#2 + OH#1 <-> COOH#2 +#1                             [  1.7800  1.4800 ] 

new_line: CO#2 + OH#1 <-> COOH#2 +#1                             [2.1585921576109266   1.48]
line: COOH#2 + O#1 <-> CO2#2 + OH#1                          [  0.280  -0.2400 ] 

new_line: COOH#2 + O#1 <-> CO2#2 + OH#1                          [1.2132897168860834   -0.24]
line: COOH#2 + #1 <-> CO2#2 + H#1                            [  3.73   -0.4700 ] 

new_line: COOH#2 + #1 <-> CO2#2 + H#1                            [0.760537504944797   -0.47]
line: H#1 + OH#1 <-> H2O#1 + #1                              [  1.89    1.8900 ] 

new_line: H#1 + OH#1 <-> H2O#1 + #1                              [3.153943573875587   1.89]
line: OH#1 + OH#1 <-> H2O#1 + O#1                            [  1.600   1.6400 ] 

new_line: OH#1 + OH#1 <-> H2O#1 + O#1                            [2.625345862981698   1.64]
line: H#2 + OH#1 <-> H2O#1 + #2                              [  1.96    1.2300 ] 

new_line: H#2 + OH#1 <-> H2O#1 + #2                              [2.5326291518946022   1.23]
line: CO2#1 <-> CO2 + #1                                     [  0.329  -0.3100 ] 

new_line: CO2#1 <-> CO2 + #1                                     [0.8821888562260165   -0.31]
line: CO2#2 <-> CO2 + #2                                     [ -0.824  -1.4300 ] 

new_line: CO2#2 <-> CO2 + #2                                     [1.3796616455335673   -1.43]
line: H2O#1 <-> H2O + #1                                     [ -0.227  -0.8400 ] 

new_line: H2O#1 <-> H2O + #1                                     [1.0388250673422763   -0.84]
wait
C
R
C
R
C
R
C
R
C
R
C
R
R
R
R
Run log in the file : /home/hxyang/my_Code/matlab_NN/test_sasian/test_new/test_67/1.5/result_1/log36
last_line: Run log in the file : /home/hxyang/my_Code/matlab_NN/test_sasian/test_new/test_67/1.5/result_1/log36 log_n 36
line: CO + #1 <-> CO#1                                       [  0.626   0.7300 ] 

new_line: CO + #1 <-> CO#1                                       [1.8862080639682743   0.73]
line: CO + #2 <-> CO#2                                       [  0.593   0.9100 ] 

new_line: CO + #2 <-> CO#2                                       [1.7145517090481877   0.91]
line: H2 + #1 <-> H2#1                                       [  0.549   0.9500 ] 

new_line: H2 + #1 <-> H2#1                                       [1.3895851585701218   0.95]
line: H2#1 + #2 <-> H#1 + H#2                                [  0.430  -0.7100 ] 

new_line: H2#1 + #2 <-> H#1 + H#2                                [0.22753588171877365   -0.71]
line: H#2 + #1 <-> H#1 + #2                                  [     0   -0.6400 ] 

new_line: H#2 + #1 <-> H#1 + #2                                  [0.9406193783278252   -0.64]
line: CO#1 + H#1 <-> CHO#1 + #1                              [  0.620   0.5900 ] 

new_line: CO#1 + H#1 <-> CHO#1 + #1                              [1.3106696866191379   0.59]
line: CO#1 + H#1 <-> COH#1 + #1                              [  2.220   1.9400 ] 

new_line: CO#1 + H#1 <-> COH#1 + #1                              [2.5571260648019867   1.94]
line: CHO#1 + H#1 <-> CH2O#1 + #1                            [  0.290  -0.3200 ] 

new_line: CHO#1 + H#1 <-> CH2O#1 + #1                            [0.7180105109071588   -0.32]
line: CHO#1 + H#1 <-> CHOH#1 + #1                            [  1.42    0.4200 ] 

new_line: CHO#1 + H#1 <-> CHOH#1 + #1                            [1.0083455369675478   0.42]
line: CH2O#1 + H#1 <-> CH3O#1 + #1                           [  0.850  -0.0100 ] 

new_line: CH2O#1 + H#1 <-> CH3O#1 + #1                           [0.7350317125931499   -0.01]
line: CH2O#1 + H#1 <-> CH2OH#1 + #1                          [  2.71    1.5800 ] 

new_line: CH2O#1 + H#1 <-> CH2OH#1 + #1                          [2.8096778181648316   1.58]
line: COH#1 + H#1 <-> CHOH#1 + #1                            [  0.55   -0.9400 ] 

new_line: COH#1 + H#1 <-> CHOH#1 + #1                            [0.8799975790450496   -0.94]
line: CHOH#1 + H#1 <-> CH2OH#1 + #1                          [  1.66    0.8400 ] 

new_line: CHOH#1 + H#1 <-> CH2OH#1 + #1                          [1.4939694025333292   0.84]
line: CH2OH#1 + H#1 <-> CH3OH#1 + #1                         [  1.04    0.3100 ] 

new_line: CH2OH#1 + H#1 <-> CH3OH#1 + #1                         [1.2594158224481742   0.31]
line: CH3O#1 + H#1 <-> CH3OH#1 + #1                          [  1.91    1.9100 ] 

new_line: CH3O#1 + H#1 <-> CH3OH#1 + #1                          [3.1644305534013775   1.91]
line: CH2O#1 <-> CH2O + #1                                   [  0.848   0.2200 ] 

new_line: CH2O#1 <-> CH2O + #1                                   [1.4693310782157014   0.22]
line: CH3OH#1 <-> CH3OH + #1                                 [ -0.79   -1.4200 ] 

new_line: CH3OH#1 <-> CH3OH + #1                                 [0.03186258251669626   -1.42]
line: CHO#1 + #1 <-> CH#1 + O#1                              [  0.22   -0.9300 ] 

new_line: CHO#1 + #1 <-> CH#1 + O#1                              [1.079206041424492   -0.93]
line: CH2O#1 + #1 <-> CH2#1 + O#1                            [  1.08   -1.070  ] 

new_line: CH2O#1 + #1 <-> CH2#1 + O#1                            [1.4421612073425425   -1.07]
line: CH2O#1 + #2 <-> CH2#2 + O#1                            [  2.68    0.2900 ] 

new_line: CH2O#1 + #2 <-> CH2#2 + O#1                            [1.5988999126104955   0.29]
line: CHOH#1 + #1 <-> CH#1 + OH#1                            [  0.36   -1.1200 ] 

new_line: CHOH#1 + #1 <-> CH#1 + OH#1                            [0.329367978103425   -1.12]
line: CH2OH#1 + #1 <-> CH2#1 + OH#1                          [  1.22   -2.4200 ] 

new_line: CH2OH#1 + #1 <-> CH2#1 + OH#1                          [1.3951252627764554   -2.42]
line: CH2OH#1 + #2 <-> CH2#2 + OH#1                          [  0.30   -1.0600 ] 

new_line: CH2OH#1 + #2 <-> CH2#2 + OH#1                          [1.4979247586898068   -1.06]
line: CH3O#1 + #1 <-> CH3#1 + O#1                            [  1.83   -0.5400 ] 

new_line: CH3O#1 + #1 <-> CH3#1 + O#1                            [1.2949918367180726   -0.54]
line: CH3O#1 + #2 <-> CH3#2 + O#1                            [  1.77   -0.5300 ] 

new_line: CH3O#1 + #2 <-> CH3#2 + O#1                            [0.6574745650324698   -0.53]
line: CH3OH#1 + #1 <-> CH3#1 + OH#1                          [  0.53   -2.2200 ] 

new_line: CH3OH#1 + #1 <-> CH3#1 + OH#1                          [1.3531153119959392   -2.22]
line: CH3OH#1 + #2 <-> CH3#2 + OH#1                          [  0.74   -2.2100 ] 

new_line: CH3OH#1 + #2 <-> CH3#2 + OH#1                          [1.2271897904388434   -2.21]
line: CH#1 + H#1 <-> CH2#1 + #1                              [  0.94   -0.460  ] 

new_line: CH#1 + H#1 <-> CH2#1 + #1                              [0.06272606444860371   -0.46]
line: CH#1 + OH#1 <-> CH2#1 + O#1                            [  0.53   -0.6900 ] 

new_line: CH#1 + OH#1 <-> CH2#1 + O#1                            [0.6508897999492606   -0.69]
line: CH2#1 + H#1 <-> CH3#1 + #1                             [  1.57    0.51   ] 

new_line: CH2#1 + H#1 <-> CH3#1 + #1                             [1.237625430116001   0.51]
line: CH2#2 + H#1 <-> CH3#2 + #1                             [  0.55   -0.84   ] 

224844
new_line: CH2#2 + H#1 <-> CH3#2 + #1                             [0.0698048848942578   -0.84]
line: CH2#2 + OH#1 <->CH3#2 + O#1                            [  0.74   -1.07   ] 

new_line: CH2#2 + OH#1 <->CH3#2 + O#1                            [1.209048272483668   -1.07]
line: CH2#1 + OH#1 <->CH3#1 + O#1                            [  0.87    0.28   ] 

new_line: CH2#1 + OH#1 <->CH3#1 + O#1                            [1.1576560685389052   0.28]
line: CH3#2 + H#2 <-> CH4 + #2 + #2                          [  1.15   -1.710  ] 

new_line: CH3#2 + H#2 <-> CH4 + #2 + #2                          [0.4919222848696271   -1.71]
line: CH3#2 + OH#1 <-> CH4 + #2 + O#1                        [  0.75   -1.30   ] 

new_line: CH3#2 + OH#1 <-> CH4 + #2 + O#1                        [1.4723615741079612   -1.3]
line: CH3#2 + H#1 <-> CH4 + #1 + #2                          [  1.27   -1.07   ] 

new_line: CH3#2 + H#1 <-> CH4 + #1 + #2                          [0.11708161318272957   -1.07]
line: CH3#1 + H#2 <-> CH4 + #1 + #2                          [  1.11   -1.70   ] 

new_line: CH3#1 + H#2 <-> CH4 + #1 + #2                          [1.4508703166745738   -1.7]
line: CH3#1 + H#1 <-> CH4 + #1+ #1                           [  1.68   -1.06   ] 

new_line: CH3#1 + H#1 <-> CH4 + #1+ #1                           [1.0473532363713944   -1.06]
line: CH3#1 + OH#1 <-> CH4 + #1+ O#1                         [  0.79   -1.29   ] 

new_line: CH3#1 + OH#1 <-> CH4 + #1+ O#1                         [1.4855715613120324   -1.29]
line: CHO#1 + CO#1 <-> CH#1 + CO2#1                          [  1.14   -0.6300 ] 

new_line: CHO#1 + CO#1 <-> CH#1 + CO2#1                          [0.9927819681225823   -0.63]
line: CH2O#1 + CO#1 <-> CH2#1 + CO2#1                        [  1.930  -0.7800 ] 

new_line: CH2O#1 + CO#1 <-> CH2#1 + CO2#1                        [1.2892261890326981   -0.78]
line: CH3O#1 + CO#1 <-> CH3#1 + CO2#1                        [  2.59   -0.2500 ] 

new_line: CH3O#1 + CO#1 <-> CH3#1 + CO2#1                        [0.40208738900425245   -0.25]
line: CHO#1 + CO#2 <-> CH#1 + CO2#2                          [  2.35    0.3100 ] 

new_line: CHO#1 + CO#2 <-> CH#1 + CO2#2                          [0.8203733069393628   0.31]
line: CH2O#1 + CO#2 <-> CH2#1 + CO2#2                        [  2.55    0.1700 ] 

new_line: CH2O#1 + CO#2 <-> CH2#1 + CO2#2                        [0.7694354845795476   0.17]
line: CH3O#1 + CO#2 <-> CH3#1 + CO2#2                        [  3.32    0.7000 ] 

new_line: CH3O#1 + CO#2 <-> CH3#1 + CO2#2                        [1.3447270102824316   0.7]
line: CH2#1 + CO#2 <-> CH2CO#1 + #2                          [  0.50    0.2800 ] 

new_line: CH2#1 + CO#2 <-> CH2CO#1 + #2                          [0.540432773452061   0.28]
line: CH2#1 + CO#1 <-> CH2CO#1 + #1                          [  0.88    0.4600 ] 

new_line: CH2#1 + CO#1 <-> CH2CO#1 + #1                          [1.45438242116841   0.46]
line: CH2#2 + CO#2 <-> CH2CO#2 +#2                           [  0.20   -0.6300 ] 

new_line: CH2#2 + CO#2 <-> CH2CO#2 +#2                           [0.907272912563476   -0.63]
line: CH3#1 + CO#2 <-> CH3CO#1 + #2                          [  0.62    0.5000 ] 

new_line: CH3#1 + CO#2 <-> CH3CO#1 + #2                          [1.3012249718291742   0.5]
line: CH3#1 + CO#1 <-> CH3CO#1 + #1                          [  0.97    0.6700 ] 

new_line: CH3#1 + CO#1 <-> CH3CO#1 + #1                          [1.225579375789208   0.67]
line: CH3#2 + CO#2 <-> CH3CO#2 +#2                           [  0.53   -0.1000 ] 

new_line: CH3#2 + CO#2 <-> CH3CO#2 +#2                           [0.29166495776949325   -0.1]
line: CH3CO#1 + #1 <-> CH2CO#1 + H#1                         [  0.21   -0.7300 ] 

new_line: CH3CO#1 + #1 <-> CH2CO#1 + H#1                         [0.8979485290773295   -0.73]
line: CH3CO#1 + O#1 <-> CH2CO#1 + OH#1                       [  0.00   -0.4000 ] 

new_line: CH3CO#1 + O#1 <-> CH2CO#1 + OH#1                       [1.0841554476108126   -0.4]
line: CH3CO#2 + #1 <-> CH2CO#2 + H#1                         [  1.89    0.3200 ] 

new_line: CH3CO#2 + #1 <-> CH2CO#2 + H#1                         [1.126548160043053   0.32]
line: CH3CO#2 + O#1 <-> CH2CO#2 + OH#1                       [  2.31    0.5400 ] 

new_line: CH3CO#2 + O#1 <-> CH2CO#2 + OH#1                       [1.440753242001735   0.54]
line: CH2CO#1 <-> CH2CO + #1                                 [ -0.093  -0.730  ] 

new_line: CH2CO#1 <-> CH2CO + #1                                 [1.1585740667228137   -0.73]
line: CH2CO#2 <-> CH2CO + #2                                 [ -0.575  -1.180  ] 

new_line: CH2CO#2 <-> CH2CO + #2                                 [0.7419123496544223   -1.18]
line: CO#2 + O#1 <-> CO2#1 + #2                              [  0.15    0.1200 ] 

new_line: CO#2 + O#1 <-> CO2#1 + #2                              [1.2527382255579598   0.12]
line: CO#2 + OH#1 <-> COOH#2 +#1                             [  1.7800  1.4800 ] 

new_line: CO#2 + OH#1 <-> COOH#2 +#1                             [2.175316417855209   1.48]
line: COOH#2 + O#1 <-> CO2#2 + OH#1                          [  0.280  -0.2400 ] 

new_line: COOH#2 + O#1 <-> CO2#2 + OH#1                          [0.16285573936774458   -0.24]
line: COOH#2 + #1 <-> CO2#2 + H#1                            [  3.73   -0.4700 ] 

new_line: COOH#2 + #1 <-> CO2#2 + H#1                            [1.412977876313945   -0.47]
line: H#1 + OH#1 <-> H2O#1 + #1                              [  1.89    1.8900 ] 

new_line: H#1 + OH#1 <-> H2O#1 + #1                              [3.3540473913264894   1.89]
line: OH#1 + OH#1 <-> H2O#1 + O#1                            [  1.600   1.6400 ] 

new_line: OH#1 + OH#1 <-> H2O#1 + O#1                            [2.3064020302632593   1.64]
line: H#2 + OH#1 <-> H2O#1 + #2                              [  1.96    1.2300 ] 

new_line: H#2 + OH#1 <-> H2O#1 + #2                              [1.2581718117950909   1.23]
line: CO2#1 <-> CO2 + #1                                     [  0.329  -0.3100 ] 

new_line: CO2#1 <-> CO2 + #1                                     [0.4225568486281975   -0.31]
line: CO2#2 <-> CO2 + #2                                     [ -0.824  -1.4300 ] 

new_line: CO2#2 <-> CO2 + #2                                     [1.2548970666527497   -1.43]
line: H2O#1 <-> H2O + #1                                     [ -0.227  -0.8400 ] 

new_line: H2O#1 <-> H2O + #1                                     [0.6954259296533546   -0.84]
wait
C
R
C
R
C
R
C
R
C
R
C
R
R
Run log in the file : /home/hxyang/my_Code/matlab_NN/test_sasian/test_new/test_67/1.5/result_1/log37
last_line: Run log in the file : /home/hxyang/my_Code/matlab_NN/test_sasian/test_new/test_67/1.5/result_1/log37 log_n 37
line: CO + #1 <-> CO#1                                       [  0.626   0.7300 ] 

new_line: CO + #1 <-> CO#1                                       [1.4566088960636474   0.73]
line: CO + #2 <-> CO#2                                       [  0.593   0.9100 ] 

new_line: CO + #2 <-> CO#2                                       [1.7438162692853973   0.91]
line: H2 + #1 <-> H2#1                                       [  0.549   0.9500 ] 

new_line: H2 + #1 <-> H2#1                                       [1.0190057568817306   0.95]
line: H2#1 + #2 <-> H#1 + H#2                                [  0.430  -0.7100 ] 

new_line: H2#1 + #2 <-> H#1 + H#2                                [1.3134002529077338   -0.71]
line: H#2 + #1 <-> H#1 + #2                                  [     0   -0.6400 ] 

new_line: H#2 + #1 <-> H#1 + #2                                  [1.295758131383625   -0.64]
line: CO#1 + H#1 <-> CHO#1 + #1                              [  0.620   0.5900 ] 

new_line: CO#1 + H#1 <-> CHO#1 + #1                              [1.0823080509797314   0.59]
line: CO#1 + H#1 <-> COH#1 + #1                              [  2.220   1.9400 ] 

new_line: CO#1 + H#1 <-> COH#1 + #1                              [2.0383254355708127   1.94]
line: CHO#1 + H#1 <-> CH2O#1 + #1                            [  0.290  -0.3200 ] 

new_line: CHO#1 + H#1 <-> CH2O#1 + #1                            [0.18529128858405328   -0.32]
line: CHO#1 + H#1 <-> CHOH#1 + #1                            [  1.42    0.4200 ] 

new_line: CHO#1 + H#1 <-> CHOH#1 + #1                            [1.5653695612917575   0.42]
line: CH2O#1 + H#1 <-> CH3O#1 + #1                           [  0.850  -0.0100 ] 

new_line: CH2O#1 + H#1 <-> CH3O#1 + #1                           [0.5732736102845708   -0.01]
line: CH2O#1 + H#1 <-> CH2OH#1 + #1                          [  2.71    1.5800 ] 

new_line: CH2O#1 + H#1 <-> CH2OH#1 + #1                          [2.334703176658585   1.58]
line: COH#1 + H#1 <-> CHOH#1 + #1                            [  0.55   -0.9400 ] 

new_line: COH#1 + H#1 <-> CHOH#1 + #1                            [1.1492514500655724   -0.94]
line: CHOH#1 + H#1 <-> CH2OH#1 + #1                          [  1.66    0.8400 ] 

new_line: CHOH#1 + H#1 <-> CH2OH#1 + #1                          [2.1994619230154453   0.84]
line: CH2OH#1 + H#1 <-> CH3OH#1 + #1                         [  1.04    0.3100 ] 

new_line: CH2OH#1 + H#1 <-> CH3OH#1 + #1                         [0.6124624352263663   0.31]
line: CH3O#1 + H#1 <-> CH3OH#1 + #1                          [  1.91    1.9100 ] 

new_line: CH3O#1 + H#1 <-> CH3OH#1 + #1                          [2.7063273475571776   1.91]
line: CH2O#1 <-> CH2O + #1                                   [  0.848   0.2200 ] 

new_line: CH2O#1 <-> CH2O + #1                                   [1.1898730302218328   0.22]
line: CH3OH#1 <-> CH3OH + #1                                 [ -0.79   -1.4200 ] 

new_line: CH3OH#1 <-> CH3OH + #1                                 [0.7751772421542803   -1.42]
line: CHO#1 + #1 <-> CH#1 + O#1                              [  0.22   -0.9300 ] 

new_line: CHO#1 + #1 <-> CH#1 + O#1                              [0.7949538415459954   -0.93]
line: CH2O#1 + #1 <-> CH2#1 + O#1                            [  1.08   -1.070  ] 

new_line: CH2O#1 + #1 <-> CH2#1 + O#1                            [0.9045550818913214   -1.07]
line: CH2O#1 + #2 <-> CH2#2 + O#1                            [  2.68    0.2900 ] 

new_line: CH2O#1 + #2 <-> CH2#2 + O#1                            [1.1345809811251528   0.29]
line: CHOH#1 + #1 <-> CH#1 + OH#1                            [  0.36   -1.1200 ] 

new_line: CHOH#1 + #1 <-> CH#1 + OH#1                            [0.4717664502970883   -1.12]
line: CH2OH#1 + #1 <-> CH2#1 + OH#1                          [  1.22   -2.4200 ] 

new_line: CH2OH#1 + #1 <-> CH2#1 + OH#1                          [0.6058943035470128   -2.42]
line: CH2OH#1 + #2 <-> CH2#2 + OH#1                          [  0.30   -1.0600 ] 

new_line: CH2OH#1 + #2 <-> CH2#2 + OH#1                          [1.2204887135924005   -1.06]
line: CH3O#1 + #1 <-> CH3#1 + O#1                            [  1.83   -0.5400 ] 

new_line: CH3O#1 + #1 <-> CH3#1 + O#1                            [0.4056415102253176   -0.54]
line: CH3O#1 + #2 <-> CH3#2 + O#1                            [  1.77   -0.5300 ] 

new_line: CH3O#1 + #2 <-> CH3#2 + O#1                            [1.3673393579860282   -0.53]
line: CH3OH#1 + #1 <-> CH3#1 + OH#1                          [  0.53   -2.2200 ] 

new_line: CH3OH#1 + #1 <-> CH3#1 + OH#1                          [0.6727947116475504   -2.22]
line: CH3OH#1 + #2 <-> CH3#2 + OH#1                          [  0.74   -2.2100 ] 

new_line: CH3OH#1 + #2 <-> CH3#2 + OH#1                          [0.4029919402667178   -2.21]
line: CH#1 + H#1 <-> CH2#1 + #1                              [  0.94   -0.460  ] 

new_line: CH#1 + H#1 <-> CH2#1 + #1                              [0.5391248744330676   -0.46]
line: CH#1 + OH#1 <-> CH2#1 + O#1                            [  0.53   -0.6900 ] 

new_line: CH#1 + OH#1 <-> CH2#1 + O#1                            [0.7312991991794712   -0.69]
line: CH2#1 + H#1 <-> CH3#1 + #1                             [  1.57    0.51   ] 

new_line: CH2#1 + H#1 <-> CH3#1 + #1                             [0.8736600321883204   0.51]
line: CH2#2 + H#1 <-> CH3#2 + #1                             [  0.55   -0.84   ] 

new_line: CH2#2 + H#1 <-> CH3#2 + #1                             [0.003186170379856835   -0.84]
line: CH2#2 + OH#1 <->CH3#2 + O#1                            [  0.74   -1.07   ] 

new_line: CH2#2 + OH#1 <->CH3#2 + O#1                            [0.7571346415831802   -1.07]
line: CH2#1 + OH#1 <->CH3#1 + O#1                            [  0.87    0.28   ] 

new_line: CH2#1 + OH#1 <->CH3#1 + O#1                            [1.1768867393055435   0.28]
line: CH3#2 + H#2 <-> CH4 + #2 + #2                          [  1.15   -1.710  ] 

new_line: CH3#2 + H#2 <-> CH4 + #2 + #2                          [1.1365143952206265   -1.71]
line: CH3#2 + OH#1 <-> CH4 + #2 + O#1                        [  0.75   -1.30   ] 

new_line: CH3#2 + OH#1 <-> CH4 + #2 + O#1                        [0.6207288757762401   -1.3]
line: CH3#2 + H#1 <-> CH4 + #1 + #2                          [  1.27   -1.07   ] 

new_line: CH3#2 + H#1 <-> CH4 + #1 + #2                          [1.2821101733875324   -1.07]
line: CH3#1 + H#2 <-> CH4 + #1 + #2                          [  1.11   -1.70   ] 

new_line: CH3#1 + H#2 <-> CH4 + #1 + #2                          [0.16421674515677376   -1.7]
line: CH3#1 + H#1 <-> CH4 + #1+ #1                           [  1.68   -1.06   ] 

new_line: CH3#1 + H#1 <-> CH4 + #1+ #1                           [0.2558996783570469   -1.06]
line: CH3#1 + OH#1 <-> CH4 + #1+ O#1                         [  0.79   -1.29   ] 

new_line: CH3#1 + OH#1 <-> CH4 + #1+ O#1                         [0.4666887649149083   -1.29]
line: CHO#1 + CO#1 <-> CH#1 + CO2#1                          [  1.14   -0.6300 ] 

new_line: CHO#1 + CO#1 <-> CH#1 + CO2#1                          [0.3647065564129578   -0.63]
line: CH2O#1 + CO#1 <-> CH2#1 + CO2#1                        [  1.930  -0.7800 ] 

new_line: CH2O#1 + CO#1 <-> CH2#1 + CO2#1                        [0.7943020654524086   -0.78]
line: CH3O#1 + CO#1 <-> CH3#1 + CO2#1                        [  2.59   -0.2500 ] 

new_line: CH3O#1 + CO#1 <-> CH3#1 + CO2#1                        [0.9195043045525471   -0.25]
line: CHO#1 + CO#2 <-> CH#1 + CO2#2                          [  2.35    0.3100 ] 

new_line: CHO#1 + CO#2 <-> CH#1 + CO2#2                          [0.6641419404015237   0.31]
line: CH2O#1 + CO#2 <-> CH2#1 + CO2#2                        [  2.55    0.1700 ] 

new_line: CH2O#1 + CO#2 <-> CH2#1 + CO2#2                        [1.6131872487964474   0.17]
line: CH3O#1 + CO#2 <-> CH3#1 + CO2#2                        [  3.32    0.7000 ] 

new_line: CH3O#1 + CO#2 <-> CH3#1 + CO2#2                        [1.3760886869246318   0.7]
line: CH2#1 + CO#2 <-> CH2CO#1 + #2                          [  0.50    0.2800 ] 

new_line: CH2#1 + CO#2 <-> CH2CO#1 + #2                          [1.1282898319153867   0.28]
line: CH2#1 + CO#1 <-> CH2CO#1 + #1                          [  0.88    0.4600 ] 

new_line: CH2#1 + CO#1 <-> CH2CO#1 + #1                          [0.7616626637006534   0.46]
line: CH2#2 + CO#2 <-> CH2CO#2 +#2                           [  0.20   -0.6300 ] 

new_line: CH2#2 + CO#2 <-> CH2CO#2 +#2                           [1.204941019777515   -0.63]
line: CH3#1 + CO#2 <-> CH3CO#1 + #2                          [  0.62    0.5000 ] 

new_line: CH3#1 + CO#2 <-> CH3CO#1 + #2                          [1.714397388597916   0.5]
line: CH3#1 + CO#1 <-> CH3CO#1 + #1                          [  0.97    0.6700 ] 

new_line: CH3#1 + CO#1 <-> CH3CO#1 + #1                          [1.8437435672929876   0.67]
line: CH3#2 + CO#2 <-> CH3CO#2 +#2                           [  0.53   -0.1000 ] 

new_line: CH3#2 + CO#2 <-> CH3CO#2 +#2                           [0.11711391777881007   -0.1]
line: CH3CO#1 + #1 <-> CH2CO#1 + H#1                         [  0.21   -0.7300 ] 

new_line: CH3CO#1 + #1 <-> CH2CO#1 + H#1                         [1.4159557954485327   -0.73]
line: CH3CO#1 + O#1 <-> CH2CO#1 + OH#1                       [  0.00   -0.4000 ] 

new_line: CH3CO#1 + O#1 <-> CH2CO#1 + OH#1                       [0.8081226723686292   -0.4]
line: CH3CO#2 + #1 <-> CH2CO#2 + H#1                         [  1.89    0.3200 ] 

new_line: CH3CO#2 + #1 <-> CH2CO#2 + H#1                         [1.5535774561784856   0.32]
line: CH3CO#2 + O#1 <-> CH2CO#2 + OH#1                       [  2.31    0.5400 ] 

new_line: 224845
CH3CO#2 + O#1 <-> CH2CO#2 + OH#1                       [1.976832745650297   0.54]
line: CH2CO#1 <-> CH2CO + #1                                 [ -0.093  -0.730  ] 

new_line: CH2CO#1 <-> CH2CO + #1                                 [0.47245933119396394   -0.73]
line: CH2CO#2 <-> CH2CO + #2                                 [ -0.575  -1.180  ] 

new_line: CH2CO#2 <-> CH2CO + #2                                 [0.3032905211792598   -1.18]
line: CO#2 + O#1 <-> CO2#1 + #2                              [  0.15    0.1200 ] 

new_line: CO#2 + O#1 <-> CO2#1 + #2                              [0.5018811483933527   0.12]
line: CO#2 + OH#1 <-> COOH#2 +#1                             [  1.7800  1.4800 ] 

new_line: CO#2 + OH#1 <-> COOH#2 +#1                             [1.5923234659784788   1.48]
line: COOH#2 + O#1 <-> CO2#2 + OH#1                          [  0.280  -0.2400 ] 

new_line: COOH#2 + O#1 <-> CO2#2 + OH#1                          [0.6815444783105004   -0.24]
line: COOH#2 + #1 <-> CO2#2 + H#1                            [  3.73   -0.4700 ] 

new_line: COOH#2 + #1 <-> CO2#2 + H#1                            [0.425897416755893   -0.47]
line: H#1 + OH#1 <-> H2O#1 + #1                              [  1.89    1.8900 ] 

new_line: H#1 + OH#1 <-> H2O#1 + #1                              [2.0094849752178088   1.89]
line: OH#1 + OH#1 <-> H2O#1 + O#1                            [  1.600   1.6400 ] 

new_line: OH#1 + OH#1 <-> H2O#1 + O#1                            [3.036444046464103   1.64]
line: H#2 + OH#1 <-> H2O#1 + #2                              [  1.96    1.2300 ] 

new_line: H#2 + OH#1 <-> H2O#1 + #2                              [2.1301676996566954   1.23]
line: CO2#1 <-> CO2 + #1                                     [  0.329  -0.3100 ] 

new_line: CO2#1 <-> CO2 + #1                                     [0.9286839221217718   -0.31]
line: CO2#2 <-> CO2 + #2                                     [ -0.824  -1.4300 ] 

new_line: CO2#2 <-> CO2 + #2                                     [0.17726125322147102   -1.43]
line: H2O#1 <-> H2O + #1                                     [ -0.227  -0.8400 ] 

new_line: H2O#1 <-> H2O + #1                                     [0.4398139260248308   -0.84]
wait
C
R
C
R
C
R
C
R
C
R
C
R
C
R
R
R
R
Run log in the file : /home/hxyang/my_Code/matlab_NN/test_sasian/test_new/test_67/1.5/result_1/log38
last_line: Run log in the file : /home/hxyang/my_Code/matlab_NN/test_sasian/test_new/test_67/1.5/result_1/log38 log_n 38
line: CO + #1 <-> CO#1                                       [  0.626   0.7300 ] 

new_line: CO + #1 <-> CO#1                                       [1.9433441849690032   0.73]
line: CO + #2 <-> CO#2                                       [  0.593   0.9100 ] 

new_line: CO + #2 <-> CO#2                                       [1.6540330576822142   0.91]
line: H2 + #1 <-> H2#1                                       [  0.549   0.9500 ] 

new_line: H2 + #1 <-> H2#1                                       [2.1100927686602633   0.95]
line: H2#1 + #2 <-> H#1 + H#2                                [  0.430  -0.7100 ] 

new_line: H2#1 + #2 <-> H#1 + H#2                                [0.8763260632074001   -0.71]
line: H#2 + #1 <-> H#1 + #2                                  [     0   -0.6400 ] 

new_line: H#2 + #1 <-> H#1 + #2                                  [0.07786527896082027   -0.64]
line: CO#1 + H#1 <-> CHO#1 + #1                              [  0.620   0.5900 ] 

new_line: CO#1 + H#1 <-> CHO#1 + #1                              [1.554386712413684   0.59]
line: CO#1 + H#1 <-> COH#1 + #1                              [  2.220   1.9400 ] 

new_line: CO#1 + H#1 <-> COH#1 + #1                              [3.2307766854703788   1.94]
line: CHO#1 + H#1 <-> CH2O#1 + #1                            [  0.290  -0.3200 ] 

new_line: CHO#1 + H#1 <-> CH2O#1 + #1                            [1.1917648921651671   -0.32]
line: CHO#1 + H#1 <-> CHOH#1 + #1                            [  1.42    0.4200 ] 

new_line: CHO#1 + H#1 <-> CHOH#1 + #1                            [1.7221529558855033   0.42]
line: CH2O#1 + H#1 <-> CH3O#1 + #1                           [  0.850  -0.0100 ] 

new_line: CH2O#1 + H#1 <-> CH3O#1 + #1                           [0.8615644470961559   -0.01]
line: CH2O#1 + H#1 <-> CH2OH#1 + #1                          [  2.71    1.5800 ] 

new_line: CH2O#1 + H#1 <-> CH2OH#1 + #1                          [2.8650592645423143   1.58]
line: COH#1 + H#1 <-> CHOH#1 + #1                            [  0.55   -0.9400 ] 

new_line: COH#1 + H#1 <-> CHOH#1 + #1                            [0.6559621131721649   -0.94]
line: CHOH#1 + H#1 <-> CH2OH#1 + #1                          [  1.66    0.8400 ] 

new_line: CHOH#1 + H#1 <-> CH2OH#1 + #1                          [1.0906364885283084   0.84]
line: CH2OH#1 + H#1 <-> CH3OH#1 + #1                         [  1.04    0.3100 ] 

new_line: CH2OH#1 + H#1 <-> CH3OH#1 + #1                         [1.4898301892395627   0.31]
line: CH3O#1 + H#1 <-> CH3OH#1 + #1                          [  1.91    1.9100 ] 

new_line: CH3O#1 + H#1 <-> CH3OH#1 + #1                          [2.6548935837103014   1.91]
line: CH2O#1 <-> CH2O + #1                                   [  0.848   0.2200 ] 

new_line: CH2O#1 <-> CH2O + #1                                   [0.8701579683159962   0.22]
line: CH3OH#1 <-> CH3OH + #1                                 [ -0.79   -1.4200 ] 

new_line: CH3OH#1 <-> CH3OH + #1                                 [0.16168175770409507   -1.42]
line: CHO#1 + #1 <-> CH#1 + O#1                              [  0.22   -0.9300 ] 

new_line: CHO#1 + #1 <-> CH#1 + O#1                              [1.224850359436535   -0.93]
line: CH2O#1 + #1 <-> CH2#1 + O#1                            [  1.08   -1.070  ] 

new_line: CH2O#1 + #1 <-> CH2#1 + O#1                            [0.4506722437283762   -1.07]
line: CH2O#1 + #2 <-> CH2#2 + O#1                            [  2.68    0.2900 ] 

new_line: CH2O#1 + #2 <-> CH2#2 + O#1                            [1.3012450630397605   0.29]
line: CHOH#1 + #1 <-> CH#1 + OH#1                            [  0.36   -1.1200 ] 

new_line: CHOH#1 + #1 <-> CH#1 + OH#1                            [1.4286845766045337   -1.12]
line: CH2OH#1 + #1 <-> CH2#1 + OH#1                          [  1.22   -2.4200 ] 

new_line: CH2OH#1 + #1 <-> CH2#1 + OH#1                          [0.4381890323438383   -2.42]
line: CH2OH#1 + #2 <-> CH2#2 + OH#1                          [  0.30   -1.0600 ] 

new_line: CH2OH#1 + #2 <-> CH2#2 + OH#1                          [0.30986548479894216   -1.06]
line: CH3O#1 + #1 <-> CH3#1 + O#1                            [  1.83   -0.5400 ] 

new_line: CH3O#1 + #1 <-> CH3#1 + O#1                            [0.6512373266875625   -0.54]
line: CH3O#1 + #2 <-> CH3#2 + O#1                            [  1.77   -0.5300 ] 

new_line: CH3O#1 + #2 <-> CH3#2 + O#1                            [1.2576696042563718   -0.53]
line: CH3OH#1 + #1 <-> CH3#1 + OH#1                          [  0.53   -2.2200 ] 

new_line: CH3OH#1 + #1 <-> CH3#1 + OH#1                          [0.8751469579851069   -2.22]
line: CH3OH#1 + #2 <-> CH3#2 + OH#1                          [  0.74   -2.2100 ] 

new_line: CH3OH#1 + #2 <-> CH3#2 + OH#1                          [0.1273917556101642   -2.21]
line: CH#1 + H#1 <-> CH2#1 + #1                              [  0.94   -0.460  ] 

new_line: CH#1 + H#1 <-> CH2#1 + #1                              [0.7260765866977155   -0.46]
line: CH#1 + OH#1 <-> CH2#1 + O#1                            [  0.53   -0.6900 ] 

new_line: CH#1 + OH#1 <-> CH2#1 + O#1                            [1.3972598307135096   -0.69]
line: CH2#1 + H#1 <-> CH3#1 + #1                             [  1.57    0.51   ] 

new_line: CH2#1 + H#1 <-> CH3#1 + #1                             [1.948433250022328   0.51]
line: CH2#2 + H#1 <-> CH3#2 + #1                             [  0.55   -0.84   ] 

new_line: CH2#2 + H#1 <-> CH3#2 + #1                             [0.7811554059143301   -0.84]
line: CH2#2 + OH#1 <->CH3#2 + O#1                            [  0.74   -1.07   ] 

new_line: CH2#2 + OH#1 <->CH3#2 + O#1                            [0.5384412708878785   -1.07]
line: 224846
CH2#1 + OH#1 <->CH3#1 + O#1                            [  0.87    0.28   ] 

new_line: CH2#1 + OH#1 <->CH3#1 + O#1                            [0.819561678450753   0.28]
line: CH3#2 + H#2 <-> CH4 + #2 + #2                          [  1.15   -1.710  ] 

new_line: CH3#2 + H#2 <-> CH4 + #2 + #2                          [0.7125407452221625   -1.71]
line: CH3#2 + OH#1 <-> CH4 + #2 + O#1                        [  0.75   -1.30   ] 

new_line: CH3#2 + OH#1 <-> CH4 + #2 + O#1                        [1.0951970212773199   -1.3]
line: CH3#2 + H#1 <-> CH4 + #1 + #2                          [  1.27   -1.07   ] 

new_line: CH3#2 + H#1 <-> CH4 + #1 + #2                          [0.3719773280252656   -1.07]
line: CH3#1 + H#2 <-> CH4 + #1 + #2                          [  1.11   -1.70   ] 

new_line: CH3#1 + H#2 <-> CH4 + #1 + #2                          [1.3850345163614457   -1.7]
line: CH3#1 + H#1 <-> CH4 + #1+ #1                           [  1.68   -1.06   ] 

new_line: CH3#1 + H#1 <-> CH4 + #1+ #1                           [0.7046383177107405   -1.06]
line: CH3#1 + OH#1 <-> CH4 + #1+ O#1                         [  0.79   -1.29   ] 

new_line: CH3#1 + OH#1 <-> CH4 + #1+ O#1                         [0.19839002808592787   -1.29]
line: CHO#1 + CO#1 <-> CH#1 + CO2#1                          [  1.14   -0.6300 ] 

new_line: CHO#1 + CO#1 <-> CH#1 + CO2#1                          [0.7091103064527366   -0.63]
line: CH2O#1 + CO#1 <-> CH2#1 + CO2#1                        [  1.930  -0.7800 ] 

new_line: CH2O#1 + CO#1 <-> CH2#1 + CO2#1                        [1.4180139840334658   -0.78]
line: CH3O#1 + CO#1 <-> CH3#1 + CO2#1                        [  2.59   -0.2500 ] 

new_line: CH3O#1 + CO#1 <-> CH3#1 + CO2#1                        [0.7754456678682251   -0.25]
line: CHO#1 + CO#2 <-> CH#1 + CO2#2                          [  2.35    0.3100 ] 

new_line: CHO#1 + CO#2 <-> CH#1 + CO2#2                          [1.4655072525947836   0.31]
line: CH2O#1 + CO#2 <-> CH2#1 + CO2#2                        [  2.55    0.1700 ] 

new_line: CH2O#1 + CO#2 <-> CH2#1 + CO2#2                        [1.6187721140283973   0.17]
line: CH3O#1 + CO#2 <-> CH3#1 + CO2#2                        [  3.32    0.7000 ] 

new_line: CH3O#1 + CO#2 <-> CH3#1 + CO2#2                        [1.8694657464499242   0.7]
line: CH2#1 + CO#2 <-> CH2CO#1 + #2                          [  0.50    0.2800 ] 

new_line: CH2#1 + CO#2 <-> CH2CO#1 + #2                          [1.709389047139079   0.28]
line: CH2#1 + CO#1 <-> CH2CO#1 + #1                          [  0.88    0.4600 ] 

new_line: CH2#1 + CO#1 <-> CH2CO#1 + #1                          [1.0529831246047474   0.46]
line: CH2#2 + CO#2 <-> CH2CO#2 +#2                           [  0.20   -0.6300 ] 

new_line: CH2#2 + CO#2 <-> CH2CO#2 +#2                           [0.68497741252839   -0.63]
line: CH3#1 + CO#2 <-> CH3CO#1 + #2                          [  0.62    0.5000 ] 

new_line: CH3#1 + CO#2 <-> CH3CO#1 + #2                          [1.2267962747130166   0.5]
line: CH3#1 + CO#1 <-> CH3CO#1 + #1                          [  0.97    0.6700 ] 

new_line: CH3#1 + CO#1 <-> CH3CO#1 + #1                          [1.135330283556191   0.67]
line: CH3#2 + CO#2 <-> CH3CO#2 +#2                           [  0.53   -0.1000 ] 

new_line: CH3#2 + CO#2 <-> CH3CO#2 +#2                           [0.6793458041562288   -0.1]
line: CH3CO#1 + #1 <-> CH2CO#1 + H#1                         [  0.21   -0.7300 ] 

new_line: CH3CO#1 + #1 <-> CH2CO#1 + H#1                         [0.5688359238500168   -0.73]
line: CH3CO#1 + O#1 <-> CH2CO#1 + OH#1                       [  0.00   -0.4000 ] 

new_line: CH3CO#1 + O#1 <-> CH2CO#1 + OH#1                       [0.055446811018673735   -0.4]
line: CH3CO#2 + #1 <-> CH2CO#2 + H#1                         [  1.89    0.3200 ] 

new_line: CH3CO#2 + #1 <-> CH2CO#2 + H#1                         [0.35880709395264976   0.32]
line: CH3CO#2 + O#1 <-> CH2CO#2 + OH#1                       [  2.31    0.5400 ] 

new_line: CH3CO#2 + O#1 <-> CH2CO#2 + OH#1                       [0.775963492128952   0.54]
line: CH2CO#1 <-> CH2CO + #1                                 [ -0.093  -0.730  ] 

new_line: CH2CO#1 <-> CH2CO + #1                                 [0.09256690165449913   -0.73]
line: CH2CO#2 <-> CH2CO + #2                                 [ -0.575  -1.180  ] 

new_line: CH2CO#2 <-> CH2CO + #2                                 [0.8495725968167608   -1.18]
line: CO#2 + O#1 <-> CO2#1 + #2                              [  0.15    0.1200 ] 

new_line: CO#2 + O#1 <-> CO2#1 + #2                              [1.3352639025653086   0.12]
line: CO#2 + OH#1 <-> COOH#2 +#1                             [  1.7800  1.4800 ] 

new_line: CO#2 + OH#1 <-> COOH#2 +#1                             [1.8055260039569032   1.48]
line: COOH#2 + O#1 <-> CO2#2 + OH#1                          [  0.280  -0.2400 ] 

new_line: COOH#2 + O#1 <-> CO2#2 + OH#1                          [1.2929990137605591   -0.24]
line: COOH#2 + #1 <-> CO2#2 + H#1                            [  3.73   -0.4700 ] 

new_line: COOH#2 + #1 <-> CO2#2 + H#1                            [0.03545846991499529   -0.47]
line: H#1 + OH#1 <-> H2O#1 + #1                              [  1.89    1.8900 ] 

new_line: H#1 + OH#1 <-> H2O#1 + #1                              [2.197228506824482   1.89]
line: OH#1 + OH#1 <-> H2O#1 + O#1                            [  1.600   1.6400 ] 

new_line: OH#1 + OH#1 <-> H2O#1 + O#1                            [1.8774297386528913   1.64]
line: H#2 + OH#1 <-> H2O#1 + #2                              [  1.96    1.2300 ] 

new_line: H#2 + OH#1 <-> H2O#1 + #2                              [1.7492308957862046   1.23]
line: CO2#1 <-> CO2 + #1                                     [  0.329  -0.3100 ] 

new_line: CO2#1 <-> CO2 + #1                                     [1.268868076453289   -0.31]
line: CO2#2 <-> CO2 + #2                                     [ -0.824  -1.4300 ] 

new_line: CO2#2 <-> CO2 + #2                                     [1.3405832240576132   -1.43]
line: H2O#1 <-> H2O + #1                                     [ -0.227  -0.8400 ] 

new_line: H2O#1 <-> H2O + #1                                     [0.7494024528576957   -0.84]
wait
C
R
C
R
C
R
C
R
C
R
C
R
R
R
R
Run log in the file : /home/hxyang/my_Code/matlab_NN/test_sasian/test_new/test_67/1.5/result_1/log39
last_line: Run log in the file : /home/hxyang/my_Code/matlab_NN/test_sasian/test_new/test_67/1.5/result_1/log39 log_n 39
line: CO + #1 <-> CO#1                                       [  0.626   0.7300 ] 

new_line: CO + #1 <-> CO#1                                       [1.4787784701448397   0.73]
line: CO + #2 <-> CO#2                                       [  0.593   0.9100 ] 

new_line: CO + #2 <-> CO#2                                       [2.066648016390372   0.91]
line: H2 + #1 <-> H2#1                                       [  0.549   0.9500 ] 

new_line: H2 + #1 <-> H2#1                                       [1.9915848795495539   0.95]
line: H2#1 + #2 <-> H#1 + H#2                                [  0.430  -0.7100 ] 

new_line: H2#1 + #2 <-> H#1 + H#2                                [1.332604171056274   -0.71]
line: H#2 + #1 <-> H#1 + #2                                  [     0   -0.6400 ] 

new_line: H#2 + #1 <-> H#1 + #2                                  [1.272698589262389   -0.64]
line: CO#1 + H#1 <-> CHO#1 + #1                              [  0.620   0.5900 ] 

new_line: CO#1 + H#1 <-> CHO#1 + #1                              [1.2776664067405803   0.59]
line: CO#1 + H#1 <-> COH#1 + #1                              [  2.220   1.9400 ] 

new_line: CO#1 + H#1 <-> COH#1 + #1                              [2.687716589131327   1.94]
line: CHO#1 + H#1 <-> CH2O#1 + #1                            [  0.290  -0.3200 ] 

new_line: CHO#1 + H#1 <-> CH2O#1 + #1                            [0.27282108984467907   -0.32]
line: CHO#1 + H#1 <-> CHOH#1 + #1                            [  1.42    0.4200 ] 

new_line: CHO#1 + H#1 <-> CHOH#1 + #1                            [1.0819618034995095   0.42]
line: CH2O#1 + H#1 <-> CH3O#1 + #1                           [  0.850  -0.0100 ] 

new_line: CH2O#1 + H#1 <-> CH3O#1 + #1                           [0.2372465375639156   -0.01]
line: CH2O#1 + H#1 <-> CH2OH#1 + #1                          [  2.71    1.5800 ] 

new_line: CH2O#1 + H#1 <-> CH2OH#1 + #1                          [2.6710450791967997   1.58]
line: COH#1 + H#1 <-> CHOH#1 + #1                            [  0.55   -0.9400 ] 

new_line: COH#1 + H#1 <-> CHOH#1 + #1                            [0.161729131015036   -0.94]
line: CHOH#1 + H#1 <-> CH2OH#1 + #1                          [  1.66    0.8400 ] 

new_line: CHOH#1 + H#1 <-> CH2OH#1 + #1                          [1.4270127006066118   0.84]
line: CH2OH#1 + H#1 <-> CH3OH#1 + #1                         [  1.04    0.3100 ] 

new_line: CH2OH#1 + H#1 <-> CH3OH#1 + #1                         [0.6730665441726486   0.31]
line: CH3O#1 + H#1 <-> CH3OH#1 + #1                          [  1.91    1.9100 ] 

new_line: CH3O#1 + H#1 <-> CH3OH#1 + #1                          [3.2504323445828978   1.91]
line: CH2O#1 <-> CH2O + #1                                   [  0.848   0.2200 ] 

new_line: CH2O#1 <-> CH2O + #1                                   [0.4200999111465291   0.22]
line: CH3OH#1 <-> CH3OH + #1                                 [ -0.79   -1.4200 ] 

new_line: CH3OH#1 <-> CH3OH + #1                                 [1.4406955681998614   -1.42]
line: CHO#1 + #1 <-> CH#1 + O#1                              [  0.22   -0.9300 ] 

new_line: CHO#1 + #1 <-> CH#1 + O#1                              [0.9782515547714163   -0.93]
line: CH2O#1 + #1 <-> CH2#1 + O#1                            [  1.08   -1.070  ] 

new_line: CH2O#1 + #1 <-> CH2#1 + O#1                            [0.7970548522022409   -1.07]
line: CH2O#1 + #2 <-> CH2#2 + O#1                            [  2.68    0.2900 ] 

new_line: CH2O#1 + #2 <-> CH2#2 + O#1                            [0.3506047372743422   0.29]
line: CHOH#1 + #1 <-> CH#1 + OH#1                            [  0.36   -1.1200 ] 

new_line: CHOH#1 + #1 <-> CH#1 + OH#1                            [0.5071103372467727   -1.12]
line: CH2OH#1 + #1 <-> CH2#1 + OH#1                          [  1.22   -2.4200 ] 

new_line: CH2OH#1 + #1 <-> CH2#1 + OH#1                          [0.4879098224685541   -2.42]
line: CH2OH#1 + #2 <-> CH2#2 + OH#1                          [  0.30   -1.0600 ] 

new_line: CH2OH#1 + #2 <-> CH2#2 + OH#1                          [1.2977983610043577   -1.06]
line: CH3O#1 + #1 <-> CH3#1 + O#1                            [  1.83   -0.5400 ] 

new_line: CH3O#1 + #1 <-> CH3#1 + O#1                            [0.08275010243392324   -0.54]
line: CH3O#1 + #2 <-> CH3#2 + O#1                            [  1.77   -0.5300 ] 

new_line: CH3O#1 + #2 <-> CH3#2 + O#1                            [0.032569657190504225   -0.53]
line: CH3OH#1 + #1 <-> CH3#1 + OH#1                          [  0.53   -2.2200 ] 

new_line: CH3OH#1 + #1 <-> CH3#1 + OH#1                          [0.621966144741926   -2.22]
line: CH3OH#1 + #2 <-> CH3#2 + OH#1                          [  0.74   -2.2100 ] 

new_line: CH3OH#1 + #2 <-> CH3#2 + OH#1                          [1.3661666699872028   -2.21]
line: CH#1 + H#1 <-> CH2#1 + #1                              [  0.94   -0.460  ] 

new_line: CH#1 + H#1 <-> CH2#1 + #1                              [0.9907899330008594   -0.46]
line: CH#1 + OH#1 <-> CH2#1 + O#1                            [  0.53   -0.6900 ] 

new_line: CH#1 + OH#1 <-> CH2#1 + O#1                            [0.8170067757644914   -0.69]
line: CH2#1 + H#1 <-> CH3#1 + #1                             [  1.57    0.51   ] 

new_line: CH2#1 + H#1 <-> CH3#1 + #1                             [1.3375369873572693   0.51]
line: CH2#2 + H#1 <-> CH3#2 + #1                             [  0.55   -0.84   ] 

new_line: CH2#2 + H#1 <-> CH3#2 + #1                             [0.5585302197992802   -0.84]
line: CH2#2 + OH#1 <->CH3#2 + O#1                            [  0.74   -1.07   ] 

new_line: CH2#2 + OH#1 <->CH3#2 + O#1                            [0.4891792141581162   -1.07]
line: CH2#1 + OH#1 <->CH3#1 + O#1                            [  0.87    0.28   ] 

new_line: CH2#1 + OH#1 <->CH3#1 + O#1                            [0.7119663444848726   0.28]
line: CH3#2 + H#2 <-> CH4 + #2 + #2                          [  1.15   -1.710  ] 

new_line: CH3#2 + H#2 <-> CH4 + #2 + #2                          [0.18427950571718546   -1.71]
line: CH3#2 + OH#1 <-> CH4 + #2 + O#1                        [  0.75   -1.30   ] 

new_line: CH3#2 + OH#1 <-> CH4 + #2 + O#1                        [0.3294538021781737   -1.3]
line: CH3#2 + H#1 <-> CH4 + #1 + #2                          [  1.27   -1.07   ] 

new_line: CH3#2 + H#1 <-> CH4 + #1 + #2                          [0.4021122160437348   -1.07]
line: CH3#1 + H#2 <-> CH4 + #1 + #2                          [  1.11   -1.70   ] 

new_line: CH3#1 + H#2 <-> CH4 + #1 + #2                          [0.44332853671711664   -1.7]
line: CH3#1 + H#1 <-> CH4 + #1+ #1                           [  1.68   -1.06   ] 

new_line: CH3#1 + H#1 <-> CH4 + #1+ #1                           [1.4779437696760733   -1.06]
line: CH3#1 + OH#1 <-> CH4 + #1+ O#1                         [  0.79   -1.29   ] 

new_line: CH3#1 + OH#1 <-> CH4 + #1+ O#1                         [0.0018693381497882538   -1.29]
line: CHO#1 + CO#1 <-> CH#1 + CO2#1                          [  1.14   -0.6300 ] 

new_line: CHO#1 + CO#1 <-> CH#1 + CO2#1                          [1.0526230092073696   -0.63]
line: CH2O#1 + CO#1 <-> CH2#1 + CO2#1                        [  1.930  -0.7800 ] 

new_line: CH2O#1 + CO#1 <-> CH2#1 + CO2#1                        [1.0395096522898353   -0.78]
line: CH3O#1 + CO#1 <-> CH3#1 + CO2#1                        [  2.59   -0.2500 ] 

new_line: CH3O#1 + CO#1 <-> CH3#1 + CO2#1                        [0.013674065437089586   -0.25]
line: CHO#1 + CO#2 <-> CH#1 + CO2#2                          [  2.35    0.3100 ] 

new_line: CHO#1 + CO#2 <-> CH#1 + CO2#2                          [0.41006943613968017   0.31]
line: CH2O#1 + CO#2 <-> CH2#1 + CO2#2                        [  2.55    0.1700 ] 

new_line: CH2O#1 + CO#2 <-> CH2#1 + CO2#2                        [0.19322037350615062   0.17]
line: CH3O#1 + CO#2 <-> CH3#1 + CO2#2                        [  3.32    0.7000 ] 

new_line: CH3O#1 + CO#2 <-> CH3#1 + CO2#2                        [0.9534110176708969   0.7]
line: CH2#1 + CO#2 <-> CH2CO#1 + #2                          [  0.50    0.2800 ] 

new_line: CH2#1 + CO#2 <-> CH2CO#1 + #2                          [0.6553925547282553   0.28]
line: CH2#1 + CO#1 <-> CH2CO#1 + #1                          [  0.88    0.4600 ] 

new_line: CH2#1 + CO#1 <-> CH2CO#1 + #1                          [0.9621778855835448   0.46]
line: CH2#2 + CO#2 <-> CH2CO#2 +#2                           [  0.20   -0.6300 ] 

new_line: CH2#2 + CO#2 <-> CH2CO#2 +#2                           [1.2838171120465085   -0.63]
line: CH3#1 + CO#2 <-> CH3CO#1 + #2                          [  0.62    0.5000 ] 

new_line: CH3#1 + CO#2 <-> CH3CO#1 + #2                          [1.8194808170325896   0.5]
line: CH3#1 + CO#1 <-> CH3CO#1 + #1                          [  0.97    0.6700 ] 

new_line: CH3#1 + CO#1 <-> CH3CO#1 + #1                          [2.1189925497088833   0.67]
line: CH3#2 + CO#2 <-> CH3CO#2 +#2                           [  0.53   -0.1000 ] 

new_line: CH3#2 + CO#2 <-> CH3CO#2 +#2                           [0.26113128202707475   -0.1]
line: CH3CO#1 + #1 <-> CH2CO#1 + H#1                         [  0.21   -0.7300 ] 

new_line: CH3CO#1 + #1 <-> CH2CO#1 + H#1                         [1.0469401602044894   -0.73]
line: CH3CO#1 + O#1 <-> CH2CO#1 + OH#1                       [  0.00   -0.4000 ] 

new_line: CH3CO#1 + O#1 <-> CH2CO#1 + OH#1                       [0.4406115363538039   -0.4]
line: CH3CO#2 + #1 <-> CH2CO#2 + H#1                         [  1.89    0.3200 ] 

new_line: CH3CO#2 + #1 <-> CH2CO#2 + H#1                         [0.33301940104290895   0.32]
line: CH3CO#2 + O#1 <-> CH2CO#2 + OH#1                       [  2.31    0.5400 ] 

new_line: CH3CO#2 + O#1 <-> CH2CO#2 + OH#1                       [1.3663899204644463   0.54]
line: CH2CO#1 <-> CH2CO + #1                                 [ -0.093  -0.730  ] 

new_line: CH2CO#1 <-> CH2CO + #1                                 [0.4618997019770053   -0.73]
line: 224853
CH2CO#2 <-> CH2CO + #2                                 [ -0.575  -1.180  ] 

new_line: CH2CO#2 <-> CH2CO + #2                                 [0.5150586071260329   -1.18]
line: CO#2 + O#1 <-> CO2#1 + #2                              [  0.15    0.1200 ] 

new_line: CO#2 + O#1 <-> CO2#1 + #2                              [1.0337357091447275   0.12]
line: CO#2 + OH#1 <-> COOH#2 +#1                             [  1.7800  1.4800 ] 

new_line: CO#2 + OH#1 <-> COOH#2 +#1                             [2.487141792344141   1.48]
line: COOH#2 + O#1 <-> CO2#2 + OH#1                          [  0.280  -0.2400 ] 

new_line: COOH#2 + O#1 <-> CO2#2 + OH#1                          [1.1418083967032715   -0.24]
line: COOH#2 + #1 <-> CO2#2 + H#1                            [  3.73   -0.4700 ] 

new_line: COOH#2 + #1 <-> CO2#2 + H#1                            [0.5812454426521063   -0.47]
line: H#1 + OH#1 <-> H2O#1 + #1                              [  1.89    1.8900 ] 

new_line: H#1 + OH#1 <-> H2O#1 + #1                              [2.1542383013912296   1.89]
line: OH#1 + OH#1 <-> H2O#1 + O#1                            [  1.600   1.6400 ] 

new_line: OH#1 + OH#1 <-> H2O#1 + O#1                            [2.2157768482648748   1.64]
line: H#2 + OH#1 <-> H2O#1 + #2                              [  1.96    1.2300 ] 

new_line: H#2 + OH#1 <-> H2O#1 + #2                              [1.6563939230816562   1.23]
line: CO2#1 <-> CO2 + #1                                     [  0.329  -0.3100 ] 

new_line: CO2#1 <-> CO2 + #1                                     [1.3896522554248296   -0.31]
line: CO2#2 <-> CO2 + #2                                     [ -0.824  -1.4300 ] 

new_line: CO2#2 <-> CO2 + #2                                     [0.6774066735283995   -1.43]
line: H2O#1 <-> H2O + #1                                     [ -0.227  -0.8400 ] 

new_line: H2O#1 <-> H2O + #1                                     [1.0641294910349592   -0.84]
wait
C
R
C
R
C
R
C
R
C
R
C
R
C
R
R
R
Run log in the file : /home/hxyang/my_Code/matlab_NN/test_sasian/test_new/test_67/1.5/result_1/log40
last_line: Run log in the file : /home/hxyang/my_Code/matlab_NN/test_sasian/test_new/test_67/1.5/result_1/log40 log_n 40
line: CO + #1 <-> CO#1                                       [  0.626   0.7300 ] 

new_line: CO + #1 <-> CO#1                                       [1.671697879689542   0.73]
line: CO + #2 <-> CO#2                                       [  0.593   0.9100 ] 

new_line: CO + #2 <-> CO#2                                       [1.6806508349350606   0.91]
line: H2 + #1 <-> H2#1                                       [  0.549   0.9500 ] 

new_line: H2 + #1 <-> H2#1                                       [1.4095028856198693   0.95]
line: H2#1 + #2 <-> H#1 + H#2                                [  0.430  -0.7100 ] 

new_line: H2#1 + #2 <-> H#1 + H#2                                [0.6807739611594612   -0.71]
line: H#2 + #1 <-> H#1 + #2                                  [     0   -0.6400 ] 

new_line: H#2 + #1 <-> H#1 + #2                                  [0.47980041233604526   -0.64]
line: CO#1 + H#1 <-> CHO#1 + #1                              [  0.620   0.5900 ] 

new_line: CO#1 + H#1 <-> CHO#1 + #1                              [1.9334267511415808   0.59]
line: CO#1 + H#1 <-> COH#1 + #1                              [  2.220   1.9400 ] 

new_line: CO#1 + H#1 <-> COH#1 + #1                              [2.878223342376433   1.94]
line: CHO#1 + H#1 <-> CH2O#1 + #1                            [  0.290  -0.3200 ] 

new_line: CHO#1 + H#1 <-> CH2O#1 + #1                            [0.30613394173040676   -0.32]
line: CHO#1 + H#1 <-> CHOH#1 + #1                            [  1.42    0.4200 ] 

new_line: CHO#1 + H#1 <-> CHOH#1 + #1                            [1.81935513566574   0.42]
line: CH2O#1 + H#1 <-> CH3O#1 + #1                           [  0.850  -0.0100 ] 

new_line: CH2O#1 + H#1 <-> CH3O#1 + #1                           [1.444956560103083   -0.01]
line: CH2O#1 + H#1 <-> CH2OH#1 + #1                          [  2.71    1.5800 ] 

new_line: CH2O#1 + H#1 <-> CH2OH#1 + #1                          [3.003609609659023   1.58]
line: COH#1 + H#1 <-> CHOH#1 + #1                            [  0.55   -0.9400 ] 

new_line: COH#1 + H#1 <-> CHOH#1 + #1                            [0.9775546213494587   -0.94]
line: CHOH#1 + H#1 <-> CH2OH#1 + #1                          [  1.66    0.8400 ] 

new_line: CHOH#1 + H#1 <-> CH2OH#1 + #1                          [2.2948679186524967   0.84]
line: CH2OH#1 + H#1 <-> CH3OH#1 + #1                         [  1.04    0.3100 ] 

new_line: CH2OH#1 + H#1 <-> CH3OH#1 + #1                         [0.7990512352229813   0.31]
line: CH3O#1 + H#1 <-> CH3OH#1 + #1                          [  1.91    1.9100 ] 

new_line: CH3O#1 + H#1 <-> CH3OH#1 + #1                          [2.1904290598258678   1.91]
line: CH2O#1 <-> CH2O + #1                                   [  0.848   0.2200 ] 

new_line: CH2O#1 <-> CH2O + #1                                   [0.4429231202086178   0.22]
line: CH3OH#1 <-> CH3OH + #1                                 [ -0.79   -1.4200 ] 

new_line: CH3OH#1 <-> CH3OH + #1                                 [1.264713651522628   -1.42]
line: CHO#1 + #1 <-> CH#1 + O#1                              [  0.22   -0.9300 ] 

new_line: CHO#1 + #1 <-> CH#1 + O#1                              [0.5397742929399483   -0.93]
line: CH2O#1 + #1 <-> CH2#1 + O#1                            [  1.08   -1.070  ] 

new_line: CH2O#1 + #1 <-> CH2#1 + O#1                            [1.4035630950465936   -1.07]
line: CH2O#1 + #2 <-> CH2#2 + O#1                            [  2.68    0.2900 ] 

new_line: CH2O#1 + #2 <-> CH2#2 + O#1                            [0.29648174605820143   0.29]
line: CHOH#1 + #1 <-> CH#1 + OH#1                            [  0.36   -1.1200 ] 

new_line: CHOH#1 + #1 <-> CH#1 + OH#1                            [0.10523023733204814   -1.12]
line: CH2OH#1 + #1 <-> CH2#1 + OH#1                          [  1.22   -2.4200 ] 

new_line: CH2OH#1 + #1 <-> CH2#1 + OH#1                          [0.536047575360708   -2.42]
line: CH2OH#1 + #2 <-> CH2#2 + OH#1                          [  0.30   -1.0600 ] 

new_line: CH2OH#1 + #2 <-> CH2#2 + OH#1                          [0.14294190643529558   -1.06]
line: CH3O#1 + #1 <-> CH3#1 + O#1                            [  1.83   -0.5400 ] 

new_line: CH3O#1 + #1 <-> CH3#1 + O#1                            [0.7638555334160602   -0.54]
line: CH3O#1 + #2 <-> CH3#2 + O#1                            [  1.77   -0.5300 ] 

new_line: CH3O#1 + #2 <-> CH3#2 + O#1                            [0.9091570739435327   -0.53]
line: CH3OH#1 + #1 <-> CH3#1 + OH#1                          [  0.53   -2.2200 ] 

new_line: CH3OH#1 + #1 <-> CH3#1 + OH#1                          [1.304432924026872   -2.22]
line: CH3OH#1 + #2 <-> CH3#2 + OH#1                          [  0.74   -2.2100 ] 

new_line: CH3OH#1 + #2 <-> CH3#2 + OH#1                          [1.085877301397613   -2.21]
line: CH#1 + H#1 <-> CH2#1 + #1                              [  0.94   -0.460  ] 

new_line: CH#1 + H#1 <-> CH2#1 + #1                              [0.37090566887820686   -0.46]
line: CH#1 + OH#1 <-> CH2#1 + O#1                            [  0.53   -0.6900 ] 

new_line: CH#1 + OH#1 <-> CH2#1 + O#1                            [0.5006679651392328   -0.69]
line: CH2#1 + H#1 <-> CH3#1 + #1                             [  1.57    0.51   ] 

new_line: CH2#1 + H#1 <-> CH3#1 + #1                             [1.1546660840688596   0.51]
line: CH2#2 + H#1 <-> CH3#2 + #1                             [  0.55   -0.84   ] 

new_line: CH2#2 + H#1 <-> CH3#2 + #1                             [1.231976607219007   -0.84]
line: CH2#2 + OH#1 <->CH3#2 + O#1                            [  0.74   -1.07   ] 

new_line: CH2#2 + OH#1 <->CH3#2 + O#1                            [0.41214021720974237   -1.07]
line: CH2#1 + OH#1 <->CH3#1 + O#1                            [  0.87    0.28   ] 

new_line: CH2#1 + OH#1 <->CH3#1 + O#1                            [1.2447142642498707   0.28]
line: CH3#2 + H#2 <-> CH4 + #2 + #2                          [  1.15   -1.710  ] 

new_line: 224854
CH3#2 + H#2 <-> CH4 + #2 + #2                          [0.1327193517089914   -1.71]
line: CH3#2 + OH#1 <-> CH4 + #2 + O#1                        [  0.75   -1.30   ] 

new_line: CH3#2 + OH#1 <-> CH4 + #2 + O#1                        [0.8884882442517334   -1.3]
line: CH3#2 + H#1 <-> CH4 + #1 + #2                          [  1.27   -1.07   ] 

new_line: CH3#2 + H#1 <-> CH4 + #1 + #2                          [1.4185699870758146   -1.07]
line: CH3#1 + H#2 <-> CH4 + #1 + #2                          [  1.11   -1.70   ] 

new_line: CH3#1 + H#2 <-> CH4 + #1 + #2                          [1.1930726829444604   -1.7]
line: CH3#1 + H#1 <-> CH4 + #1+ #1                           [  1.68   -1.06   ] 

new_line: CH3#1 + H#1 <-> CH4 + #1+ #1                           [0.7904330490475646   -1.06]
line: CH3#1 + OH#1 <-> CH4 + #1+ O#1                         [  0.79   -1.29   ] 

new_line: CH3#1 + OH#1 <-> CH4 + #1+ O#1                         [1.047912753901779   -1.29]
line: CHO#1 + CO#1 <-> CH#1 + CO2#1                          [  1.14   -0.6300 ] 

new_line: CHO#1 + CO#1 <-> CH#1 + CO2#1                          [0.45411116158922127   -0.63]
line: CH2O#1 + CO#1 <-> CH2#1 + CO2#1                        [  1.930  -0.7800 ] 

new_line: CH2O#1 + CO#1 <-> CH2#1 + CO2#1                        [0.021092388513170475   -0.78]
line: CH3O#1 + CO#1 <-> CH3#1 + CO2#1                        [  2.59   -0.2500 ] 

new_line: CH3O#1 + CO#1 <-> CH3#1 + CO2#1                        [0.11123192280227645   -0.25]
line: CHO#1 + CO#2 <-> CH#1 + CO2#2                          [  2.35    0.3100 ] 

new_line: CHO#1 + CO#2 <-> CH#1 + CO2#2                          [0.640473668017014   0.31]
line: CH2O#1 + CO#2 <-> CH2#1 + CO2#2                        [  2.55    0.1700 ] 

new_line: CH2O#1 + CO#2 <-> CH2#1 + CO2#2                        [0.3706953767246436   0.17]
line: CH3O#1 + CO#2 <-> CH3#1 + CO2#2                        [  3.32    0.7000 ] 

new_line: CH3O#1 + CO#2 <-> CH3#1 + CO2#2                        [1.732011363320903   0.7]
line: CH2#1 + CO#2 <-> CH2CO#1 + #2                          [  0.50    0.2800 ] 

new_line: CH2#1 + CO#2 <-> CH2CO#1 + #2                          [1.6055299586535032   0.28]
line: CH2#1 + CO#1 <-> CH2CO#1 + #1                          [  0.88    0.4600 ] 

new_line: CH2#1 + CO#1 <-> CH2CO#1 + #1                          [1.4466569067202364   0.46]
line: CH2#2 + CO#2 <-> CH2CO#2 +#2                           [  0.20   -0.6300 ] 

new_line: CH2#2 + CO#2 <-> CH2CO#2 +#2                           [0.045036616575020824   -0.63]
line: CH3#1 + CO#2 <-> CH3CO#1 + #2                          [  0.62    0.5000 ] 

new_line: CH3#1 + CO#2 <-> CH3CO#1 + #2                          [1.4375946785887526   0.5]
line: CH3#1 + CO#1 <-> CH3CO#1 + #1                          [  0.97    0.6700 ] 

new_line: CH3#1 + CO#1 <-> CH3CO#1 + #1                          [0.8637309200971988   0.67]
line: CH3#2 + CO#2 <-> CH3CO#2 +#2                           [  0.53   -0.1000 ] 

new_line: CH3#2 + CO#2 <-> CH3CO#2 +#2                           [0.7609950934489017   -0.1]
line: CH3CO#1 + #1 <-> CH2CO#1 + H#1                         [  0.21   -0.7300 ] 

new_line: CH3CO#1 + #1 <-> CH2CO#1 + H#1                         [1.4297080039793   -0.73]
line: CH3CO#1 + O#1 <-> CH2CO#1 + OH#1                       [  0.00   -0.4000 ] 

new_line: CH3CO#1 + O#1 <-> CH2CO#1 + OH#1                       [0.7612796340853509   -0.4]
line: CH3CO#2 + #1 <-> CH2CO#2 + H#1                         [  1.89    0.3200 ] 

new_line: CH3CO#2 + #1 <-> CH2CO#2 + H#1                         [1.5915772004527544   0.32]
line: CH3CO#2 + O#1 <-> CH2CO#2 + OH#1                       [  2.31    0.5400 ] 

new_line: CH3CO#2 + O#1 <-> CH2CO#2 + OH#1                       [0.5425232467701417   0.54]
line: CH2CO#1 <-> CH2CO + #1                                 [ -0.093  -0.730  ] 

new_line: CH2CO#1 <-> CH2CO + #1                                 [0.2846117428967908   -0.73]
line: CH2CO#2 <-> CH2CO + #2                                 [ -0.575  -1.180  ] 

new_line: CH2CO#2 <-> CH2CO + #2                                 [0.2971587816804254   -1.18]
line: CO#2 + O#1 <-> CO2#1 + #2                              [  0.15    0.1200 ] 

new_line: CO#2 + O#1 <-> CO2#1 + #2                              [0.5237687811571947   0.12]
line: CO#2 + OH#1 <-> COOH#2 +#1                             [  1.7800  1.4800 ] 

new_line: CO#2 + OH#1 <-> COOH#2 +#1                             [2.861346873513893   1.48]
line: COOH#2 + O#1 <-> CO2#2 + OH#1                          [  0.280  -0.2400 ] 

new_line: COOH#2 + O#1 <-> CO2#2 + OH#1                          [1.0015078859235236   -0.24]
line: COOH#2 + #1 <-> CO2#2 + H#1                            [  3.73   -0.4700 ] 

new_line: COOH#2 + #1 <-> CO2#2 + H#1                            [1.2922949352392026   -0.47]
line: H#1 + OH#1 <-> H2O#1 + #1                              [  1.89    1.8900 ] 

new_line: H#1 + OH#1 <-> H2O#1 + #1                              [1.9415137996340444   1.89]
line: OH#1 + OH#1 <-> H2O#1 + O#1                            [  1.600   1.6400 ] 

new_line: OH#1 + OH#1 <-> H2O#1 + O#1                            [1.7820736090193598   1.64]
line: H#2 + OH#1 <-> H2O#1 + #2                              [  1.96    1.2300 ] 

new_line: H#2 + OH#1 <-> H2O#1 + #2                              [2.228973157454435   1.23]
line: CO2#1 <-> CO2 + #1                                     [  0.329  -0.3100 ] 

new_line: CO2#1 <-> CO2 + #1                                     [1.3751344256826517   -0.31]
line: CO2#2 <-> CO2 + #2                                     [ -0.824  -1.4300 ] 

new_line: CO2#2 <-> CO2 + #2                                     [1.1928735694052075   -1.43]
line: H2O#1 <-> H2O + #1                                     [ -0.227  -0.8400 ] 

new_line: H2O#1 <-> H2O + #1                                     [1.4978824776145319   -0.84]
wait
C
R
C
R
C
R
C
R
C
R
C
R
C
R
R
Run log in the file : /home/hxyang/my_Code/matlab_NN/test_sasian/test_new/test_67/1.5/result_1/log41
last_line: Run log in the file : /home/hxyang/my_Code/matlab_NN/test_sasian/test_new/test_67/1.5/result_1/log41 log_n 41
line: CO + #1 <-> CO#1                                       [  0.626   0.7300 ] 

new_line: CO + #1 <-> CO#1                                       [1.7296118630074997   0.73]
line: CO + #2 <-> CO#2                                       [  0.593   0.9100 ] 

new_line: CO + #2 <-> CO#2                                       [1.9071726446023245   0.91]
line: H2 + #1 <-> H2#1                                       [  0.549   0.9500 ] 

new_line: H2 + #1 <-> H2#1                                       [1.6422308561492676   0.95]
line: H2#1 + #2 <-> H#1 + H#2                                [  0.430  -0.7100 ] 

new_line: H2#1 + #2 <-> H#1 + H#2                                [0.722293540446507   -0.71]
line: H#2 + #1 <-> H#1 + #2                                  [     0   -0.6400 ] 

new_line: H#2 + #1 <-> H#1 + #2                                  [0.8629016031716776   -0.64]
line: CO#1 + H#1 <-> CHO#1 + #1                              [  0.620   0.5900 ] 

new_line: CO#1 + H#1 <-> CHO#1 + #1                              [1.686926308080925   0.59]
line: CO#1 + H#1 <-> COH#1 + #1                              [  2.220   1.9400 ] 

new_line: CO#1 + H#1 <-> COH#1 + #1                              [2.0652398807497603   1.94]
line: CHO#1 + H#1 <-> CH2O#1 + #1                            [  0.290  -0.3200 ] 

new_line: CHO#1 + H#1 <-> CH2O#1 + #1                            [0.008403004045040942   -0.32]
line: CHO#1 + H#1 <-> CHOH#1 + #1                            [  1.42    0.4200 ] 

new_line: CHO#1 + H#1 <-> CHOH#1 + #1                            [0.47140870792393197   0.42]
line: CH2O#1 + H#1 <-> CH3O#1 + #1                           [  0.850  -0.0100 ] 

new_line: CH2O#1 + H#1 <-> CH3O#1 + #1                           [0.8170541561292903   -0.01]
line: CH2O#1 + H#1 <-> CH2OH#1 + #1                          [  2.71    1.5800 ] 

new_line: CH2O#1 + H#1 <-> CH2OH#1 + #1                          [2.9430569767052877   1.58]
line: COH#1 + H#1 <-> CHOH#1 + #1                            [  0.55   -0.9400 ] 

new_line: COH#1 + H#1 <-> CHOH#1 + #1                            [1.4108321880006196   -0.94]
line: CHOH#1 + H#1 <-> CH2OH#1 + #1                          [  1.66    0.8400 ] 

new_line: CHOH#1 + H#1 <-> CH2OH#1 + #1                          [1.6536213706839458   0.84]
line: CH2OH#1 + H#1 <-> CH3OH#1 + #1                         [  1.04    0.3100 ] 

new_line: CH2OH#1 + H#1 <-> CH3OH#1 + #1                         [0.5742188790407685   0.31]
line: CH3O#1 + H#1 <-> CH3OH#1 + #1                          [  1.91    1.9100 ] 

new_line: CH3O#1 + H#1 <-> CH3OH#1 + #1                          [2.3550684934906387   1.91]
line: CH2O#1 <-> CH2O + #1                                   [  0.848   0.2200 ] 

new_line: CH2O#1 <-> CH2O + #1                                   [1.688623619698608   0.22]
line: CH3OH#1 <-> CH3OH + #1                                 [ -0.79   -1.4200 ] 

new_line: CH3OH#1 <-> CH3OH + #1                                 [1.2066996548109383   -1.42]
line: CHO#1 + #1 <-> CH#1 + O#1                              [  0.22   -0.9300 ] 

new_line: CHO#1 + #1 <-> CH#1 + O#1                              [1.3174584123940007   -0.93]
line: CH2O#1 + #1 <-> CH2#1 + O#1                            [  1.08   -1.070  ] 

new_line: CH2O#1 + #1 <-> CH2#1 + O#1                            [0.2531332330834408   -1.07]
line: CH2O#1 + #2 <-> CH2#2 + O#1                            [  2.68    0.2900 ] 

new_line: CH2O#1 + #2 <-> CH2#2 + O#1                            [0.6995278329300765   0.29]
line: CHOH#1 + #1 <-> CH#1 + OH#1                            [  0.36   -1.1200 ] 

new_line: CHOH#1 + #1 <-> CH#1 + OH#1                            [1.4972829209087128   -1.12]
line: CH2OH#1 + #1 <-> CH2#1 + OH#1                          [  1.22   -2.4200 ] 

new_line: CH2OH#1 + #1 <-> CH2#1 + OH#1                          [0.3921184494348027   -2.42]
line: CH2OH#1 + #2 <-> CH2#2 + OH#1                          [  0.30   -1.0600 ] 

new_line: CH2OH#1 + #2 <-> CH2#2 + OH#1                          [0.10082845167364465   -1.06]
line: CH3O#1 + #1 <-> CH3#1 + O#1                            [  1.83   -0.5400 ] 

new_line: CH3O#1 + #1 <-> CH3#1 + O#1                            [1.4820804800614111   -0.54]
line: CH3O#1 + #2 <-> CH3#2 + O#1                            [  1.77   -0.5300 ] 

new_line: CH3O#1 + #2 <-> CH3#2 + O#1                            [0.7835963100384016   -0.53]
line: CH3OH#1 + #1 <-> CH3#1 + OH#1                          [  0.53   -2.2200 ] 

new_line: CH3OH#1 + #1 <-> CH3#1 + OH#1                          [1.4270817244274066   -2.22]
line: CH3OH#1 + #2 <-> CH3#2 + OH#1                          [  0.74   -2.2100 ] 

new_line: CH3OH#1 + #2 <-> CH3#2 + OH#1                          [1.0140223283641538   -2.21]
line: CH#1 + H#1 <-> CH2#1 + #1                              [  0.94   -0.460  ] 

new_line: CH#1 + H#1 <-> CH2#1 + #1                              [0.8450430952773822   -0.46]
line: CH#1 + OH#1 <-> CH2#1 + O#1                            [  0.53   -0.6900 ] 

new_line: CH#1 + OH#1 <-> CH2#1 + O#1                            [0.10045073462554627   -0.69]
line: CH2#1 + H#1 <-> CH3#1 + #1                             [  1.57    0.51   ] 

new_line: CH2#1 + H#1 <-> CH3#1 + #1                             [1.3081619696531122   0.51]
line: CH2#2 + H#1 <-> CH3#2 + #1                             [  0.55   -0.84   ] 

new_line: CH2#2 + H#1 <-> CH3#2 + #1                             [0.8986228664573765   -0.84]
line: CH2#2 + OH#1 <->CH3#2 + O#1                            [  0.74   -1.07   ] 

new_line: CH2#2 + OH#1 <->CH3#2 + O#1                            [1.4252867375374105   -1.07]
line: CH2#1 + OH#1 <->CH3#1 + O#1                            [  0.87    0.28   ] 

new_line: CH2#1 + OH#1 <->CH3#1 + O#1                            [1.7557637584539496   0.28]
line: CH3#2 + H#2 <-> CH4 + #2 + #2                          [  1.15   -1.710  ] 

new_line: CH3#2 + H#2 <-> CH4 + #2 + #2                          [1.317159446546849   -1.71]
line: CH3#2 + OH#1 <-> CH4 + #2 + O#1                        [  0.75   -1.30   ] 

new_line: CH3#2 + OH#1 <-> CH4 + #2 + O#1                        [0.8586981396289803   -1.3]
line: CH3#2 + H#1 <-> CH4 + #1 + #2                          [  1.27   -1.07   ] 

new_line: CH3#2 + H#1 <-> CH4 + #1 + #2                          [0.1644305367325081   -1.07]
line: CH3#1 + H#2 <-> CH4 + #1 + #2                          [  1.11   -1.70   ] 

new_line: CH3#1 + H#2 <-> CH4 + #1 + #2                          [0.2738797795962766   -1.7]
line: CH3#1 + H#1 <-> CH4 + #1+ #1                           [  1.68   -1.06   ] 

new_line: CH3#1 + H#1 <-> CH4 + #1+ #1                           [0.7233493113135843   -1.06]
line: CH3#1 + OH#1 <-> CH4 + #1+ O#1                         [  0.79   -1.29   ] 

new_line: CH3#1 + OH#1 <-> CH4 + #1+ O#1                         [1.4036774308999924   -1.29]
line: CHO#1 + CO#1 <-> CH#1 + CO2#1                          [  1.14   -0.6300 ] 

new_line: CHO#1 + CO#1 <-> CH#1 + CO2#1                          [1.4431460775168001   -0.63]
line: CH2O#1 + CO#1 <-> CH2#1 + CO2#1                        [  1.930  -0.7800 ] 

new_line: CH2O#1 + CO#1 <-> CH2#1 + CO2#1                        [0.2750305054243196   -0.78]
line: CH3O#1 + CO#1 <-> CH3#1 + CO2#1                        [  2.59   -0.2500 ] 

new_line: CH3O#1 + CO#1 <-> CH3#1 + CO2#1                        [1.4262738419728225   -0.25]
line: CHO#1 + CO#2 <-> CH#1 + CO2#2                          [  2.35    0.3100 ] 

new_line: CHO#1 + CO#2 <-> CH#1 + CO2#2                          [1.3477237286316524   0.31]
line: CH2O#1 + CO#2 <-> CH2#1 + CO2#2                        [  2.55    0.1700 ] 

new_line: CH2O#1 + CO#2 <-> CH2#1 + CO2#2                        [0.6361630757086696   0.17]
line: CH3O#1 + CO#2 <-> CH3#1 + CO2#2                        [  3.32    0.7000 ] 

new_line: CH3O#1 + CO#2 <-> CH3#1 + CO2#2                        [1.9943475712238594   0.7]
line: CH2#1 + CO#2 <-> CH2CO#1 + #2                          [  0.50    0.2800 ] 

new_line: CH2#1 + CO#2 <-> CH2CO#1 + #2                          [1.0982176978271045   0.28]
line: CH2#1 + CO#1 <-> CH2CO#1 + #1                          [  0.88    0.4600 ] 

new_line: CH2#1 + CO#1 <-> CH2CO#1 + #1                          [0.6688944679598703   0.46]
line: CH2#2 + CO#2 <-> CH2CO#2 +#2                           [  0.20   -0.6300 ] 

new_line: CH2#2 + CO#2 <-> CH2CO#2 +#2                           [1.0514430867860476   -0.63]
line: CH3#1 + CO#2 <-> CH3CO#1 + #2                          [  0.62    0.5000 ] 

new_line: CH3#1 + CO#2 <-> CH3CO#1 + #2                          [1.6778468799361577   0.5]
line: CH3#1 + CO#1 <-> CH3CO#1 + #1                          [  0.97    0.6700 ] 

new_line: CH3#1 + CO#1 <-> CH3CO#1 + #1                          [1.802067807649033   0.67]
line: CH3#2 + CO#2 <-> CH3CO#2 +#2                           [  0.53   -0.1000 ] 

new_line: CH3#2 + CO#2 <-> CH3CO#2 +#2                           [1.434690940575645   -0.1]
line: CH3CO#1 + #1 <-> CH2CO#1 + H#1                         [  0.21   -0.7300 ] 

new_line: CH3CO#1 + #1 <-> CH2CO#1 + H#1                         [0.3776920508123185   -0.73]
line: CH3CO#1 + O#1 <-> CH2CO#1 + OH#1                       [  0.00   -0.4000 ] 

new_line: CH3CO#1 + O#1 <-> CH2CO#1 + OH#1                       [0.4777068745780476   -0.4]
line: CH3CO#2 + #1 <-> CH2CO#2 + H#1                         [  1.89    0.3200 ] 

new_line: CH3CO#2 + #1 <-> CH2CO#2 + H#1                         [1.1755479754452216   0.32]
line: CH3CO#2 + O#1 <-> CH2CO#2 + OH#1                       [  2.31    0.5400 ] 

new_line: CH3CO#2 + O#1 <-> CH2CO#2 + OH#1                       [1.8906969817424497   0.54]
line: CH2CO#1 <-> CH2CO + #1                                 [ -0.093  -0.730  ] 

new_line: CH2CO#1 <-> CH2CO + #1                                 [0.6648909881018185   -0.73]
line: CH2CO#2 <-> CH2CO + #2                                 [ -0.575  -1.180  ] 

new_line: CH2CO#2 <-> CH2CO + #2                                 [1.397179240447486   -1.18]
line: CO#2 + O#1 <-> CO2#1 + #2                              [  0.15    0.1200 ] 

new_line: 224855
CO#2 + O#1 <-> CO2#1 + #2                              [1.0791868133161313   0.12]
line: CO#2 + OH#1 <-> COOH#2 +#1                             [  1.7800  1.4800 ] 

new_line: CO#2 + OH#1 <-> COOH#2 +#1                             [1.9451932247607782   1.48]
line: COOH#2 + O#1 <-> CO2#2 + OH#1                          [  0.280  -0.2400 ] 

new_line: COOH#2 + O#1 <-> CO2#2 + OH#1                          [0.38528876317435373   -0.24]
line: COOH#2 + #1 <-> CO2#2 + H#1                            [  3.73   -0.4700 ] 

new_line: COOH#2 + #1 <-> CO2#2 + H#1                            [0.25885245443851   -0.47]
line: H#1 + OH#1 <-> H2O#1 + #1                              [  1.89    1.8900 ] 

new_line: H#1 + OH#1 <-> H2O#1 + #1                              [1.8990157844997102   1.89]
line: OH#1 + OH#1 <-> H2O#1 + O#1                            [  1.600   1.6400 ] 

new_line: OH#1 + OH#1 <-> H2O#1 + O#1                            [2.923309660638421   1.64]
line: H#2 + OH#1 <-> H2O#1 + #2                              [  1.96    1.2300 ] 

new_line: H#2 + OH#1 <-> H2O#1 + #2                              [2.689553255104027   1.23]
line: CO2#1 <-> CO2 + #1                                     [  0.329  -0.3100 ] 

new_line: CO2#1 <-> CO2 + #1                                     [0.054337386416887304   -0.31]
line: CO2#2 <-> CO2 + #2                                     [ -0.824  -1.4300 ] 

new_line: CO2#2 <-> CO2 + #2                                     [1.0938594394799248   -1.43]
line: H2O#1 <-> H2O + #1                                     [ -0.227  -0.8400 ] 

new_line: H2O#1 <-> H2O + #1                                     [0.658703348595267   -0.84]
wait
C
R
C
R
C
R
C
R
C
R
C
R
R
R
R
Run log in the file : /home/hxyang/my_Code/matlab_NN/test_sasian/test_new/test_67/1.5/result_1/log42
last_line: Run log in the file : /home/hxyang/my_Code/matlab_NN/test_sasian/test_new/test_67/1.5/result_1/log42 log_n 42
line: CO + #1 <-> CO#1                                       [  0.626   0.7300 ] 

new_line: CO + #1 <-> CO#1                                       [2.091377840912784   0.73]
line: CO + #2 <-> CO#2                                       [  0.593   0.9100 ] 

new_line: CO + #2 <-> CO#2                                       [2.283987250130105   0.91]
line: H2 + #1 <-> H2#1                                       [  0.549   0.9500 ] 

new_line: H2 + #1 <-> H2#1                                       [1.5118933534623253   0.95]
line: H2#1 + #2 <-> H#1 + H#2                                [  0.430  -0.7100 ] 

new_line: H2#1 + #2 <-> H#1 + H#2                                [0.8597052492598201   -0.71]
line: H#2 + #1 <-> H#1 + #2                                  [     0   -0.6400 ] 

new_line: H#2 + #1 <-> H#1 + #2                                  [0.22019340518680147   -0.64]
line: CO#1 + H#1 <-> CHO#1 + #1                              [  0.620   0.5900 ] 

new_line: CO#1 + H#1 <-> CHO#1 + #1                              [1.4539111811055156   0.59]
line: CO#1 + H#1 <-> COH#1 + #1                              [  2.220   1.9400 ] 

new_line: CO#1 + H#1 <-> COH#1 + #1                              [2.241289425170113   1.94]
line: CHO#1 + H#1 <-> CH2O#1 + #1                            [  0.290  -0.3200 ] 

new_line: CHO#1 + H#1 <-> CH2O#1 + #1                            [0.6859552660803565   -0.32]
line: CHO#1 + H#1 <-> CHOH#1 + #1                            [  1.42    0.4200 ] 

new_line: CHO#1 + H#1 <-> CHOH#1 + #1                            [1.7778027366519273   0.42]
line: CH2O#1 + H#1 <-> CH3O#1 + #1                           [  0.850  -0.0100 ] 

new_line: CH2O#1 + H#1 <-> CH3O#1 + #1                           [1.246010249922329   -0.01]
line: CH2O#1 + H#1 <-> CH2OH#1 + #1                          [  2.71    1.5800 ] 

new_line: CH2O#1 + H#1 <-> CH2OH#1 + #1                          [2.3764084284220024   1.58]
line: COH#1 + H#1 <-> CHOH#1 + #1                            [  0.55   -0.9400 ] 

new_line: COH#1 + H#1 <-> CHOH#1 + #1                            [0.08200146580230287   -0.94]
line: CHOH#1 + H#1 <-> CH2OH#1 + #1                          [  1.66    0.8400 ] 

new_line: CHOH#1 + H#1 <-> CH2OH#1 + #1                          [1.9798385099880402   0.84]
line: CH2OH#1 + H#1 <-> CH3OH#1 + #1                         [  1.04    0.3100 ] 

new_line: CH2OH#1 + H#1 <-> CH3OH#1 + #1                         [1.1438243390989824   0.31]
line: CH3O#1 + H#1 <-> CH3OH#1 + #1                          [  1.91    1.9100 ] 

new_line: CH3O#1 + H#1 <-> CH3OH#1 + #1                          [2.5454527900019404   1.91]
line: CH2O#1 <-> CH2O + #1                                   [  0.848   0.2200 ] 

new_line: CH2O#1 <-> CH2O + #1                                   [1.4308788078948051   0.22]
line: CH3OH#1 <-> CH3OH + #1                                 [ -0.79   -1.4200 ] 

new_line: CH3OH#1 <-> CH3OH + #1                                 [0.7098666096723888   -1.42]
line: CHO#1 + #1 <-> CH#1 + O#1                              [  0.22   -0.9300 ] 

new_line: CHO#1 + #1 <-> CH#1 + O#1                              [1.095027591015576   -0.93]
line: CH2O#1 + #1 <-> CH2#1 + O#1                            [  1.08   -1.070  ] 

new_line: CH2O#1 + #1 <-> CH2#1 + O#1                            [0.14614170459863796   -1.07]
line: CH2O#1 + #2 <-> CH2#2 + O#1                            [  2.68    0.2900 ] 

new_line: CH2O#1 + #2 <-> CH2#2 + O#1                            [0.5785632607957342   0.29]
line: CHOH#1 + #1 <-> CH#1 + OH#1                            [  0.36   -1.1200 ] 

new_line: CHOH#1 + #1 <-> CH#1 + OH#1                            [0.15006127010463813   -1.12]
line: CH2OH#1 + #1 <-> CH2#1 + OH#1                          [  1.22   -2.4200 ] 

new_line: CH2OH#1 + #1 <-> CH2#1 + OH#1                          [0.12298026889656788   -2.42]
line: CH2OH#1 + #2 <-> CH2#2 + OH#1                          [  0.30   -1.0600 ] 

new_line: CH2OH#1 + #2 <-> CH2#2 + OH#1                          [1.440108971807918   -1.06]
line: CH3O#1 + #1 <-> CH3#1 + O#1                            [  1.83   -0.5400 ] 

new_line: CH3O#1 + #1 <-> CH3#1 + O#1                            [0.07192135370685002   -0.54]
line: CH3O#1 + #2 <-> CH3#2 + O#1                            [  1.77   -0.5300 ] 

new_line: CH3O#1 + #2 <-> CH3#2 + O#1                            [0.7133352443730558   -0.53]
line: CH3OH#1 + #1 <-> CH3#1 + OH#1                          [  0.53   -2.2200 ] 

new_line: CH3OH#1 + #1 <-> CH3#1 + OH#1                          [1.0080706615525883   -2.22]
line: CH3OH#1 + #2 <-> CH3#2 + OH#1                          [  0.74   -2.2100 ] 

new_line: CH3OH#1 + #2 <-> CH3#2 + OH#1                          [0.4381670785257006   -2.21]
line: CH#1 + H#1 <-> CH2#1 + #1                              [  0.94   -0.460  ] 

new_line: CH#1 + H#1 <-> CH2#1 + #1                              [0.04221450161202392   -0.46]
line: CH#1 + OH#1 <-> CH2#1 + O#1                            [  0.53   -0.6900 ] 

new_line: CH#1 + OH#1 <-> CH2#1 + O#1                            [0.24965884181320733   -0.69]
line: CH2#1 + H#1 <-> CH3#1 + #1                             [  1.57    0.51   ] 

new_line: CH2#1 + H#1 <-> CH3#1 + #1                             [1.4571631552601738   0.51]
line: CH2#2 + H#1 <-> CH3#2 + #1                             [  0.55   -0.84   ] 

new_line: CH2#2 + H#1 <-> CH3#2 + #1                             [0.7383584494801017   -0.84]
line: CH2#2 + OH#1 <->CH3#2 + O#1                            [  0.74   -1.07   ] 

new_line: CH2#2 + OH#1 <->CH3#2 + O#1                            [0.8623035078068563   -1.07]
line: CH2#1 + OH#1 <->CH3#1 + O#1                            [  0.87    0.28   ] 

new_line: CH2#1 + OH#1 <->CH3#1 + O#1                            [0.737799657587903   0.28]
line: CH3#2 + H#2 <-> CH4 + #2 + #2                          [  1.15   -1.710  ] 

new_line: CH3#2 + H#2 <-> CH4 + #2 + #2                          [1.1770872143381714   -1.71]
line: CH3#2 + OH#1 <-> CH4 + #2 + O#1                        [  0.75   -1.30   ] 

new_line: CH3#2 + OH#1 <-> CH4 + #2 + O#1                        [0.7365286692216104   -1.3]
line: CH3#2 + H#1 <-> CH4 + #1 + #2                          [  1.27   -1.07   ] 

224856
new_line: CH3#2 + H#1 <-> CH4 + #1 + #2                          [0.4969301550973745   -1.07]
line: CH3#1 + H#2 <-> CH4 + #1 + #2                          [  1.11   -1.70   ] 

new_line: CH3#1 + H#2 <-> CH4 + #1 + #2                          [0.7415202305077156   -1.7]
line: CH3#1 + H#1 <-> CH4 + #1+ #1                           [  1.68   -1.06   ] 

new_line: CH3#1 + H#1 <-> CH4 + #1+ #1                           [0.8711193224472435   -1.06]
line: CH3#1 + OH#1 <-> CH4 + #1+ O#1                         [  0.79   -1.29   ] 

new_line: CH3#1 + OH#1 <-> CH4 + #1+ O#1                         [1.0277664993250573   -1.29]
line: CHO#1 + CO#1 <-> CH#1 + CO2#1                          [  1.14   -0.6300 ] 

new_line: CHO#1 + CO#1 <-> CH#1 + CO2#1                          [1.1175106693949584   -0.63]
line: CH2O#1 + CO#1 <-> CH2#1 + CO2#1                        [  1.930  -0.7800 ] 

new_line: CH2O#1 + CO#1 <-> CH2#1 + CO2#1                        [1.0725252291076903   -0.78]
line: CH3O#1 + CO#1 <-> CH3#1 + CO2#1                        [  2.59   -0.2500 ] 

new_line: CH3O#1 + CO#1 <-> CH3#1 + CO2#1                        [1.3804629697976492   -0.25]
line: CHO#1 + CO#2 <-> CH#1 + CO2#2                          [  2.35    0.3100 ] 

new_line: CHO#1 + CO#2 <-> CH#1 + CO2#2                          [1.7069318686545039   0.31]
line: CH2O#1 + CO#2 <-> CH2#1 + CO2#2                        [  2.55    0.1700 ] 

new_line: CH2O#1 + CO#2 <-> CH2#1 + CO2#2                        [0.8008588543641156   0.17]
line: CH3O#1 + CO#2 <-> CH3#1 + CO2#2                        [  3.32    0.7000 ] 

new_line: CH3O#1 + CO#2 <-> CH3#1 + CO2#2                        [0.79010337487766   0.7]
line: CH2#1 + CO#2 <-> CH2CO#1 + #2                          [  0.50    0.2800 ] 

new_line: CH2#1 + CO#2 <-> CH2CO#1 + #2                          [0.4096677825622256   0.28]
line: CH2#1 + CO#1 <-> CH2CO#1 + #1                          [  0.88    0.4600 ] 

new_line: CH2#1 + CO#1 <-> CH2CO#1 + #1                          [1.687430609304571   0.46]
line: CH2#2 + CO#2 <-> CH2CO#2 +#2                           [  0.20   -0.6300 ] 

new_line: CH2#2 + CO#2 <-> CH2CO#2 +#2                           [0.7852222614344815   -0.63]
line: CH3#1 + CO#2 <-> CH3CO#1 + #2                          [  0.62    0.5000 ] 

new_line: CH3#1 + CO#2 <-> CH3CO#1 + #2                          [1.1876392940326586   0.5]
line: CH3#1 + CO#1 <-> CH3CO#1 + #1                          [  0.97    0.6700 ] 

new_line: CH3#1 + CO#1 <-> CH3CO#1 + #1                          [0.8237013244029033   0.67]
line: CH3#2 + CO#2 <-> CH3CO#2 +#2                           [  0.53   -0.1000 ] 

new_line: CH3#2 + CO#2 <-> CH3CO#2 +#2                           [0.7412561228690658   -0.1]
line: CH3CO#1 + #1 <-> CH2CO#1 + H#1                         [  0.21   -0.7300 ] 

new_line: CH3CO#1 + #1 <-> CH2CO#1 + H#1                         [0.8434356635759308   -0.73]
line: CH3CO#1 + O#1 <-> CH2CO#1 + OH#1                       [  0.00   -0.4000 ] 

new_line: CH3CO#1 + O#1 <-> CH2CO#1 + OH#1                       [1.4954686596406959   -0.4]
line: CH3CO#2 + #1 <-> CH2CO#2 + H#1                         [  1.89    0.3200 ] 

new_line: CH3CO#2 + #1 <-> CH2CO#2 + H#1                         [1.3378706934442788   0.32]
line: CH3CO#2 + O#1 <-> CH2CO#2 + OH#1                       [  2.31    0.5400 ] 

new_line: CH3CO#2 + O#1 <-> CH2CO#2 + OH#1                       [0.6079708973218363   0.54]
line: CH2CO#1 <-> CH2CO + #1                                 [ -0.093  -0.730  ] 

new_line: CH2CO#1 <-> CH2CO + #1                                 [0.04021544214665261   -0.73]
line: CH2CO#2 <-> CH2CO + #2                                 [ -0.575  -1.180  ] 

new_line: CH2CO#2 <-> CH2CO + #2                                 [1.1847996757672594   -1.18]
line: CO#2 + O#1 <-> CO2#1 + #2                              [  0.15    0.1200 ] 

new_line: CO#2 + O#1 <-> CO2#1 + #2                              [0.9008992527924445   0.12]
line: CO#2 + OH#1 <-> COOH#2 +#1                             [  1.7800  1.4800 ] 

new_line: CO#2 + OH#1 <-> COOH#2 +#1                             [1.7266414716843952   1.48]
line: COOH#2 + O#1 <-> CO2#2 + OH#1                          [  0.280  -0.2400 ] 

new_line: COOH#2 + O#1 <-> CO2#2 + OH#1                          [1.478345859820416   -0.24]
line: COOH#2 + #1 <-> CO2#2 + H#1                            [  3.73   -0.4700 ] 

new_line: COOH#2 + #1 <-> CO2#2 + H#1                            [1.0181761281411879   -0.47]
line: H#1 + OH#1 <-> H2O#1 + #1                              [  1.89    1.8900 ] 

new_line: H#1 + OH#1 <-> H2O#1 + #1                              [3.2705245527360525   1.89]
line: OH#1 + OH#1 <-> H2O#1 + O#1                            [  1.600   1.6400 ] 

new_line: OH#1 + OH#1 <-> H2O#1 + O#1                            [3.0649499010997276   1.64]
line: H#2 + OH#1 <-> H2O#1 + #2                              [  1.96    1.2300 ] 

new_line: H#2 + OH#1 <-> H2O#1 + #2                              [2.632620967580089   1.23]
line: CO2#1 <-> CO2 + #1                                     [  0.329  -0.3100 ] 

new_line: CO2#1 <-> CO2 + #1                                     [0.6074576810914962   -0.31]
line: CO2#2 <-> CO2 + #2                                     [ -0.824  -1.4300 ] 

new_line: CO2#2 <-> CO2 + #2                                     [1.4531482815616936   -1.43]
line: H2O#1 <-> H2O + #1                                     [ -0.227  -0.8400 ] 

new_line: H2O#1 <-> H2O + #1                                     [0.42030286129588007   -0.84]
wait
C
R
C
R
C
R
C
R
C
R
C
R
C
R
R
R
R
Run log in the file : /home/hxyang/my_Code/matlab_NN/test_sasian/test_new/test_67/1.5/result_1/log43
last_line: Run log in the file : /home/hxyang/my_Code/matlab_NN/test_sasian/test_new/test_67/1.5/result_1/log43 log_n 43
line: CO + #1 <-> CO#1                                       [  0.626   0.7300 ] 

new_line: CO + #1 <-> CO#1                                       [2.035641507856786   0.73]
line: CO + #2 <-> CO#2                                       [  0.593   0.9100 ] 

new_line: CO + #2 <-> CO#2                                       [1.8999340716975914   0.91]
line: H2 + #1 <-> H2#1                                       [  0.549   0.9500 ] 

new_line: H2 + #1 <-> H2#1                                       [2.4460849174754635   0.95]
line: H2#1 + #2 <-> H#1 + H#2                                [  0.430  -0.7100 ] 

new_line: H2#1 + #2 <-> H#1 + H#2                                [0.4522545877126233   -0.71]
line: H#2 + #1 <-> H#1 + #2                                  [     0   -0.6400 ] 

new_line: H#2 + #1 <-> H#1 + #2                                  [1.4221656171192536   -0.64]
line: CO#1 + H#1 <-> CHO#1 + #1                              [  0.620   0.5900 ] 

new_line: CO#1 + H#1 <-> CHO#1 + #1                              [1.2266597955763   0.59]
line: CO#1 + H#1 <-> COH#1 + #1                              [  2.220   1.9400 ] 

new_line: CO#1 + H#1 <-> COH#1 + #1                              [2.3800351636028565   1.94]
line: CHO#1 + H#1 <-> CH2O#1 + #1                            [  0.290  -0.3200 ] 

new_line: CHO#1 + H#1 <-> CH2O#1 + #1                            [0.8825734611748328   -0.32]
line: CHO#1 + H#1 <-> CHOH#1 + #1                            [  1.42    0.4200 ] 

new_line: CHO#1 + H#1 <-> CHOH#1 + #1                            [0.7638422305580839   0.42]
line: CH2O#1 + H#1 <-> CH3O#1 + #1                           [  0.850  -0.0100 ] 

new_line: CH2O#1 + H#1 <-> CH3O#1 + #1                           [0.28741195158175853   -0.01]
line: CH2O#1 + H#1 <-> CH2OH#1 + #1                          [  2.71    1.5800 ] 

new_line: CH2O#1 + H#1 <-> CH2OH#1 + #1                          [2.6920999073323935   1.58]
line: COH#1 + H#1 <-> CHOH#1 + #1                            [  0.55   -0.9400 ] 

new_line: COH#1 + H#1 <-> CHOH#1 + #1                            [1.4918532689785833   -0.94]
line: CHOH#1 + H#1 <-> CH2OH#1 + #1                          [  1.66    0.8400 ] 

new_line: CHOH#1 + H#1 <-> CH2OH#1 + #1                          [1.5748216309396796   0.84]
line: CH2OH#1 + H#1 <-> CH3OH#1 + #1                         [  1.04    0.3100 ] 

new_line: CH2OH#1 + H#1 <-> CH3OH#1 + #1                         [0.44246936426296934   0.31]
line: CH3O#1 + H#1 <-> CH3OH#1 + #1                          [  1.91    1.9100 ] 

new_line: CH3O#1 + H#1 <-> CH3OH#1 + #1                          [2.114534714793588   1.91]
line: CH2O#1 <-> CH2O + #1                                   [  0.848   0.2200 ] 

new_line: CH2O#1 <-> CH2O + #1                                   [0.3411636912281495   0.22]
line: CH3OH#1 <-> CH3OH + #1                                 [ -0.79   -1.4200 ] 

new_line: CH3OH#1 <-> CH3OH + #1                                 [0.7422486201050348   -1.42]
line: CHO#1 + #1 <-> CH#1 + O#1                              [  0.22   -0.9300 ] 

new_line: CHO#1 + #1 <-> CH#1 + O#1                              [0.8227443565122042   -0.93]
line: CH2O#1 + #1 <-> CH2#1 + O#1                            [  1.08   -1.070  ] 

new_line: CH2O#1 + #1 <-> CH2#1 + O#1                            [0.017200502475461933   -1.07]
line: CH2O#1 + #2 <-> CH2#2 + O#1                            [  2.68    0.2900 ] 

new_line: CH2O#1 + #2 <-> CH2#2 + O#1                            [1.4878575113334547   0.29]
line: CHOH#1 + #1 <-> CH#1 + OH#1                            [  0.36   -1.1200 ] 

new_line: CHOH#1 + #1 <-> CH#1 + OH#1                            [0.34315909787284504   -1.12]
line: CH2OH#1 + #1 <-> CH2#1 + OH#1                          [  1.22   -2.4200 ] 

new_line: CH2OH#1 + #1 <-> CH2#1 + OH#1                          [0.2612573678265596   -2.42]
line: CH2OH#1 + #2 <-> CH2#2 + OH#1                          [  0.30   -1.0600 ] 

new_line: CH2OH#1 + #2 <-> CH2#2 + OH#1                          [0.6942884383605566   -1.06]
line: CH3O#1 + #1 <-> CH3#1 + O#1                            [  1.83   -0.5400 ] 

new_line: CH3O#1 + #1 <-> CH3#1 + O#1                            [0.8563527316344488   -0.54]
line: CH3O#1 + #2 <-> CH3#2 + O#1                            [  1.77   -0.5300 ] 

new_line: CH3O#1 + #2 <-> CH3#2 + O#1                            [0.4900388274109463   -0.53]
line: CH3OH#1 + #1 <-> CH3#1 + OH#1                          [  0.53   -2.2200 ] 

new_line: CH3OH#1 + #1 <-> CH3#1 + OH#1                          [1.254579827575141   -2.22]
line: CH3OH#1 + #2 <-> CH3#2 + OH#1                          [  0.74   -2.2100 ] 

new_line: CH3OH#1 + #2 <-> CH3#2 + OH#1                          [0.13908814647569212   -2.21]
line: CH#1 + H#1 <-> CH2#1 + #1                              [  0.94   -0.460  ] 

new_line: CH#1 + H#1 <-> CH2#1 + #1                              [1.3369880106925554   -0.46]
line: CH#1 + OH#1 <-> CH2#1 + O#1                            [  0.53   -0.6900 ] 

new_line: CH#1 + OH#1 <-> CH2#1 + O#1                            [0.3267264073460342   -0.69]
line: CH2#1 + H#1 <-> CH3#1 + #1                             [  1.57    0.51   ] 

new_line: CH2#1 + H#1 <-> CH3#1 + #1                             [1.75300403710141   0.51]
line: CH2#2 + H#1 <-> CH3#2 + #1                             [  0.55   -0.84   ] 

new_line: CH2#2 + H#1 <-> CH3#2 + #1                             [1.346878693142902   -0.84]
line: CH2#2 + OH#1 <->CH3#2 + O#1                            [  0.74   -1.07   ] 

new_line: CH2#2 + OH#1 <->CH3#2 + O#1                            [1.1329782028802455   -1.07]
line: CH2#1 + OH#1 <->CH3#1 + O#1                            [  0.87    0.28   ] 

new_line: CH2#1 + OH#1 <->CH3#1 + O#1                            [1.1311091243553877   0.28]
line: CH3#2 + H#2 <-> CH4 + #2 + #2                          [  1.15   -1.710  ] 

new_line: CH3#2 + H#2 <-> CH4 + #2 + #2                          [0.3216704005926807   -1.71]
line: CH3#2 + OH#1 <-> CH4 + #2 + O#1                        [  0.75   -1.30   ] 

new_line: CH3#2 + OH#1 <-> CH4 + #2 + O#1                        [0.5789160393671255   -1.3]
line: CH3#2 + H#1 <-> CH4 + #1 + #2                          [  1.27   -1.07   ] 

new_line: CH3#2 + H#1 <-> CH4 + #1 + #2                          [1.4411296598404724   -1.07]
line: CH3#1 + H#2 <-> CH4 + #1 + #2                          [  1.11   -1.70   ] 

new_line: CH3#1 + H#2 <-> CH4 + #1 + #2                          [1.0560316834764611   -1.7]
line: CH3#1 + H#1 <-> CH4 + #1+ #1                           [  1.68   -1.06   ] 

new_line: CH3#1 + H#1 <-> CH4 + #1+ #1                           [0.505948993594977   -1.06]
line: CH3#1 + OH#1 <-> CH4 + #1+ O#1                         [  0.79   -1.29   ] 

new_line: CH3#1 + OH#1 <-> CH4 + #1+ O#1                         [0.6561316134929747   -1.29]
line: CHO#1 + CO#1 <-> CH#1 + CO2#1                          [  1.14   -0.6300 ] 

new_line: CHO#1 + CO#1 <-> CH#1 + CO2#1                          [1.0233599623813334   -0.63]
line: CH2O#1 + CO#1 <-> CH2#1 + CO2#1                        [  1.930  -0.7800 ] 

new_line: CH2O#1 + CO#1 <-> CH2#1 + CO2#1                        [0.7192223018297361   -0.78]
line: CH3O#1 + CO#1 <-> CH3#1 + CO2#1                        [  2.59   -0.2500 ] 

new_line: CH3O#1 + CO#1 <-> CH3#1 + CO2#1                        [0.458398855240429   -0.25]
line: CHO#1 + CO#2 <-> CH#1 + CO2#2                          [  2.35    0.3100 ] 

new_line: CHO#1 + CO#2 <-> CH#1 + CO2#2                          [1.7599949559032562   0.31]
line: CH2O#1 + CO#2 <-> CH2#1 + CO2#2                        [  2.55    0.1700 ] 

new_line: CH2O#1 + CO#2 <-> CH2#1 + CO2#2                        [0.6507108164710537   0.17]
line: CH3O#1 + CO#2 <-> CH3#1 + CO2#2                        [  3.32    0.7000 ] 

new_line: CH3O#1 + CO#2 <-> CH3#1 + CO2#2                        [0.9382804958293602   0.7]
line: CH2#1 + CO#2 <-> CH2CO#1 + #2                          [  0.50    0.2800 ] 

new_line: CH2#1 + CO#2 <-> CH2CO#1 + #2                          [1.213599930469463   0.28]
line: CH2#1 + CO#1 <-> CH2CO#1 + #1                          [  0.88    0.4600 ] 

new_line: CH2#1 + CO#1 <-> CH2CO#1 + #1                          [0.7490100106098334   0.46]
line: CH2#2 + CO#2 <-> CH2CO#2 +#2                           [  0.20   -0.6300 ] 

new_line: CH2#2 + CO#2 <-> CH2CO#2 +#2                           [0.4630741687554216   -0.63]
line: CH3#1 + CO#2 <-> CH3CO#1 + #2                          [  0.62    0.5000 ] 

new_line: CH3#1 + CO#2 <-> CH3CO#1 + #2                          [1.3235967171614866   0.5]
line: CH3#1 + CO#1 <-> CH3CO#1 + #1                          [  0.97    0.6700 ] 

new_line: CH3#1 + CO#1 <-> CH3CO#1 + #1                          [1.7126077579477168   0.67]
line: CH3#2 + CO#2 <-> CH3CO#2 +#2                           [  0.53   -0.1000 ] 

new_line: CH3#2 + CO#2 <-> CH3CO#2 +#2                           [0.05702260802257195   -0.1]
line: CH3CO#1 + #1 <-> CH2CO#1 + H#1                         [  0.21   -0.7300 ] 

new_line: CH3CO#1 + #1 <-> CH2CO#1 + H#1                         [0.9076734266638464   -0.73]
line: CH3CO#1 + O#1 <-> CH2CO#1 + OH#1                       [  0.00   -0.4000 ] 

new_line: CH3CO#1 + O#1 <-> CH2CO#1 + OH#1                       [0.6878098535815214   -0.4]
line: CH3CO#2 + #1 <-> CH2CO#2 + H#1                         [  1.89    0.3200 ] 

new_line: CH3CO#2 + #1 <-> CH2CO#2 + H#1                         [0.5751120267564018   0.32]
line: CH3CO#2 + O#1 <-> CH2CO#2 + OH#1                       [  2.31    0.5400 ] 

new_line: CH3CO#2 + O#1 <-> CH2CO#2 + OH#1                       [1.9962908837295223   0.54]
line: CH2CO#1 <-> CH2CO + #1                                 [ -0.093  -0.730  ] 

new_line: CH2CO#1 <-> CH2CO + #1                                 [1.0331120359313486   -0.73]
line: CH2CO#2 <-> CH2CO + #2                                 [ -0.575  -1.180  ] 

new_line: CH2CO#2 <-> CH2CO + #2                                 [0.6283711985663728   -1.18]
line: CO#2 + O#1 <-> CO2#1 + #2                              [  0.15    0.1200 ] 

new_line: CO#2 + O#1 <-> CO2#1 + #2                              [1.492637322138168   0.12]
line: CO#2 + OH#1 <-> COOH#2 +#1                             [  1.7800  1.4800 ] 

new_line: CO#2 + OH#1 <-> COOH#2 +#1                             [2.13346327319098   1.48]
line: COOH#2 + O#1 <-> CO2#2 + OH#1                          [  0.280  -0.2400 ] 

new_line: 224857
COOH#2 + O#1 <-> CO2#2 + OH#1                          [1.1631144469514896   -0.24]
line: COOH#2 + #1 <-> CO2#2 + H#1                            [  3.73   -0.4700 ] 

new_line: COOH#2 + #1 <-> CO2#2 + H#1                            [0.2691764869414949   -0.47]
line: H#1 + OH#1 <-> H2O#1 + #1                              [  1.89    1.8900 ] 

new_line: H#1 + OH#1 <-> H2O#1 + #1                              [2.4322691462225454   1.89]
line: OH#1 + OH#1 <-> H2O#1 + O#1                            [  1.600   1.6400 ] 

new_line: OH#1 + OH#1 <-> H2O#1 + O#1                            [2.874449678048289   1.64]
line: H#2 + OH#1 <-> H2O#1 + #2                              [  1.96    1.2300 ] 

new_line: H#2 + OH#1 <-> H2O#1 + #2                              [2.0886057907882107   1.23]
line: CO2#1 <-> CO2 + #1                                     [  0.329  -0.3100 ] 

new_line: CO2#1 <-> CO2 + #1                                     [0.572837588993363   -0.31]
line: CO2#2 <-> CO2 + #2                                     [ -0.824  -1.4300 ] 

new_line: CO2#2 <-> CO2 + #2                                     [0.8131707582450612   -1.43]
line: H2O#1 <-> H2O + #1                                     [ -0.227  -0.8400 ] 

new_line: H2O#1 <-> H2O + #1                                     [0.6088777350512812   -0.84]
wait
C
R
C
R
C
R
C
R
C
R
C
R
R
R
R
R
Run log in the file : /home/hxyang/my_Code/matlab_NN/test_sasian/test_new/test_67/1.5/result_1/log44
last_line: Run log in the file : /home/hxyang/my_Code/matlab_NN/test_sasian/test_new/test_67/1.5/result_1/log44 log_n 44
line: CO + #1 <-> CO#1                                       [  0.626   0.7300 ] 

new_line: CO + #1 <-> CO#1                                       [0.9221940697431061   0.73]
line: CO + #2 <-> CO#2                                       [  0.593   0.9100 ] 

new_line: CO + #2 <-> CO#2                                       [1.2815600633140563   0.91]
line: H2 + #1 <-> H2#1                                       [  0.549   0.9500 ] 

new_line: H2 + #1 <-> H2#1                                       [2.29724186753618   0.95]
line: H2#1 + #2 <-> H#1 + H#2                                [  0.430  -0.7100 ] 

new_line: H2#1 + #2 <-> H#1 + H#2                                [0.016383387686066238   -0.71]
line: H#2 + #1 <-> H#1 + #2                                  [     0   -0.6400 ] 

new_line: H#2 + #1 <-> H#1 + #2                                  [0.31284214405443905   -0.64]
line: CO#1 + H#1 <-> CHO#1 + #1                              [  0.620   0.5900 ] 

new_line: CO#1 + H#1 <-> CHO#1 + #1                              [1.0446321290673979   0.59]
line: CO#1 + H#1 <-> COH#1 + #1                              [  2.220   1.9400 ] 

new_line: CO#1 + H#1 <-> COH#1 + #1                              [2.395134587430269   1.94]
line: CHO#1 + H#1 <-> CH2O#1 + #1                            [  0.290  -0.3200 ] 

new_line: CHO#1 + H#1 <-> CH2O#1 + #1                            [1.3149083239299066   -0.32]
line: CHO#1 + H#1 <-> CHOH#1 + #1                            [  1.42    0.4200 ] 

new_line: CHO#1 + H#1 <-> CHOH#1 + #1                            [0.9056671004777375   0.42]
line: CH2O#1 + H#1 <-> CH3O#1 + #1                           [  0.850  -0.0100 ] 

new_line: CH2O#1 + H#1 <-> CH3O#1 + #1                           [1.1977705309923041   -0.01]
line: CH2O#1 + H#1 <-> CH2OH#1 + #1                          [  2.71    1.5800 ] 

new_line: CH2O#1 + H#1 <-> CH2OH#1 + #1                          [2.0784936698860466   1.58]
line: COH#1 + H#1 <-> CHOH#1 + #1                            [  0.55   -0.9400 ] 

new_line: COH#1 + H#1 <-> CHOH#1 + #1                            [0.96824804882253   -0.94]
line: CHOH#1 + H#1 <-> CH2OH#1 + #1                          [  1.66    0.8400 ] 

new_line: CHOH#1 + H#1 <-> CH2OH#1 + #1                          [1.3109658736656757   0.84]
line: CH2OH#1 + H#1 <-> CH3OH#1 + #1                         [  1.04    0.3100 ] 

new_line: CH2OH#1 + H#1 <-> CH3OH#1 + #1                         [1.1165073942100336   0.31]
line: CH3O#1 + H#1 <-> CH3OH#1 + #1                          [  1.91    1.9100 ] 

new_line: CH3O#1 + H#1 <-> CH3OH#1 + #1                          [2.8374673049095516   1.91]
line: CH2O#1 <-> CH2O + #1                                   [  0.848   0.2200 ] 

new_line: CH2O#1 <-> CH2O + #1                                   [1.404868031360836   0.22]
line: CH3OH#1 <-> CH3OH + #1                                 [ -0.79   -1.4200 ] 

new_line: CH3OH#1 <-> CH3OH + #1                                 [1.3835048342008278   -1.42]
line: CHO#1 + #1 <-> CH#1 + O#1                              [  0.22   -0.9300 ] 

new_line: CHO#1 + #1 <-> CH#1 + O#1                              [1.264436646984533   -0.93]
line: CH2O#1 + #1 <-> CH2#1 + O#1                            [  1.08   -1.070  ] 

new_line: CH2O#1 + #1 <-> CH2#1 + O#1                            [1.3835266437419058   -1.07]
line: CH2O#1 + #2 <-> CH2#2 + O#1                            [  2.68    0.2900 ] 

new_line: CH2O#1 + #2 <-> CH2#2 + O#1                            [1.1641766081338356   0.29]
line: CHOH#1 + #1 <-> CH#1 + OH#1                            [  0.36   -1.1200 ] 

new_line: CHOH#1 + #1 <-> CH#1 + OH#1                            [0.43300780311827625   -1.12]
line: CH2OH#1 + #1 <-> CH2#1 + OH#1                          [  1.22   -2.4200 ] 

new_line: CH2OH#1 + #1 <-> CH2#1 + OH#1                          [0.0849461944888259   -2.42]
line: CH2OH#1 + #2 <-> CH2#2 + OH#1                          [  0.30   -1.0600 ] 

new_line: CH2OH#1 + #2 <-> CH2#2 + OH#1                          [0.06694259600479859   -1.06]
line: CH3O#1 + #1 <-> CH3#1 + O#1                            [  1.83   -0.5400 ] 

new_line: CH3O#1 + #1 <-> CH3#1 + O#1                            [0.14467282463836112   -0.54]
line: CH3O#1 + #2 <-> CH3#2 + O#1                            [  1.77   -0.5300 ] 

new_line: CH3O#1 + #2 <-> CH3#2 + O#1                            [1.4999876541461572   -0.53]
line: CH3OH#1 + #1 <-> CH3#1 + OH#1                          [  0.53   -2.2200 ] 

new_line: CH3OH#1 + #1 <-> CH3#1 + OH#1                          [1.3918751103473241   -2.22]
line: CH3OH#1 + #2 <-> CH3#2 + OH#1                          [  0.74   -2.2100 ] 

new_line: CH3OH#1 + #2 <-> CH3#2 + OH#1                          [0.6324200129240908   -2.21]
line: CH#1 + H#1 <-> CH2#1 + #1                              [  0.94   -0.460  ] 

new_line: CH#1 + H#1 <-> CH2#1 + #1                              [0.2719417212847802   -0.46]
line: CH#1 + OH#1 <-> CH2#1 + O#1                            [  0.53   -0.6900 ] 

new_line: CH#1 + OH#1 <-> CH2#1 + O#1                            [0.4440930395558207   -0.69]
line: CH2#1 + H#1 <-> CH3#1 + #1                             [  1.57    0.51   ] 

new_line: CH2#1 + H#1 <-> CH3#1 + #1                             [1.57086929632436   0.51]
line: CH2#2 + H#1 <-> CH3#2 + #1                             [  0.55   -0.84   ] 

new_line: CH2#2 + H#1 <-> CH3#2 + #1                             [0.7919131868958051   -0.84]
line: CH2#2 + OH#1 <->CH3#2 + O#1                            [  0.74   -1.07   ] 

new_line: CH2#2 + OH#1 <->CH3#2 + O#1                            [1.2633382939816011   -1.07]
line: CH2#1 + OH#1 <->CH3#1 + O#1                            [  0.87    0.28   ] 

new_line: CH2#1 + OH#1 <->CH3#1 + O#1                            [1.3469014579288854   0.28]
line: CH3#2 + H#2 <-> CH4 + #2 + #2                          [  1.15   -1.710  ] 

new_line: CH3#2 + H#2 <-> CH4 + #2 + #2                          [0.9615744603188814   -1.71]
line: CH3#2 + OH#1 <-> CH4 + #2 + O#1                        [  0.75   -1.30   ] 

new_line: CH3#2 + OH#1 <-> CH4 + #2 + O#1                        [1.0637195041532843   -1.3]
line: CH3#2 + H#1 <-> CH4 + #1 + #2                          [  1.27   -1.07   ] 

new_line: CH3#2 + H#1 <-> CH4 + #1 + #2                          [0.6708566986149342   -1.07]
line: CH3#1 + H#2 <-> CH4 + #1 + #2                          [  1.11   -1.70   ] 

new_line: CH3#1 + H#2 <-> CH4 + #1 + #2                          [0.6284139738742427   -1.7]
line: CH3#1 + H#1 <-> CH4 + #1+ #1                           [  1.68   -1.06   ] 

224860
new_line: CH3#1 + H#1 <-> CH4 + #1+ #1                           [1.30959126704819   -1.06]
line: CH3#1 + OH#1 <-> CH4 + #1+ O#1                         [  0.79   -1.29   ] 

new_line: CH3#1 + OH#1 <-> CH4 + #1+ O#1                         [1.425296565440691   -1.29]
line: CHO#1 + CO#1 <-> CH#1 + CO2#1                          [  1.14   -0.6300 ] 

new_line: CHO#1 + CO#1 <-> CH#1 + CO2#1                          [1.1909821880169607   -0.63]
line: CH2O#1 + CO#1 <-> CH2#1 + CO2#1                        [  1.930  -0.7800 ] 

new_line: CH2O#1 + CO#1 <-> CH2#1 + CO2#1                        [0.6925396994849861   -0.78]
line: CH3O#1 + CO#1 <-> CH3#1 + CO2#1                        [  2.59   -0.2500 ] 

new_line: CH3O#1 + CO#1 <-> CH3#1 + CO2#1                        [1.448065871821789   -0.25]
line: CHO#1 + CO#2 <-> CH#1 + CO2#2                          [  2.35    0.3100 ] 

new_line: CHO#1 + CO#2 <-> CH#1 + CO2#2                          [1.507961661262792   0.31]
line: CH2O#1 + CO#2 <-> CH2#1 + CO2#2                        [  2.55    0.1700 ] 

new_line: CH2O#1 + CO#2 <-> CH2#1 + CO2#2                        [0.23139717557541487   0.17]
line: CH3O#1 + CO#2 <-> CH3#1 + CO2#2                        [  3.32    0.7000 ] 

new_line: CH3O#1 + CO#2 <-> CH3#1 + CO2#2                        [1.7090044430077722   0.7]
line: CH2#1 + CO#2 <-> CH2CO#1 + #2                          [  0.50    0.2800 ] 

new_line: CH2#1 + CO#2 <-> CH2CO#1 + #2                          [1.3776032312418625   0.28]
line: CH2#1 + CO#1 <-> CH2CO#1 + #1                          [  0.88    0.4600 ] 

new_line: CH2#1 + CO#1 <-> CH2CO#1 + #1                          [1.741258587196913   0.46]
line: CH2#2 + CO#2 <-> CH2CO#2 +#2                           [  0.20   -0.6300 ] 

new_line: CH2#2 + CO#2 <-> CH2CO#2 +#2                           [0.8358486959281817   -0.63]
line: CH3#1 + CO#2 <-> CH3CO#1 + #2                          [  0.62    0.5000 ] 

new_line: CH3#1 + CO#2 <-> CH3CO#1 + #2                          [1.7975100810652274   0.5]
line: CH3#1 + CO#1 <-> CH3CO#1 + #1                          [  0.97    0.6700 ] 

new_line: CH3#1 + CO#1 <-> CH3CO#1 + #1                          [1.7812228226644504   0.67]
line: CH3#2 + CO#2 <-> CH3CO#2 +#2                           [  0.53   -0.1000 ] 

new_line: CH3#2 + CO#2 <-> CH3CO#2 +#2                           [1.3315678292599546   -0.1]
line: CH3CO#1 + #1 <-> CH2CO#1 + H#1                         [  0.21   -0.7300 ] 

new_line: CH3CO#1 + #1 <-> CH2CO#1 + H#1                         [0.6515258348825564   -0.73]
line: CH3CO#1 + O#1 <-> CH2CO#1 + OH#1                       [  0.00   -0.4000 ] 

new_line: CH3CO#1 + O#1 <-> CH2CO#1 + OH#1                       [1.2760250414446541   -0.4]
line: CH3CO#2 + #1 <-> CH2CO#2 + H#1                         [  1.89    0.3200 ] 

new_line: CH3CO#2 + #1 <-> CH2CO#2 + H#1                         [0.6389319759017689   0.32]
line: CH3CO#2 + O#1 <-> CH2CO#2 + OH#1                       [  2.31    0.5400 ] 

new_line: CH3CO#2 + O#1 <-> CH2CO#2 + OH#1                       [0.6210027219047274   0.54]
line: CH2CO#1 <-> CH2CO + #1                                 [ -0.093  -0.730  ] 

new_line: CH2CO#1 <-> CH2CO + #1                                 [0.499542155909111   -0.73]
line: CH2CO#2 <-> CH2CO + #2                                 [ -0.575  -1.180  ] 

new_line: CH2CO#2 <-> CH2CO + #2                                 [0.7006968598871799   -1.18]
line: CO#2 + O#1 <-> CO2#1 + #2                              [  0.15    0.1200 ] 

new_line: CO#2 + O#1 <-> CO2#1 + #2                              [0.5360997424583389   0.12]
line: CO#2 + OH#1 <-> COOH#2 +#1                             [  1.7800  1.4800 ] 

new_line: CO#2 + OH#1 <-> COOH#2 +#1                             [2.0724199025670647   1.48]
line: COOH#2 + O#1 <-> CO2#2 + OH#1                          [  0.280  -0.2400 ] 

new_line: COOH#2 + O#1 <-> CO2#2 + OH#1                          [0.9743302489491312   -0.24]
line: COOH#2 + #1 <-> CO2#2 + H#1                            [  3.73   -0.4700 ] 

new_line: COOH#2 + #1 <-> CO2#2 + H#1                            [0.3918540220852019   -0.47]
line: H#1 + OH#1 <-> H2O#1 + #1                              [  1.89    1.8900 ] 

new_line: H#1 + OH#1 <-> H2O#1 + #1                              [2.2690169712334383   1.89]
line: OH#1 + OH#1 <-> H2O#1 + O#1                            [  1.600   1.6400 ] 

new_line: OH#1 + OH#1 <-> H2O#1 + O#1                            [1.850171458953116   1.64]
line: H#2 + OH#1 <-> H2O#1 + #2                              [  1.96    1.2300 ] 

new_line: H#2 + OH#1 <-> H2O#1 + #2                              [1.5424305741210498   1.23]
line: CO2#1 <-> CO2 + #1                                     [  0.329  -0.3100 ] 

new_line: CO2#1 <-> CO2 + #1                                     [1.3213161971218605   -0.31]
line: CO2#2 <-> CO2 + #2                                     [ -0.824  -1.4300 ] 

new_line: CO2#2 <-> CO2 + #2                                     [1.155672365863745   -1.43]
line: H2O#1 <-> H2O + #1                                     [ -0.227  -0.8400 ] 

new_line: H2O#1 <-> H2O + #1                                     [1.2899400184178371   -0.84]
wait
C
R
C
R
C
R
C
R
C
R
C
R
R
Run log in the file : /home/hxyang/my_Code/matlab_NN/test_sasian/test_new/test_67/1.5/result_1/log45
last_line: Run log in the file : /home/hxyang/my_Code/matlab_NN/test_sasian/test_new/test_67/1.5/result_1/log45 log_n 45
line: CO + #1 <-> CO#1                                       [  0.626   0.7300 ] 

new_line: CO + #1 <-> CO#1                                       [1.9671555408805486   0.73]
line: CO + #2 <-> CO#2                                       [  0.593   0.9100 ] 

new_line: CO + #2 <-> CO#2                                       [1.4521084230501735   0.91]
line: H2 + #1 <-> H2#1                                       [  0.549   0.9500 ] 

new_line: H2 + #1 <-> H2#1                                       [1.0507442295343496   0.95]
line: H2#1 + #2 <-> H#1 + H#2                                [  0.430  -0.7100 ] 

new_line: H2#1 + #2 <-> H#1 + H#2                                [1.2020400403562816   -0.71]
line: H#2 + #1 <-> H#1 + #2                                  [     0   -0.6400 ] 

new_line: H#2 + #1 <-> H#1 + #2                                  [0.014143789322740567   -0.64]
line: CO#1 + H#1 <-> CHO#1 + #1                              [  0.620   0.5900 ] 

new_line: CO#1 + H#1 <-> CHO#1 + #1                              [0.9751555100553346   0.59]
line: CO#1 + H#1 <-> COH#1 + #1                              [  2.220   1.9400 ] 

new_line: CO#1 + H#1 <-> COH#1 + #1                              [3.0335436717531516   1.94]
line: CHO#1 + H#1 <-> CH2O#1 + #1                            [  0.290  -0.3200 ] 

new_line: CHO#1 + H#1 <-> CH2O#1 + #1                            [1.0605640930787672   -0.32]
line: CHO#1 + H#1 <-> CHOH#1 + #1                            [  1.42    0.4200 ] 

new_line: CHO#1 + H#1 <-> CHOH#1 + #1                            [0.9564191989296285   0.42]
line: CH2O#1 + H#1 <-> CH3O#1 + #1                           [  0.850  -0.0100 ] 

new_line: CH2O#1 + H#1 <-> CH3O#1 + #1                           [1.4900582663539892   -0.01]
line: CH2O#1 + H#1 <-> CH2OH#1 + #1                          [  2.71    1.5800 ] 

new_line: CH2O#1 + H#1 <-> CH2OH#1 + #1                          [3.0655359904997193   1.58]
line: COH#1 + H#1 <-> CHOH#1 + #1                            [  0.55   -0.9400 ] 

new_line: COH#1 + H#1 <-> CHOH#1 + #1                            [1.139261156739436   -0.94]
line: CHOH#1 + H#1 <-> CH2OH#1 + #1                          [  1.66    0.8400 ] 

new_line: CHOH#1 + H#1 <-> CH2OH#1 + #1                          [2.0487075729967845   0.84]
line: CH2OH#1 + H#1 <-> CH3OH#1 + #1                         [  1.04    0.3100 ] 

new_line: CH2OH#1 + H#1 <-> CH3OH#1 + #1                         [1.1045941454596295   0.31]
line: CH3O#1 + H#1 <-> CH3OH#1 + #1                          [  1.91    1.9100 ] 

new_line: CH3O#1 + H#1 <-> CH3OH#1 + #1                          [2.593706972789223   1.91]
line: CH2O#1 <-> CH2O + #1                                   [  0.848   0.2200 ] 

new_line: CH2O#1 <-> CH2O + #1                                   [0.582581722107824   0.22]
line: CH3OH#1 <-> CH3OH + #1                                 [ -0.79   -1.4200 ] 

new_line: CH3OH#1 <-> CH3OH + #1                                 [0.7212462207173178   -1.42]
line: CHO#1 + #1 <-> CH#1 + O#1                              [  0.22   -0.9300 ] 

new_line: CHO#1 + #1 <-> CH#1 + O#1                              [0.7433781084914752   -0.93]
line: CH2O#1 + #1 <-> CH2#1 + O#1                            [  1.08   -1.070  ] 

new_line: CH2O#1 + #1 <-> CH2#1 + O#1                            [1.2494774394260104   -1.07]
line: CH2O#1 + #2 <-> CH2#2 + O#1                            [  2.68    0.2900 ] 

new_line: CH2O#1 + #2 <-> CH2#2 + O#1                            [1.2668650063898468   0.29]
line: CHOH#1 + #1 <-> CH#1 + OH#1                            [  0.36   -1.1200 ] 

new_line: CHOH#1 + #1 <-> CH#1 + OH#1                            [0.024626029689317347   -1.12]
line: CH2OH#1 + #1 <-> CH2#1 + OH#1                          [  1.22   -2.4200 ] 

new_line: CH2OH#1 + #1 <-> CH2#1 + OH#1                          [1.4602086261184697   -2.42]
line: CH2OH#1 + #2 <-> CH2#2 + OH#1                          [  0.30   -1.0600 ] 

new_line: CH2OH#1 + #2 <-> CH2#2 + OH#1                          [0.35152331343776744   -1.06]
line: CH3O#1 + #1 <-> CH3#1 + O#1                            [  1.83   -0.5400 ] 

new_line: CH3O#1 + #1 <-> CH3#1 + O#1                            [1.1603775835206744   -0.54]
line: CH3O#1 + #2 <-> CH3#2 + O#1                            [  1.77   -0.5300 ] 

new_line: CH3O#1 + #2 <-> CH3#2 + O#1                            [0.5205842220433242   -0.53]
line: CH3OH#1 + #1 <-> CH3#1 + OH#1                          [  0.53   -2.2200 ] 

new_line: CH3OH#1 + #1 <-> CH3#1 + OH#1                          [0.3455011207139492   -2.22]
line: CH3OH#1 + #2 <-> CH3#2 + OH#1                          [  0.74   -2.2100 ] 

new_line: CH3OH#1 + #2 <-> CH3#2 + OH#1                          [1.3032456692817473   -2.21]
line: CH#1 + H#1 <-> CH2#1 + #1                              [  0.94   -0.460  ] 

new_line: CH#1 + H#1 <-> CH2#1 + #1                              [0.8899334849074464   -0.46]
line: CH#1 + OH#1 <-> CH2#1 + O#1                            [  0.53   -0.6900 ] 

new_line: CH#1 + OH#1 <-> CH2#1 + O#1                            [1.4109437861437328   -0.69]
line: CH2#1 + H#1 <-> CH3#1 + #1                             [  1.57    0.51   ] 

new_line: CH2#1 + H#1 <-> CH3#1 + #1                             [1.96103451915653   0.51]
line: CH2#2 + H#1 <-> CH3#2 + #1                             [  0.55   -0.84   ] 

new_line: CH2#2 + H#1 <-> CH3#2 + #1                             [0.09562205695158678   -0.84]
line: CH2#2 + OH#1 <->CH3#2 + O#1                            [  0.74   -1.07   ] 

new_line: CH2#2 + OH#1 <->CH3#2 + O#1                            [1.4665889839786797   -1.07]
line: CH2#1 + OH#1 <->CH3#1 + O#1                            [  0.87    0.28   ] 

new_line: CH2#1 + OH#1 <->CH3#1 + O#1                            [1.116437363375835   0.28]
line: CH3#2 + H#2 <-> CH4 + #2 + #2                          [  1.15   -1.710  ] 

new_line: CH3#2 + H#2 <-> CH4 + #2 + #2                          [1.0673565599682249   -1.71]
line: CH3#2 + OH#1 <-> CH4 + #2 + O#1                        [  0.75   -1.30   ] 

new_line: CH3#2 + OH#1 <-> CH4 + #2 + O#1                        [0.7788607620035444   -1.3]
line: CH3#2 + H#1 <-> CH4 + #1 + #2                          [  1.27   -1.07   ] 

new_line: CH3#2 + H#1 <-> CH4 + #1 + #2                          [1.4647816486715288   -1.07]
line: CH3#1 + H#2 <-> CH4 + #1 + #2                          [  1.11   -1.70   ] 

new_line: CH3#1 + H#2 <-> CH4 + #1 + #2                          [0.5217913058966387   -1.7]
line: CH3#1 + H#1 <-> CH4 + #1+ #1                           [  1.68   -1.06   ] 

new_line: CH3#1 + H#1 <-> CH4 + #1+ #1                           [1.12372556542678   -1.06]
line: CH3#1 + OH#1 <-> CH4 + #1+ O#1                         [  0.79   -1.29   ] 

new_line: CH3#1 + OH#1 <-> CH4 + #1+ O#1                         [0.38442676266375997   -1.29]
line: CHO#1 + CO#1 <-> CH#1 + CO2#1                          [  1.14   -0.6300 ] 

new_line: CHO#1 + CO#1 <-> CH#1 + CO2#1                          [0.5511153417692867   -0.63]
line: CH2O#1 + CO#1 <-> CH2#1 + CO2#1                        [  1.930  -0.7800 ] 

new_line: CH2O#1 + CO#1 <-> CH2#1 + CO2#1                        [0.06696769703858242   -0.78]
line: CH3O#1 + CO#1 <-> CH3#1 + CO2#1                        [  2.59   -0.2500 ] 

new_line: CH3O#1 + CO#1 <-> CH3#1 + CO2#1                        [1.3668598204598754   -0.25]
line: CHO#1 + CO#2 <-> CH#1 + CO2#2                          [  2.35    0.3100 ] 

new_line: CHO#1 + CO#2 <-> CH#1 + CO2#2                          [0.3219250544651297   0.31]
line: CH2O#1 + CO#2 <-> CH2#1 + CO2#2                        [  2.55    0.1700 ] 

new_line: CH2O#1 + CO#2 <-> CH2#1 + CO2#2                        [0.46253892305440025   0.17]
line: CH3O#1 + CO#2 <-> CH3#1 + CO2#2                        [  3.32    0.7000 ] 

new_line: CH3O#1 + CO#2 <-> CH3#1 + CO2#2                        [1.0980453339887413   0.7]
line: CH2#1 + CO#2 <-> CH2CO#1 + #2                          [  0.50    0.2800 ] 

new_line: CH2#1 + CO#2 <-> CH2CO#1 + #2                          [0.4997916890152573   0.28]
line: CH2#1 + CO#1 <-> CH2CO#1 + #1                          [  0.88    0.4600 ] 

new_line: CH2#1 + CO#1 <-> CH2CO#1 + #1                          [1.7649582453996393   0.46]
line: CH2#2 + CO#2 <-> CH2CO#2 +#2                           [  0.20   -0.6300 ] 

new_line: CH2#2 + CO#2 <-> CH2CO#2 +#2                           [1.4073208640966872   -0.63]
line: CH3#1 + CO#2 <-> CH3CO#1 + #2                          [  0.62    0.5000 ] 

new_line: CH3#1 + CO#2 <-> CH3CO#1 + #2                          [0.6053335205804686   0.5]
line: CH3#1 + CO#1 <-> CH3CO#1 + #1                          [  0.97    0.6700 ] 

new_line: CH3#1 + CO#1 <-> CH3CO#1 + #1                          [0.6913231929438469   0.67]
line: CH3#2 + CO#2 <-> CH3CO#2 +#2                           [  0.53   -0.1000 ] 

new_line: CH3#2 + CO#2 <-> CH3CO#2 +#2                           [0.32982867437221386   -0.1]
line: CH3CO#1 + #1 <-> CH2CO#1 + H#1                         [  0.21   -0.7300 ] 

new_line: CH3CO#1 + #1 <-> CH2CO#1 + H#1                         [1.2856542274989047   -0.73]
line: CH3CO#1 + O#1 <-> CH2CO#1 + OH#1                       [  0.00   -0.4000 ] 

new_line: CH3CO#1 + O#1 <-> CH2CO#1 + OH#1                       [0.9659289212797075   -0.4]
line: CH3CO#2 + #1 <-> CH2CO#2 + H#1                         [  1.89    0.3200 ] 

new_line: CH3CO#2 + #1 <-> CH2CO#2 + H#1                         [0.9986672672903079   0.32]
line: CH3CO#2 + O#1 <-> CH2CO#2 + OH#1                       [  2.31    0.5400 ] 

new_line: CH3CO#2 + O#1 <-> CH2CO#2 + OH#1                       [1.020624134543512   0.54]
line: CH2CO#1 <-> CH2CO + #1                                 [ -0.093  -0.730  ] 

new_line: CH2CO#1 <-> CH2CO + #1                                 [1.3163562249801668   -0.73]
line: CH2CO#2 <-> CH2CO + #2                                 [ -0.575  -1.180  ] 

new_line: CH2CO#2 <-> CH2CO + #2                                 [1.0061681646380245   -1.18]
line: CO#2 + O#1 <-> CO2#1 + #2                              [  0.15    0.1200 ] 

new_line: CO#2 + O#1 <-> CO2#1 + #2                              [0.9410370930632977   0.12]
line: CO#2 + OH#1 <-> COOH#2 +#1                             [  1.7800  1.4800 ] 

new_line: CO#2 + OH#1 <-> COOH#2 +#1                             [1.8280665301401637   1.48]
line: COOH#2 + O#1 <-> CO2#2 + OH#1                          [  0.280  -0.2400 ] 

new_line: COOH#2 + O#1 <-> CO2#2 + OH#1                          [0.9552805999930395   -0.24]
line: COOH#2 + #1 <-> CO2#2 + H#1                            [  3.73   -0.4700 ] 

new_line: COOH#2 + #1 <-> CO2#2 + H#1                            [0.6473681717367297   -0.47]
line: H#1 + OH#1 <-> H2O#1 + #1                              [  1.89    1.8900 ] 

new_line: 224861
H#1 + OH#1 <-> H2O#1 + #1                              [2.6882951587692308   1.89]
line: OH#1 + OH#1 <-> H2O#1 + O#1                            [  1.600   1.6400 ] 

new_line: OH#1 + OH#1 <-> H2O#1 + O#1                            [2.355402863439349   1.64]
line: H#2 + OH#1 <-> H2O#1 + #2                              [  1.96    1.2300 ] 

new_line: H#2 + OH#1 <-> H2O#1 + #2                              [2.5160273844714585   1.23]
line: CO2#1 <-> CO2 + #1                                     [  0.329  -0.3100 ] 

new_line: CO2#1 <-> CO2 + #1                                     [1.4557753924721655   -0.31]
line: CO2#2 <-> CO2 + #2                                     [ -0.824  -1.4300 ] 

new_line: CO2#2 <-> CO2 + #2                                     [0.2458831747466192   -1.43]
line: H2O#1 <-> H2O + #1                                     [ -0.227  -0.8400 ] 

new_line: H2O#1 <-> H2O + #1                                     [1.004055764486216   -0.84]
wait
C
R
C
R
C
R
C
R
C
R
C
R
C
R
R
R
R
R
Run log in the file : /home/hxyang/my_Code/matlab_NN/test_sasian/test_new/test_67/1.5/result_1/log46
last_line: Run log in the file : /home/hxyang/my_Code/matlab_NN/test_sasian/test_new/test_67/1.5/result_1/log46 log_n 46
line: CO + #1 <-> CO#1                                       [  0.626   0.7300 ] 

new_line: CO + #1 <-> CO#1                                       [0.8407223444890277   0.73]
line: CO + #2 <-> CO#2                                       [  0.593   0.9100 ] 

new_line: CO + #2 <-> CO#2                                       [1.6701600010736786   0.91]
line: H2 + #1 <-> H2#1                                       [  0.549   0.9500 ] 

new_line: H2 + #1 <-> H2#1                                       [1.168443079209214   0.95]
line: H2#1 + #2 <-> H#1 + H#2                                [  0.430  -0.7100 ] 

new_line: H2#1 + #2 <-> H#1 + H#2                                [0.6201678019556418   -0.71]
line: H#2 + #1 <-> H#1 + #2                                  [     0   -0.6400 ] 

new_line: H#2 + #1 <-> H#1 + #2                                  [1.4741160402556113   -0.64]
line: CO#1 + H#1 <-> CHO#1 + #1                              [  0.620   0.5900 ] 

new_line: CO#1 + H#1 <-> CHO#1 + #1                              [1.3526454465357016   0.59]
line: CO#1 + H#1 <-> COH#1 + #1                              [  2.220   1.9400 ] 

new_line: CO#1 + H#1 <-> COH#1 + #1                              [2.711228140166611   1.94]
line: CHO#1 + H#1 <-> CH2O#1 + #1                            [  0.290  -0.3200 ] 

new_line: CHO#1 + H#1 <-> CH2O#1 + #1                            [0.9353199636115417   -0.32]
line: CHO#1 + H#1 <-> CHOH#1 + #1                            [  1.42    0.4200 ] 

new_line: CHO#1 + H#1 <-> CHOH#1 + #1                            [1.7929186501711991   0.42]
line: CH2O#1 + H#1 <-> CH3O#1 + #1                           [  0.850  -0.0100 ] 

new_line: CH2O#1 + H#1 <-> CH3O#1 + #1                           [0.7249299399623472   -0.01]
line: CH2O#1 + H#1 <-> CH2OH#1 + #1                          [  2.71    1.5800 ] 

new_line: CH2O#1 + H#1 <-> CH2OH#1 + #1                          [1.796458456785134   1.58]
line: COH#1 + H#1 <-> CHOH#1 + #1                            [  0.55   -0.9400 ] 

new_line: COH#1 + H#1 <-> CHOH#1 + #1                            [0.12364885609091242   -0.94]
line: CHOH#1 + H#1 <-> CH2OH#1 + #1                          [  1.66    0.8400 ] 

new_line: CHOH#1 + H#1 <-> CH2OH#1 + #1                          [1.6260997332867815   0.84]
line: CH2OH#1 + H#1 <-> CH3OH#1 + #1                         [  1.04    0.3100 ] 

new_line: CH2OH#1 + H#1 <-> CH3OH#1 + #1                         [1.060849833779046   0.31]
line: CH3O#1 + H#1 <-> CH3OH#1 + #1                          [  1.91    1.9100 ] 

new_line: CH3O#1 + H#1 <-> CH3OH#1 + #1                          [1.9553361727729253   1.91]
line: CH2O#1 <-> CH2O + #1                                   [  0.848   0.2200 ] 

new_line: CH2O#1 <-> CH2O + #1                                   [1.0125406142359015   0.22]
line: CH3OH#1 <-> CH3OH + #1                                 [ -0.79   -1.4200 ] 

new_line: CH3OH#1 <-> CH3OH + #1                                 [0.7880483011082479   -1.42]
line: CHO#1 + #1 <-> CH#1 + O#1                              [  0.22   -0.9300 ] 

new_line: CHO#1 + #1 <-> CH#1 + O#1                              [0.5440155285054089   -0.93]
line: CH2O#1 + #1 <-> CH2#1 + O#1                            [  1.08   -1.070  ] 

new_line: CH2O#1 + #1 <-> CH2#1 + O#1                            [0.1798101194434096   -1.07]
line: CH2O#1 + #2 <-> CH2#2 + O#1                            [  2.68    0.2900 ] 

new_line: CH2O#1 + #2 <-> CH2#2 + O#1                            [0.47887598611252497   0.29]
line: CHOH#1 + #1 <-> CH#1 + OH#1                            [  0.36   -1.1200 ] 

new_line: CHOH#1 + #1 <-> CH#1 + OH#1                            [0.011321688935918773   -1.12]
line: CH2OH#1 + #1 <-> CH2#1 + OH#1                          [  1.22   -2.4200 ] 

new_line: CH2OH#1 + #1 <-> CH2#1 + OH#1                          [0.8119339961770844   -2.42]
line: CH2OH#1 + #2 <-> CH2#2 + OH#1                          [  0.30   -1.0600 ] 

new_line: CH2OH#1 + #2 <-> CH2#2 + OH#1                          [1.039034495838974   -1.06]
line: CH3O#1 + #1 <-> CH3#1 + O#1                            [  1.83   -0.5400 ] 

new_line: CH3O#1 + #1 <-> CH3#1 + O#1                            [1.468525080507179   -0.54]
line: CH3O#1 + #2 <-> CH3#2 + O#1                            [  1.77   -0.5300 ] 

new_line: CH3O#1 + #2 <-> CH3#2 + O#1                            [1.4086328535989217   -0.53]
line: CH3OH#1 + #1 <-> CH3#1 + OH#1                          [  0.53   -2.2200 ] 

new_line: CH3OH#1 + #1 <-> CH3#1 + OH#1                          [0.21759348743165535   -2.22]
line: CH3OH#1 + #2 <-> CH3#2 + OH#1                          [  0.74   -2.2100 ] 

new_line: CH3OH#1 + #2 <-> CH3#2 + OH#1                          [0.4583995393132929   -2.21]
line: CH#1 + H#1 <-> CH2#1 + #1                              [  0.94   -0.460  ] 

new_line: CH#1 + H#1 <-> CH2#1 + #1                              [0.2586001873717033   -0.46]
line: CH#1 + OH#1 <-> CH2#1 + O#1                            [  0.53   -0.6900 ] 

new_line: CH#1 + OH#1 <-> CH2#1 + O#1                            [0.029911690044224046   -0.69]
line: CH2#1 + H#1 <-> CH3#1 + #1                             [  1.57    0.51   ] 

new_line: CH2#1 + H#1 <-> CH3#1 + #1                             [1.5038285045977837   0.51]
line: CH2#2 + H#1 <-> CH3#2 + #1                             [  0.55   -0.84   ] 

new_line: CH2#2 + H#1 <-> CH3#2 + #1                             [0.953422278154765   -0.84]
line: CH2#2 + OH#1 <->CH3#2 + O#1                            [  0.74   -1.07   ] 

new_line: CH2#2 + OH#1 <->CH3#2 + O#1                            [1.2848219914802537   -1.07]
line: CH2#1 + OH#1 <->CH3#1 + O#1                            [  0.87    0.28   ] 

new_line: CH2#1 + OH#1 <->CH3#1 + O#1                            [0.5788633767399524   0.28]
line: CH3#2 + H#2 <-> CH4 + #2 + #2                          [  1.15   -1.710  ] 

new_line: CH3#2 + H#2 <-> CH4 + #2 + #2                          [1.3737673492426794   -1.71]
line: CH3#2 + OH#1 <-> CH4 + #2 + O#1                        [  0.75   -1.30   ] 

new_line: CH3#2 + OH#1 <-> CH4 + #2 + O#1                        [0.035267449658799285   -1.3]
line: CH3#2 + H#1 <-> CH4 + #1 + #2                          [  1.27   -1.07   ] 

new_line: CH3#2 + H#1 <-> CH4 + #1 + #2                          [0.7068304218321767   -1.07]
line: CH3#1 + H#2 <-> CH4 + #1 + #2                          [  1.11   -1.70   ] 

new_line: CH3#1 + H#2 <-> CH4 + #1 + #2                          [0.7114981087880896   -1.7]
line: CH3#1 + H#1 <-> CH4 + #1+ #1                           [  1.68   -1.06   ] 

new_line: CH3#1 + H#1 <-> CH4 + #1+ #1                           [0.9036109334381404   -1.06]
line: CH3#1 + OH#1 <-> CH4 + #1+ O#1                         [  0.79   -1.29   ] 

new_line: CH3#1 + OH#1 <-> CH4 + #1+ O#1                         [0.5397790782309764   -1.29]
line: 224862
CHO#1 + CO#1 <-> CH#1 + CO2#1                          [  1.14   -0.6300 ] 

new_line: CHO#1 + CO#1 <-> CH#1 + CO2#1                          [0.7165032937931403   -0.63]
line: CH2O#1 + CO#1 <-> CH2#1 + CO2#1                        [  1.930  -0.7800 ] 

new_line: CH2O#1 + CO#1 <-> CH2#1 + CO2#1                        [0.7005852478698295   -0.78]
line: CH3O#1 + CO#1 <-> CH3#1 + CO2#1                        [  2.59   -0.2500 ] 

new_line: CH3O#1 + CO#1 <-> CH3#1 + CO2#1                        [0.37782292066909384   -0.25]
line: CHO#1 + CO#2 <-> CH#1 + CO2#2                          [  2.35    0.3100 ] 

new_line: CHO#1 + CO#2 <-> CH#1 + CO2#2                          [1.7962387535566913   0.31]
line: CH2O#1 + CO#2 <-> CH2#1 + CO2#2                        [  2.55    0.1700 ] 

new_line: CH2O#1 + CO#2 <-> CH2#1 + CO2#2                        [1.5179944265382213   0.17]
line: CH3O#1 + CO#2 <-> CH3#1 + CO2#2                        [  3.32    0.7000 ] 

new_line: CH3O#1 + CO#2 <-> CH3#1 + CO2#2                        [0.9846196134964768   0.7]
line: CH2#1 + CO#2 <-> CH2CO#1 + #2                          [  0.50    0.2800 ] 

new_line: CH2#1 + CO#2 <-> CH2CO#1 + #2                          [0.7643335121332531   0.28]
line: CH2#1 + CO#1 <-> CH2CO#1 + #1                          [  0.88    0.4600 ] 

new_line: CH2#1 + CO#1 <-> CH2CO#1 + #1                          [0.5736986103425683   0.46]
line: CH2#2 + CO#2 <-> CH2CO#2 +#2                           [  0.20   -0.6300 ] 

new_line: CH2#2 + CO#2 <-> CH2CO#2 +#2                           [0.304862520526356   -0.63]
line: CH3#1 + CO#2 <-> CH3CO#1 + #2                          [  0.62    0.5000 ] 

new_line: CH3#1 + CO#2 <-> CH3CO#1 + #2                          [0.789468454518134   0.5]
line: CH3#1 + CO#1 <-> CH3CO#1 + #1                          [  0.97    0.6700 ] 

new_line: CH3#1 + CO#1 <-> CH3CO#1 + #1                          [0.8962724815346975   0.67]
line: CH3#2 + CO#2 <-> CH3CO#2 +#2                           [  0.53   -0.1000 ] 

new_line: CH3#2 + CO#2 <-> CH3CO#2 +#2                           [0.15622804286815634   -0.1]
line: CH3CO#1 + #1 <-> CH2CO#1 + H#1                         [  0.21   -0.7300 ] 

new_line: CH3CO#1 + #1 <-> CH2CO#1 + H#1                         [0.9468072217461629   -0.73]
line: CH3CO#1 + O#1 <-> CH2CO#1 + OH#1                       [  0.00   -0.4000 ] 

new_line: CH3CO#1 + O#1 <-> CH2CO#1 + OH#1                       [0.7793980675847112   -0.4]
line: CH3CO#2 + #1 <-> CH2CO#2 + H#1                         [  1.89    0.3200 ] 

new_line: CH3CO#2 + #1 <-> CH2CO#2 + H#1                         [0.7725498451650701   0.32]
line: CH3CO#2 + O#1 <-> CH2CO#2 + OH#1                       [  2.31    0.5400 ] 

new_line: CH3CO#2 + O#1 <-> CH2CO#2 + OH#1                       [1.7867988019110754   0.54]
line: CH2CO#1 <-> CH2CO + #1                                 [ -0.093  -0.730  ] 

new_line: CH2CO#1 <-> CH2CO + #1                                 [0.3512340880196547   -0.73]
line: CH2CO#2 <-> CH2CO + #2                                 [ -0.575  -1.180  ] 

new_line: CH2CO#2 <-> CH2CO + #2                                 [1.2498962926994979   -1.18]
line: CO#2 + O#1 <-> CO2#1 + #2                              [  0.15    0.1200 ] 

new_line: CO#2 + O#1 <-> CO2#1 + #2                              [0.7945592948068104   0.12]
line: CO#2 + OH#1 <-> COOH#2 +#1                             [  1.7800  1.4800 ] 

new_line: CO#2 + OH#1 <-> COOH#2 +#1                             [1.4911467291239304   1.48]
line: COOH#2 + O#1 <-> CO2#2 + OH#1                          [  0.280  -0.2400 ] 

new_line: COOH#2 + O#1 <-> CO2#2 + OH#1                          [0.019662753463380284   -0.24]
line: COOH#2 + #1 <-> CO2#2 + H#1                            [  3.73   -0.4700 ] 

new_line: COOH#2 + #1 <-> CO2#2 + H#1                            [0.052215361366581815   -0.47]
line: H#1 + OH#1 <-> H2O#1 + #1                              [  1.89    1.8900 ] 

new_line: H#1 + OH#1 <-> H2O#1 + #1                              [2.5449427811386203   1.89]
line: OH#1 + OH#1 <-> H2O#1 + O#1                            [  1.600   1.6400 ] 

new_line: OH#1 + OH#1 <-> H2O#1 + O#1                            [1.6473925512978063   1.64]
line: H#2 + OH#1 <-> H2O#1 + #2                              [  1.96    1.2300 ] 

new_line: H#2 + OH#1 <-> H2O#1 + #2                              [2.411582274343425   1.23]
line: CO2#1 <-> CO2 + #1                                     [  0.329  -0.3100 ] 

new_line: CO2#1 <-> CO2 + #1                                     [1.4635822843760928   -0.31]
line: CO2#2 <-> CO2 + #2                                     [ -0.824  -1.4300 ] 

new_line: CO2#2 <-> CO2 + #2                                     [0.19822874261745901   -1.43]
line: H2O#1 <-> H2O + #1                                     [ -0.227  -0.8400 ] 

new_line: H2O#1 <-> H2O + #1                                     [1.449183794221118   -0.84]
wait
C
R
C
R
C
R
C
R
C
R
C
R
C
R
R
R
Run log in the file : /home/hxyang/my_Code/matlab_NN/test_sasian/test_new/test_67/1.5/result_1/log47
last_line: Run log in the file : /home/hxyang/my_Code/matlab_NN/test_sasian/test_new/test_67/1.5/result_1/log47 log_n 47
line: CO + #1 <-> CO#1                                       [  0.626   0.7300 ] 

new_line: CO + #1 <-> CO#1                                       [1.6936871841218748   0.73]
line: CO + #2 <-> CO#2                                       [  0.593   0.9100 ] 

new_line: CO + #2 <-> CO#2                                       [1.418080619391353   0.91]
line: H2 + #1 <-> H2#1                                       [  0.549   0.9500 ] 

new_line: H2 + #1 <-> H2#1                                       [1.3168320608155668   0.95]
line: H2#1 + #2 <-> H#1 + H#2                                [  0.430  -0.7100 ] 

new_line: H2#1 + #2 <-> H#1 + H#2                                [0.8071179326594593   -0.71]
line: H#2 + #1 <-> H#1 + #2                                  [     0   -0.6400 ] 

new_line: H#2 + #1 <-> H#1 + #2                                  [0.4618212993953177   -0.64]
line: CO#1 + H#1 <-> CHO#1 + #1                              [  0.620   0.5900 ] 

new_line: CO#1 + H#1 <-> CHO#1 + #1                              [1.8609926670872206   0.59]
line: CO#1 + H#1 <-> COH#1 + #1                              [  2.220   1.9400 ] 

new_line: CO#1 + H#1 <-> COH#1 + #1                              [3.397425006042198   1.94]
line: CHO#1 + H#1 <-> CH2O#1 + #1                            [  0.290  -0.3200 ] 

new_line: CHO#1 + H#1 <-> CH2O#1 + #1                            [1.2456843762469383   -0.32]
line: CHO#1 + H#1 <-> CHOH#1 + #1                            [  1.42    0.4200 ] 

new_line: CHO#1 + H#1 <-> CHOH#1 + #1                            [0.44122508978207214   0.42]
line: CH2O#1 + H#1 <-> CH3O#1 + #1                           [  0.850  -0.0100 ] 

new_line: CH2O#1 + H#1 <-> CH3O#1 + #1                           [0.5944519851947196   -0.01]
line: CH2O#1 + H#1 <-> CH2OH#1 + #1                          [  2.71    1.5800 ] 

new_line: CH2O#1 + H#1 <-> CH2OH#1 + #1                          [2.3298006845730264   1.58]
line: COH#1 + H#1 <-> CHOH#1 + #1                            [  0.55   -0.9400 ] 

new_line: COH#1 + H#1 <-> CHOH#1 + #1                            [0.3223642700747571   -0.94]
line: CHOH#1 + H#1 <-> CH2OH#1 + #1                          [  1.66    0.8400 ] 

new_line: CHOH#1 + H#1 <-> CH2OH#1 + #1                          [1.5023561565669006   0.84]
line: CH2OH#1 + H#1 <-> CH3OH#1 + #1                         [  1.04    0.3100 ] 

new_line: CH2OH#1 + H#1 <-> CH3OH#1 + #1                         [0.35898240654494445   0.31]
line: CH3O#1 + H#1 <-> CH3OH#1 + #1                          [  1.91    1.9100 ] 

new_line: CH3O#1 + H#1 <-> CH3OH#1 + #1                          [3.3944506016193783   1.91]
line: CH2O#1 <-> CH2O + #1                                   [  0.848   0.2200 ] 

new_line: CH2O#1 <-> CH2O + #1                                   [1.5665969312485086   0.22]
line: CH3OH#1 <-> CH3OH + #1                                 [ -0.79   -1.4200 ] 

new_line: CH3OH#1 <-> CH3OH + #1                                 [0.14539704569394804   -1.42]
line: CHO#1 + #1 <-> CH#1 + O#1                              [  0.22   -0.9300 ] 

new_line: CHO#1 + #1 <-> CH#1 + O#1                              [0.42556368055401494   -0.93]
line: CH2O#1 + #1 <-> CH2#1 + O#1                            [  1.08   -1.070  ] 

new_line: CH2O#1 + #1 <-> CH2#1 + O#1                            [1.0178773463333226   -1.07]
line: CH2O#1 + #2 <-> CH2#2 + O#1                            [  2.68    0.2900 ] 

new_line: CH2O#1 + #2 <-> CH2#2 + O#1                            [1.745917305633684   0.29]
line: CHOH#1 + #1 <-> CH#1 + OH#1                            [  0.36   -1.1200 ] 

new_line: CHOH#1 + #1 <-> CH#1 + OH#1                            [0.4520189326999668   -1.12]
line: CH2OH#1 + #1 <-> CH2#1 + OH#1                          [  1.22   -2.4200 ] 

new_line: CH2OH#1 + #1 <-> CH2#1 + OH#1                          [0.8367830428552434   -2.42]
line: CH2OH#1 + #2 <-> CH2#2 + OH#1                          [  0.30   -1.0600 ] 

new_line: CH2OH#1 + #2 <-> CH2#2 + OH#1                          [1.0921935355887786   -1.06]
line: CH3O#1 + #1 <-> CH3#1 + O#1                            [  1.83   -0.5400 ] 

new_line: CH3O#1 + #1 <-> CH3#1 + O#1                            [0.023228769700918774   -0.54]
line: CH3O#1 + #2 <-> CH3#2 + O#1                            [  1.77   -0.5300 ] 

new_line: CH3O#1 + #2 <-> CH3#2 + O#1                            [1.086059035358801   -0.53]
line: CH3OH#1 + #1 <-> CH3#1 + OH#1                          [  0.53   -2.2200 ] 

new_line: CH3OH#1 + #1 <-> CH3#1 + OH#1                          [1.1205062747646468   -2.22]
line: CH3OH#1 + #2 <-> CH3#2 + OH#1                          [  0.74   -2.2100 ] 

new_line: CH3OH#1 + #2 <-> CH3#2 + OH#1                          [0.1892124239682574   -2.21]
line: CH#1 + H#1 <-> CH2#1 + #1                              [  0.94   -0.460  ] 

new_line: CH#1 + H#1 <-> CH2#1 + #1                              [1.0474816275407208   -0.46]
line: CH#1 + OH#1 <-> CH2#1 + O#1                            [  0.53   -0.6900 ] 

new_line: CH#1 + OH#1 <-> CH2#1 + O#1                            [0.4809166679442437   -0.69]
line: CH2#1 + H#1 <-> CH3#1 + #1                             [  1.57    0.51   ] 

new_line: CH2#1 + H#1 <-> CH3#1 + #1                             [1.193485398337188   0.51]
line: CH2#2 + H#1 <-> CH3#2 + #1                             [  0.55   -0.84   ] 

new_line: CH2#2 + H#1 <-> CH3#2 + #1                             [1.1975595837844908   -0.84]
line: CH2#2 + OH#1 <->CH3#2 + O#1                            [  0.74   -1.07   ] 

new_line: CH2#2 + OH#1 <->CH3#2 + O#1                            [1.1916731860183098   -1.07]
line: CH2#1 + OH#1 <->CH3#1 + O#1                            [  0.87    0.28   ] 

new_line: CH2#1 + OH#1 <->CH3#1 + O#1                            [0.5955256273961806   0.28]
line: CH3#2 + H#2 <-> CH4 + #2 + #2                          [  1.15   -1.710  ] 

new_line: CH3#2 + H#2 <-> CH4 + #2 + #2                          [0.859447144470805   -1.71]
line: CH3#2 + OH#1 <-> CH4 + #2 + O#1                        [  0.75   -1.30   ] 

new_line: CH3#2 + OH#1 <-> CH4 + #2 + O#1                        [0.06607889481337914   -1.3]
line: CH3#2 + H#1 <-> CH4 + #1 + #2                          [  1.27   -1.07   ] 

new_line: CH3#2 + H#1 <-> CH4 + #1 + #2                          [0.872626007845997   -1.07]
line: CH3#1 + H#2 <-> CH4 + #1 + #2                          [  1.11   -1.70   ] 

new_line: CH3#1 + H#2 <-> CH4 + #1 + #2                          [0.5354426247109344   -1.7]
line: CH3#1 + H#1 <-> CH4 + #1+ #1                           [  1.68   -1.06   ] 

new_line: CH3#1 + H#1 <-> CH4 + #1+ #1                           [1.1051732193367154   -1.06]
line: CH3#1 + OH#1 <-> CH4 + #1+ O#1                         [  0.79   -1.29   ] 

new_line: CH3#1 + OH#1 <-> CH4 + #1+ O#1                         [0.2936913948673537   -1.29]
line: CHO#1 + CO#1 <-> CH#1 + CO2#1                          [  1.14   -0.6300 ] 

new_line: CHO#1 + CO#1 <-> CH#1 + CO2#1                          [0.6184454831520722   -0.63]
line: CH2O#1 + CO#1 <-> CH2#1 + CO2#1                        [  1.930  -0.7800 ] 

new_line: CH2O#1 + CO#1 <-> CH2#1 + CO2#1                        [0.8933079298178348   -0.78]
line: CH3O#1 + CO#1 <-> CH3#1 + CO2#1                        [  2.59   -0.2500 ] 

new_line: CH3O#1 + CO#1 <-> CH3#1 + CO2#1                        [1.2206762935160893   -0.25]
line: CHO#1 + CO#2 <-> CH#1 + CO2#2                          [  2.35    0.3100 ] 

new_line: CHO#1 + CO#2 <-> CH#1 + CO2#2                          [0.5219625578721299   0.31]
line: CH2O#1 + CO#2 <-> CH2#1 + CO2#2                        [  2.55    0.1700 ] 

new_line: CH2O#1 + CO#2 <-> CH2#1 + CO2#2                        [0.344954238162794   0.17]
line: CH3O#1 + CO#2 <-> CH3#1 + CO2#2                        [  3.32    0.7000 ] 

new_line: CH3O#1 + CO#2 <-> CH3#1 + CO2#2                        [1.684956004962367   0.7]
line: CH2#1 + CO#2 <-> CH2CO#1 + #2                          [  0.50    0.2800 ] 

new_line: CH2#1 + CO#2 <-> CH2CO#1 + #2                          [0.9187802990410399   0.28]
line: CH2#1 + CO#1 <-> CH2CO#1 + #1                          [  0.88    0.4600 ] 

new_line: CH2#1 + CO#1 <-> CH2CO#1 + #1                          [0.7047850685149557   0.46]
line: CH2#2 + CO#2 <-> CH2CO#2 +#2                           [  0.20   -0.6300 ] 

new_line: CH2#2 + CO#2 <-> CH2CO#2 +#2                           [0.9785333338950001   -0.63]
line: CH3#1 + CO#2 <-> CH3CO#1 + #2                          [  0.62    0.5000 ] 

new_line: CH3#1 + CO#2 <-> CH3CO#1 + #2                          [1.1686282930442118   0.5]
line: CH3#1 + CO#1 <-> CH3CO#1 + #1                          [  0.97    0.6700 ] 

new_line: CH3#1 + CO#1 <-> CH3CO#1 + #1                          [2.103169906421763   0.67]
line: CH3#2 + CO#2 <-> CH3CO#2 +#2                           [  0.53   -0.1000 ] 

new_line: CH3#2 + CO#2 <-> CH3CO#2 +#2                           [0.44079122820940986   -0.1]
line: CH3CO#1 + #1 <-> CH2CO#1 + H#1                         [  0.21   -0.7300 ] 

new_line: CH3CO#1 + #1 <-> CH2CO#1 + H#1                         [0.8066739329490076   -0.73]
line: CH3CO#1 + O#1 <-> CH2CO#1 + OH#1                       [  0.00   -0.4000 ] 

new_line: CH3CO#1 + O#1 <-> CH2CO#1 + OH#1                       [0.6360488702128722   -0.4]
line: CH3CO#2 + #1 <-> CH2CO#2 + H#1                         [  1.89    0.3200 ] 

new_line: CH3CO#2 + #1 <-> CH2CO#2 + H#1                         [1.5978200518836265   0.32]
line: CH3CO#2 + O#1 <-> CH2CO#2 + OH#1                       [  2.31    0.5400 ] 

new_line: CH3CO#2 + O#1 <-> CH2CO#2 + OH#1                       [1.8197934053161244   0.54]
line: CH2CO#1 <-> CH2CO + #1                                 [ -0.093  -0.730  ] 

new_line: CH2CO#1 <-> CH2CO + #1                                 [0.21062575205159495   -0.73]
line: CH2CO#2 <-> CH2CO + #2                                 [ -0.575  -1.180  ] 

new_line: CH2CO#2 <-> CH2CO + #2                                 [0.44567497663063804   -1.18]
line: CO#2 + O#1 <-> CO2#1 + #2                              [  0.15    0.1200 ] 

new_line: CO#2 + O#1 <-> CO2#1 + #2                              [0.4633707160549674   0.12]
line: CO#2 + OH#1 <-> COOH#2 +#1                             [  1.7800  1.4800 ] 

new_line: CO#2 + OH#1 <-> COOH#2 +#1                             [1.8439874782508712   1.48]
line: COOH#2 + O#1 <-> CO2#2 + OH#1                          [  0.280  -0.2400 ] 

new_line: COOH#2 + O#1 <-> CO2#2 + OH#1                          [1.450768607534535   -0.24]
line: COOH#2 + #1 <-> CO2#2 + H#1                            [  3.73   -0.4700 ] 

new_line: COOH#2 + #1 <-> CO2#2 + H#1                            [1.26220875214866   -0.47]
line: H#1 + OH#1 <-> H2O#1 + #1                              [  1.89    1.8900 ] 

new_line: H#1 + OH#1 <-> H2O#1 + #1                              [1.9236702874375229   1.89]
line: OH#1 + OH#1 <-> H2O#1 + O#1                            [  1.600   1.6400 ] 

new_line: OH#1 + OH#1 <-> H2O#1 + O#1                            [2.833468751330675   1.64]
line: 224865
H#2 + OH#1 <-> H2O#1 + #2                              [  1.96    1.2300 ] 

new_line: H#2 + OH#1 <-> H2O#1 + #2                              [1.9537089813272472   1.23]
line: CO2#1 <-> CO2 + #1                                     [  0.329  -0.3100 ] 

new_line: CO2#1 <-> CO2 + #1                                     [1.2476167286001452   -0.31]
line: CO2#2 <-> CO2 + #2                                     [ -0.824  -1.4300 ] 

new_line: CO2#2 <-> CO2 + #2                                     [0.8488735802484616   -1.43]
line: H2O#1 <-> H2O + #1                                     [ -0.227  -0.8400 ] 

new_line: H2O#1 <-> H2O + #1                                     [1.0241445984723003   -0.84]
wait
C
R
C
R
C
R
C
R
C
R
C
R
C
R
R
R
Run log in the file : /home/hxyang/my_Code/matlab_NN/test_sasian/test_new/test_67/1.5/result_1/log48
last_line: Run log in the file : /home/hxyang/my_Code/matlab_NN/test_sasian/test_new/test_67/1.5/result_1/log48 log_n 48
line: CO + #1 <-> CO#1                                       [  0.626   0.7300 ] 

new_line: CO + #1 <-> CO#1                                       [2.178373407293149   0.73]
line: CO + #2 <-> CO#2                                       [  0.593   0.9100 ] 

new_line: CO + #2 <-> CO#2                                       [2.181430731206675   0.91]
line: H2 + #1 <-> H2#1                                       [  0.549   0.9500 ] 

new_line: H2 + #1 <-> H2#1                                       [2.0521207662464818   0.95]
line: H2#1 + #2 <-> H#1 + H#2                                [  0.430  -0.7100 ] 

new_line: H2#1 + #2 <-> H#1 + H#2                                [0.5950306941197724   -0.71]
line: H#2 + #1 <-> H#1 + #2                                  [     0   -0.6400 ] 

new_line: H#2 + #1 <-> H#1 + #2                                  [0.6053015671216329   -0.64]
line: CO#1 + H#1 <-> CHO#1 + #1                              [  0.620   0.5900 ] 

new_line: CO#1 + H#1 <-> CHO#1 + #1                              [1.878353980367789   0.59]
line: CO#1 + H#1 <-> COH#1 + #1                              [  2.220   1.9400 ] 

new_line: CO#1 + H#1 <-> COH#1 + #1                              [2.165174122315675   1.94]
line: CHO#1 + H#1 <-> CH2O#1 + #1                            [  0.290  -0.3200 ] 

new_line: CHO#1 + H#1 <-> CH2O#1 + #1                            [0.9002433890214296   -0.32]
line: CHO#1 + H#1 <-> CHOH#1 + #1                            [  1.42    0.4200 ] 

new_line: CHO#1 + H#1 <-> CHOH#1 + #1                            [1.3367580120245457   0.42]
line: CH2O#1 + H#1 <-> CH3O#1 + #1                           [  0.850  -0.0100 ] 

new_line: CH2O#1 + H#1 <-> CH3O#1 + #1                           [1.3222801512080236   -0.01]
line: CH2O#1 + H#1 <-> CH2OH#1 + #1                          [  2.71    1.5800 ] 

new_line: CH2O#1 + H#1 <-> CH2OH#1 + #1                          [2.3953130525256325   1.58]
line: COH#1 + H#1 <-> CHOH#1 + #1                            [  0.55   -0.9400 ] 

new_line: COH#1 + H#1 <-> CHOH#1 + #1                            [0.9505048685998495   -0.94]
line: CHOH#1 + H#1 <-> CH2OH#1 + #1                          [  1.66    0.8400 ] 

new_line: CHOH#1 + H#1 <-> CH2OH#1 + #1                          [1.1237768290544718   0.84]
line: CH2OH#1 + H#1 <-> CH3OH#1 + #1                         [  1.04    0.3100 ] 

new_line: CH2OH#1 + H#1 <-> CH3OH#1 + #1                         [1.3750669702790734   0.31]
line: CH3O#1 + H#1 <-> CH3OH#1 + #1                          [  1.91    1.9100 ] 

new_line: CH3O#1 + H#1 <-> CH3OH#1 + #1                          [3.0006548827   1.91]
line: CH2O#1 <-> CH2O + #1                                   [  0.848   0.2200 ] 

new_line: CH2O#1 <-> CH2O + #1                                   [0.4569961022185049   0.22]
line: CH3OH#1 <-> CH3OH + #1                                 [ -0.79   -1.4200 ] 

new_line: CH3OH#1 <-> CH3OH + #1                                 [0.3159288585583101   -1.42]
line: CHO#1 + #1 <-> CH#1 + O#1                              [  0.22   -0.9300 ] 

new_line: CHO#1 + #1 <-> CH#1 + O#1                              [0.463534190002732   -0.93]
line: CH2O#1 + #1 <-> CH2#1 + O#1                            [  1.08   -1.070  ] 

new_line: CH2O#1 + #1 <-> CH2#1 + O#1                            [1.3082215599208855   -1.07]
line: CH2O#1 + #2 <-> CH2#2 + O#1                            [  2.68    0.2900 ] 

new_line: CH2O#1 + #2 <-> CH2#2 + O#1                            [0.5018645089990708   0.29]
line: CHOH#1 + #1 <-> CH#1 + OH#1                            [  0.36   -1.1200 ] 

new_line: CHOH#1 + #1 <-> CH#1 + OH#1                            [0.28677856707359345   -1.12]
line: CH2OH#1 + #1 <-> CH2#1 + OH#1                          [  1.22   -2.4200 ] 

new_line: CH2OH#1 + #1 <-> CH2#1 + OH#1                          [0.5633169824457956   -2.42]
line: CH2OH#1 + #2 <-> CH2#2 + OH#1                          [  0.30   -1.0600 ] 

new_line: CH2OH#1 + #2 <-> CH2#2 + OH#1                          [1.3940532288996288   -1.06]
line: CH3O#1 + #1 <-> CH3#1 + O#1                            [  1.83   -0.5400 ] 

new_line: CH3O#1 + #1 <-> CH3#1 + O#1                            [1.0296546198964518   -0.54]
line: CH3O#1 + #2 <-> CH3#2 + O#1                            [  1.77   -0.5300 ] 

new_line: CH3O#1 + #2 <-> CH3#2 + O#1                            [0.8641057099355836   -0.53]
line: CH3OH#1 + #1 <-> CH3#1 + OH#1                          [  0.53   -2.2200 ] 

new_line: CH3OH#1 + #1 <-> CH3#1 + OH#1                          [0.9376345684184367   -2.22]
line: CH3OH#1 + #2 <-> CH3#2 + OH#1                          [  0.74   -2.2100 ] 

new_line: CH3OH#1 + #2 <-> CH3#2 + OH#1                          [0.4860825418640593   -2.21]
line: CH#1 + H#1 <-> CH2#1 + #1                              [  0.94   -0.460  ] 

new_line: CH#1 + H#1 <-> CH2#1 + #1                              [0.1752318200069659   -0.46]
line: CH#1 + OH#1 <-> CH2#1 + O#1                            [  0.53   -0.6900 ] 

new_line: CH#1 + OH#1 <-> CH2#1 + O#1                            [0.5243180877919353   -0.69]
line: CH2#1 + H#1 <-> CH3#1 + #1                             [  1.57    0.51   ] 

new_line: CH2#1 + H#1 <-> CH3#1 + #1                             [0.5834300523489215   0.51]
line: CH2#2 + H#1 <-> CH3#2 + #1                             [  0.55   -0.84   ] 

new_line: CH2#2 + H#1 <-> CH3#2 + #1                             [1.3925343064911129   -0.84]
line: CH2#2 + OH#1 <->CH3#2 + O#1                            [  0.74   -1.07   ] 

new_line: CH2#2 + OH#1 <->CH3#2 + O#1                            [0.2400444745780976   -1.07]
line: CH2#1 + OH#1 <->CH3#1 + O#1                            [  0.87    0.28   ] 

new_line: CH2#1 + OH#1 <->CH3#1 + O#1                            [1.308285103536006   0.28]
line: CH3#2 + H#2 <-> CH4 + #2 + #2                          [  1.15   -1.710  ] 

new_line: CH3#2 + H#2 <-> CH4 + #2 + #2                          [1.2956888874539552   -1.71]
line: CH3#2 + OH#1 <-> CH4 + #2 + O#1                        [  0.75   -1.30   ] 

new_line: CH3#2 + OH#1 <-> CH4 + #2 + O#1                        [1.4298310615974743   -1.3]
line: CH3#2 + H#1 <-> CH4 + #1 + #2                          [  1.27   -1.07   ] 

new_line: CH3#2 + H#1 <-> CH4 + #1 + #2                          [0.5718469645334308   -1.07]
line: CH3#1 + H#2 <-> CH4 + #1 + #2                          [  1.11   -1.70   ] 

new_line: CH3#1 + H#2 <-> CH4 + #1 + #2                          [0.5512066009268415   -1.7]
line: CH3#1 + H#1 <-> CH4 + #1+ #1                           [  1.68   -1.06   ] 

new_line: CH3#1 + H#1 <-> CH4 + #1+ #1                           [1.4537641451446115   -1.06]
line: CH3#1 + OH#1 <-> CH4 + #1+ O#1                         [  0.79   -1.29   ] 

new_line: CH3#1 + OH#1 <-> CH4 + #1+ O#1                         [0.5757368524607901   -1.29]
line: CHO#1 + CO#1 <-> CH#1 + CO2#1                          [  1.14   -0.6300 ] 

new_line: CHO#1 + CO#1 <-> CH#1 + CO2#1                          [0.8369277656552327   -0.63]
line: CH2O#1 + CO#1 <-> CH2#1 + CO2#1                        [  1.930  -0.7800 ] 

new_line: CH2O#1 + CO#1 <-> CH2#1 + CO2#1                        [0.22008570653578474   -0.78]
224866
line: CH3O#1 + CO#1 <-> CH3#1 + CO2#1                        [  2.59   -0.2500 ] 

new_line: CH3O#1 + CO#1 <-> CH3#1 + CO2#1                        [1.2386270355382325   -0.25]
line: CHO#1 + CO#2 <-> CH#1 + CO2#2                          [  2.35    0.3100 ] 

new_line: CHO#1 + CO#2 <-> CH#1 + CO2#2                          [0.8546215448333203   0.31]
line: CH2O#1 + CO#2 <-> CH2#1 + CO2#2                        [  2.55    0.1700 ] 

new_line: CH2O#1 + CO#2 <-> CH2#1 + CO2#2                        [1.6350984229642376   0.17]
line: CH3O#1 + CO#2 <-> CH3#1 + CO2#2                        [  3.32    0.7000 ] 

new_line: CH3O#1 + CO#2 <-> CH3#1 + CO2#2                        [1.5563786771990866   0.7]
line: CH2#1 + CO#2 <-> CH2CO#1 + #2                          [  0.50    0.2800 ] 

new_line: CH2#1 + CO#2 <-> CH2CO#1 + #2                          [1.737240799344871   0.28]
line: CH2#1 + CO#1 <-> CH2CO#1 + #1                          [  0.88    0.4600 ] 

new_line: CH2#1 + CO#1 <-> CH2CO#1 + #1                          [0.6163230569872941   0.46]
line: CH2#2 + CO#2 <-> CH2CO#2 +#2                           [  0.20   -0.6300 ] 

new_line: CH2#2 + CO#2 <-> CH2CO#2 +#2                           [0.8665486975103596   -0.63]
line: CH3#1 + CO#2 <-> CH3CO#1 + #2                          [  0.62    0.5000 ] 

new_line: CH3#1 + CO#2 <-> CH3CO#1 + #2                          [1.5808239658739174   0.5]
line: CH3#1 + CO#1 <-> CH3CO#1 + #1                          [  0.97    0.6700 ] 

new_line: CH3#1 + CO#1 <-> CH3CO#1 + #1                          [0.9394112168734583   0.67]
line: CH3#2 + CO#2 <-> CH3CO#2 +#2                           [  0.53   -0.1000 ] 

new_line: CH3#2 + CO#2 <-> CH3CO#2 +#2                           [1.1762275173344023   -0.1]
line: CH3CO#1 + #1 <-> CH2CO#1 + H#1                         [  0.21   -0.7300 ] 

new_line: CH3CO#1 + #1 <-> CH2CO#1 + H#1                         [1.021223690028326   -0.73]
line: CH3CO#1 + O#1 <-> CH2CO#1 + OH#1                       [  0.00   -0.4000 ] 

new_line: CH3CO#1 + O#1 <-> CH2CO#1 + OH#1                       [0.029710506794774702   -0.4]
line: CH3CO#2 + #1 <-> CH2CO#2 + H#1                         [  1.89    0.3200 ] 

new_line: CH3CO#2 + #1 <-> CH2CO#2 + H#1                         [0.9093227132716202   0.32]
line: CH3CO#2 + O#1 <-> CH2CO#2 + OH#1                       [  2.31    0.5400 ] 

new_line: CH3CO#2 + O#1 <-> CH2CO#2 + OH#1                       [0.7550763535796642   0.54]
line: CH2CO#1 <-> CH2CO + #1                                 [ -0.093  -0.730  ] 

new_line: CH2CO#1 <-> CH2CO + #1                                 [0.7703730813986794   -0.73]
line: CH2CO#2 <-> CH2CO + #2                                 [ -0.575  -1.180  ] 

new_line: CH2CO#2 <-> CH2CO + #2                                 [0.27362162580312865   -1.18]
line: CO#2 + O#1 <-> CO2#1 + #2                              [  0.15    0.1200 ] 

new_line: CO#2 + O#1 <-> CO2#1 + #2                              [1.0561557213892168   0.12]
line: CO#2 + OH#1 <-> COOH#2 +#1                             [  1.7800  1.4800 ] 

new_line: CO#2 + OH#1 <-> COOH#2 +#1                             [2.952325709235014   1.48]
line: COOH#2 + O#1 <-> CO2#2 + OH#1                          [  0.280  -0.2400 ] 

new_line: COOH#2 + O#1 <-> CO2#2 + OH#1                          [0.8143588098538966   -0.24]
line: COOH#2 + #1 <-> CO2#2 + H#1                            [  3.73   -0.4700 ] 

new_line: COOH#2 + #1 <-> CO2#2 + H#1                            [1.1983314864848669   -0.47]
line: H#1 + OH#1 <-> H2O#1 + #1                              [  1.89    1.8900 ] 

new_line: H#1 + OH#1 <-> H2O#1 + #1                              [1.9746844882268253   1.89]
line: OH#1 + OH#1 <-> H2O#1 + O#1                            [  1.600   1.6400 ] 

new_line: OH#1 + OH#1 <-> H2O#1 + O#1                            [2.445366975821509   1.64]
line: H#2 + OH#1 <-> H2O#1 + #2                              [  1.96    1.2300 ] 

new_line: H#2 + OH#1 <-> H2O#1 + #2                              [1.6834939627748902   1.23]
line: CO2#1 <-> CO2 + #1                                     [  0.329  -0.3100 ] 

new_line: CO2#1 <-> CO2 + #1                                     [1.1497761459280946   -0.31]
line: CO2#2 <-> CO2 + #2                                     [ -0.824  -1.4300 ] 

new_line: CO2#2 <-> CO2 + #2                                     [0.8728098191913275   -1.43]
line: H2O#1 <-> H2O + #1                                     [ -0.227  -0.8400 ] 

new_line: H2O#1 <-> H2O + #1                                     [0.04719014231458239   -0.84]
wait
C
R
C
R
C
R
C
R
C
R
C
R
C
R
Run log in the file : /home/hxyang/my_Code/matlab_NN/test_sasian/test_new/test_67/1.5/result_1/log49
last_line: Run log in the file : /home/hxyang/my_Code/matlab_NN/test_sasian/test_new/test_67/1.5/result_1/log49 log_n 49
line: CO + #1 <-> CO#1                                       [  0.626   0.7300 ] 

new_line: CO + #1 <-> CO#1                                       [2.2257403650886682   0.73]
line: CO + #2 <-> CO#2                                       [  0.593   0.9100 ] 

new_line: CO + #2 <-> CO#2                                       [1.4156581932729324   0.91]
line: H2 + #1 <-> H2#1                                       [  0.549   0.9500 ] 

new_line: H2 + #1 <-> H2#1                                       [1.6445284908223108   0.95]
line: H2#1 + #2 <-> H#1 + H#2                                [  0.430  -0.7100 ] 

new_line: H2#1 + #2 <-> H#1 + H#2                                [0.18978630876815325   -0.71]
line: H#2 + #1 <-> H#1 + #2                                  [     0   -0.6400 ] 

new_line: H#2 + #1 <-> H#1 + #2                                  [0.3722061189965685   -0.64]
line: CO#1 + H#1 <-> CHO#1 + #1                              [  0.620   0.5900 ] 

new_line: CO#1 + H#1 <-> CHO#1 + #1                              [1.5024536862453723   0.59]
line: CO#1 + H#1 <-> COH#1 + #1                              [  2.220   1.9400 ] 

new_line: CO#1 + H#1 <-> COH#1 + #1                              [3.2975789823592776   1.94]
line: CHO#1 + H#1 <-> CH2O#1 + #1                            [  0.290  -0.3200 ] 

new_line: CHO#1 + H#1 <-> CH2O#1 + #1                            [0.4004418574557611   -0.32]
line: CHO#1 + H#1 <-> CHOH#1 + #1                            [  1.42    0.4200 ] 

new_line: CHO#1 + H#1 <-> CHOH#1 + #1                            [0.8218635825299891   0.42]
line: CH2O#1 + H#1 <-> CH3O#1 + #1                           [  0.850  -0.0100 ] 

new_line: CH2O#1 + H#1 <-> CH3O#1 + #1                           [0.7500339630545017   -0.01]
line: CH2O#1 + H#1 <-> CH2OH#1 + #1                          [  2.71    1.5800 ] 

new_line: CH2O#1 + H#1 <-> CH2OH#1 + #1                          [2.1566934157141366   1.58]
line: COH#1 + H#1 <-> CHOH#1 + #1                            [  0.55   -0.9400 ] 

new_line: COH#1 + H#1 <-> CHOH#1 + #1                            [0.6931803184447183   -0.94]
line: CHOH#1 + H#1 <-> CH2OH#1 + #1                          [  1.66    0.8400 ] 

new_line: CHOH#1 + H#1 <-> CH2OH#1 + #1                          [2.061098783755671   0.84]
line: CH2OH#1 + H#1 <-> CH3OH#1 + #1                         [  1.04    0.3100 ] 

new_line: CH2OH#1 + H#1 <-> CH3OH#1 + #1                         [0.9831600685961686   0.31]
line: CH3O#1 + H#1 <-> CH3OH#1 + #1                          [  1.91    1.9100 ] 

new_line: CH3O#1 + H#1 <-> CH3OH#1 + #1                          [3.2747285057120488   1.91]
line: CH2O#1 <-> CH2O + #1                                   [  0.848   0.2200 ] 

new_line: CH2O#1 <-> CH2O + #1                                   [1.3688267950646238   0.22]
line: CH3OH#1 <-> CH3OH + #1                                 [ -0.79   -1.4200 ] 

new_line: CH3OH#1 <-> CH3OH + #1                                 [0.09711297029874119   -1.42]
line: CHO#1 + #1 <-> CH#1 + O#1                              [  0.22   -0.9300 ] 

new_line: CHO#1 + #1 <-> CH#1 + O#1                              [0.17800515655937557   -0.93]
line: CH2O#1 + #1 <-> CH2#1 + O#1                            [  1.08   -1.070  ] 

new_line: CH2O#1 + #1 <-> CH2#1 + O#1                            [1.360237627117867   -1.07]
line: CH2O#1 + #2 <-> CH2#2 + O#1                            [  2.68    0.2900 ] 

new_line: CH2O#1 + #2 <-> CH2#2 + O#1                            [1.4174607692951453   0.29]
line: CHOH#1 + #1 <-> CH#1 + OH#1                            [  0.36   -1.1200 ] 

new_line: CHOH#1 + #1 <-> CH#1 + OH#1                            [0.7336040662893712   -1.12]
line: CH2OH#1 + #1 <-> CH2#1 + OH#1                          [  1.22   -2.4200 ] 

new_line: CH2OH#1 + #1 <-> CH2#1 + OH#1                          [1.4839378808257317   -2.42]
line: CH2OH#1 + #2 <-> CH2#2 + OH#1                          [  0.30   -1.0600 ] 

new_line: CH2OH#1 + #2 <-> CH2#2 + OH#1                          [0.798525451712949   -1.06]
line: CH3O#1 + #1 <-> CH3#1 + O#1                            [  1.83   -0.5400 ] 

new_line: CH3O#1 + #1 <-> CH3#1 + O#1                            [0.3400708284811659   -0.54]
line: CH3O#1 + #2 <-> CH3#2 + O#1                            [  1.77   -0.5300 ] 

new_line: CH3O#1 + #2 <-> CH3#2 + O#1                            [0.2724234704438479   -0.53]
line: CH3OH#1 + #1 <-> CH3#1 + OH#1                          [  0.53   -2.2200 ] 

new_line: CH3OH#1 + #1 <-> CH3#1 + OH#1                          [1.0654239293785683   -2.22]
line: CH3OH#1 + #2 <-> CH3#2 + OH#1                          [  0.74   -2.2100 ] 

new_line: CH3OH#1 + #2 <-> CH3#2 + OH#1                          [0.9163865355188456   -2.21]
line: CH#1 + H#1 <-> CH2#1 + #1                              [  0.94   -0.460  ] 

new_line: CH#1 + H#1 <-> CH2#1 + #1                              [0.45153527328844567   -0.46]
line: CH#1 + OH#1 <-> CH2#1 + O#1                            [  0.53   -0.6900 ] 

new_line: CH#1 + OH#1 <-> CH2#1 + O#1                            [0.4056799203475431   -0.69]
line: CH2#1 + H#1 <-> CH3#1 + #1                             [  1.57    0.51   ] 

new_line: CH2#1 + H#1 <-> CH3#1 + #1                             [1.5852660941311005   0.51]
line: CH2#2 + H#1 <-> CH3#2 + #1                             [  0.55   -0.84   ] 

new_line: CH2#2 + H#1 <-> CH3#2 + #1                             [1.295940326923444   -0.84]
line: CH2#2 + OH#1 <->CH3#2 + O#1                            [  0.74   -1.07   ] 

new_line: CH2#2 + OH#1 <->CH3#2 + O#1                            [1.3384078972225677   -1.07]
line: CH2#1 + OH#1 <->CH3#1 + O#1                            [  0.87    0.28   ] 

new_line: CH2#1 + OH#1 <->CH3#1 + O#1                            [1.688528735468166   0.28]
line: CH3#2 + H#2 <-> CH4 + #2 + #2                          [  1.15   -1.710  ] 

new_line: CH3#2 + H#2 <-> CH4 + #2 + #2                          [0.6899940967615661   -1.71]
line: CH3#2 + OH#1 <-> CH4 + #2 + O#1                        [  0.75   -1.30   ] 

new_line: CH3#2 + OH#1 <-> CH4 + #2 + O#1                        [0.8435090131602422   -1.3]
line: CH3#2 + H#1 <-> CH4 + #1 + #2                          [  1.27   -1.07   ] 

new_line: CH3#2 + H#1 <-> CH4 + #1 + #2                          [1.1889954840117813   -1.07]
line: CH3#1 + H#2 <-> CH4 + #1 + #2                          [  1.11   -1.70   ] 

new_line: CH3#1 + H#2 <-> CH4 + #1 + #2                          [0.1041361274642103   -1.7]
line: CH3#1 + H#1 <-> CH4 + #1+ #1                           [  1.68   -1.06   ] 

new_line: CH3#1 + H#1 <-> CH4 + #1+ #1                           [0.09431408202925808   -1.06]
line: CH3#1 + OH#1 <-> CH4 + #1+ O#1                         [  0.79   -1.29   ] 

new_line: CH3#1 + OH#1 <-> CH4 + #1+ O#1                         [1.1760566423593677   -1.29]
line: CHO#1 + CO#1 <-> CH#1 + CO2#1                          [  1.14   -0.6300 ] 

new_line: CHO#1 + CO#1 <-> CH#1 + CO2#1                          [0.008163277195429785   -0.63]
line: CH2O#1 + CO#1 <-> CH2#1 + CO2#1                        [  1.930  -0.7800 ] 

new_line: CH2O#1 + CO#1 <-> CH2#1 + CO2#1                        [0.9194565449615637   -0.78]
line: CH3O#1 + CO#1 <-> CH3#1 + CO2#1                        [  2.59   -0.2500 ] 

new_line: CH3O#1 + CO#1 <-> CH3#1 + CO2#1                        [0.08871202805944216   -0.25]
line: CHO#1 + CO#2 <-> CH#1 + CO2#2                          [  2.35    0.3100 ] 

new_line: CHO#1 + CO#2 <-> CH#1 + CO2#2                          [0.6794860037482984   0.31]
line: CH2O#1 + CO#2 <-> CH2#1 + CO2#2                        [  2.55    0.1700 ] 

new_line: CH2O#1 + CO#2 <-> CH2#1 + CO2#2                        [1.0070716400337485   0.17]
line: CH3O#1 + CO#2 <-> CH3#1 + CO2#2                        [  3.32    0.7000 ] 

new_line: CH3O#1 + CO#2 <-> CH3#1 + CO2#2                        [1.081222109913991   0.7]
line: CH2#1 + CO#2 <-> CH2CO#1 + #2                          [  0.50    0.2800 ] 

new_line: CH2#1 + CO#2 <-> CH2CO#1 + #2                          [1.4740994440724768   0.28]
line: CH2#1 + CO#1 <-> CH2CO#1 + #1                          [  0.88    0.4600 ] 

new_line: CH2#1 + CO#1 <-> CH2CO#1 + #1                          [1.5829898070700192   0.46]
line: CH2#2 + CO#2 <-> CH2CO#2 +#2                           [  0.20   -0.6300 ] 

new_line: CH2#2 + CO#2 <-> CH2CO#2 +#2                           [0.3442530918280535   -0.63]
line: CH3#1 + CO#2 <-> CH3CO#1 + #2                          [  0.62    0.5000 ] 

new_line: CH3#1 + CO#2 <-> CH3CO#1 + #2                          [1.7372524718935183   0.5]
line: CH3#1 + CO#1 <-> CH3CO#1 + #1                          [  0.97    0.6700 ] 

new_line: CH3#1 + CO#1 <-> CH3CO#1 + #1                          [1.7280601070675887   0.67]
line: CH3#2 + CO#2 <-> CH3CO#2 +#2                           [  0.53   -0.1000 ] 

new_line: CH3#2 + CO#2 <-> CH3CO#2 +#2                           [0.40710554222278533   -0.1]
line: CH3CO#1 + #1 <-> CH2CO#1 + H#1                         [  0.21   -0.7300 ] 

new_line: CH3CO#1 + #1 <-> CH2CO#1 + H#1                         [0.8456264230327801   -0.73]
line: CH3CO#1 + O#1 <-> CH2CO#1 + OH#1                       [  0.00   -0.4000 ] 

new_line: CH3CO#1 + O#1 <-> CH2CO#1 + OH#1                       [0.2791277881610641   -0.4]
line: CH3CO#2 + #1 <-> CH2CO#2 + H#1                         [  1.89    0.3200 ] 

new_line: CH3CO#2 + #1 <-> CH2CO#2 + H#1                         [0.7564801442665317   0.32]
line: CH3CO#2 + O#1 <-> CH2CO#2 + OH#1                       [  2.31    0.5400 ] 

new_line: CH3CO#2 + O#1 <-> CH2CO#2 + OH#1                       [1.175677068641427   0.54]
line: CH2CO#1 <-> CH2CO + #1                                 [ -0.093  -0.730  ] 

new_line: CH2CO#1 <-> CH2CO + #1                                 [1.055978323826521   -0.73]
line: CH2CO#2 <-> CH2CO + #2                                 [ -0.575  -1.180  ] 

new_line: CH2CO#2 <-> CH2CO + #2                                 [0.40856797832227587   -1.18]
line: CO#2 + O#1 <-> CO2#1 + #2                              [  0.15    0.1200 ] 

new_line: CO#2 + O#1 <-> CO2#1 + #2                              [0.40454418611936815   0.12]
line: CO#2 + OH#1 <-> COOH#2 +#1                             [  1.7800  1.4800 ] 

new_line: CO#2 + OH#1 <-> COOH#2 +#1                             [1.783568855533298   1.48]
line: COOH#2 + O#1 <-> CO2#2 + OH#1                          [  0.280  -0.2400 ] 

new_line: COOH#2 + O#1 <-> CO2#2 + OH#1                          [1.2291503911411865   -0.24]
line: COOH#2 + #1 <-> CO2#2 + H#1                            [  3.73   -0.4700 ] 

new_line: COOH#2 + #1 <-> CO2#2 + H#1                            [0.4337884436593696   -0.47]
line: H#1 + OH#1 <-> H2O#1 + #1                              [  1.89    1.8900 ] 

new_line: H#1 + OH#1 <-> H2O#1 + #1                              [2.054994062762971   1.89]
line: OH#1 + OH#1 <-> H2O#1 + O#1                            [  1.600   1.6400 ] 

new_line: OH#1 + OH#1 <-> H2O#1 + O#1                            [2.814186204213863   1.64]
line: H#2 + OH#1 <-> H2O#1 + #2                              [  1.96    1.2300 ] 

new_line: H#2 + OH#1 <-> H2O#1 + #2                              [2.1816649571059585   1.23]
line: CO2#1 <-> CO2 + #1                                     [  0.329  -0.3100 ] 

new_line: CO2#1 <-> CO2 + #1                                     [1.0784241891804234   -0.31]
line: 224867
CO2#2 <-> CO2 + #2                                     [ -0.824  -1.4300 ] 

new_line: CO2#2 <-> CO2 + #2                                     [1.263702392921348   -1.43]
line: H2O#1 <-> H2O + #1                                     [ -0.227  -0.8400 ] 

new_line: H2O#1 <-> H2O + #1                                     [1.3085776009827146   -0.84]
wait
C
R
C
R
C
R
C
R
C
R
C
R
C
R
R
R
Run log in the file : /home/hxyang/my_Code/matlab_NN/test_sasian/test_new/test_67/1.5/result_1/log50
last_line: Run log in the file : /home/hxyang/my_Code/matlab_NN/test_sasian/test_new/test_67/1.5/result_1/log50 log_n 50
